sku,fecha,cantidad,centro_distribucion
SKU_001,2024-01-08,102,CD_NORTE
SKU_001,2024-01-15,128,CD_NORTE
SKU_001,2024-01-22,144,CD_NORTE
SKU_001,2024-01-29,124,CD_NORTE
SKU_001,2024-02-05,142,CD_NORTE
SKU_001,2024-02-12,140,CD_NORTE
SKU_001,2024-02-19,144,CD_NORTE
SKU_001,2024-02-26,138,CD_NORTE
SKU_001,2024-03-04,137,CD_NORTE
SKU_001,2024-03-11,145,CD_NORTE
SKU_001,2024-03-18,152,CD_NORTE
SKU_001,2024-03-25,137,CD_NORTE
SKU_001,2024-04-01,151,CD_NORTE
SKU_001,2024-04-08,148,CD_NORTE
SKU_001,2024-04-15,167,CD_NORTE
SKU_001,2024-04-22,147,CD_NORTE
SKU_001,2024-04-29,140,CD_NORTE
SKU_001,2024-05-06,178,CD_NORTE
SKU_001,2024-05-13,113,CD_NORTE
SKU_001,2024-05-20,163,CD_NORTE
SKU_001,2024-05-27,157,CD_NORTE
SKU_001,2024-06-03,125,CD_NORTE
SKU_001,2024-06-10,159,CD_NORTE
SKU_001,2024-06-17,145,CD_NORTE
SKU_001,2024-06-24,132,CD_NORTE
SKU_001,2024-07-01,117,CD_NORTE
SKU_001,2024-07-08,143,CD_NORTE
SKU_001,2024-07-15,121,CD_NORTE
SKU_001,2024-07-22,108,CD_NORTE
SKU_001,2024-07-29,123,CD_NORTE
SKU_001,2024-08-05,120,CD_NORTE
SKU_001,2024-08-12,126,CD_NORTE
SKU_001,2024-08-19,121,CD_NORTE
SKU_001,2024-08-26,142,CD_NORTE
SKU_001,2024-09-02,133,CD_NORTE
SKU_001,2024-09-09,118,CD_NORTE
SKU_001,2024-09-16,105,CD_NORTE
SKU_001,2024-09-23,138,CD_NORTE
SKU_001,2024-09-30,132,CD_NORTE
SKU_001,2024-10-07,162,CD_NORTE
SKU_001,2024-10-14,123,CD_NORTE
SKU_001,2024-10-21,145,CD_NORTE
SKU_001,2024-10-28,127,CD_NORTE
SKU_001,2024-11-04,122,CD_NORTE
SKU_001,2024-11-11,98,CD_NORTE
SKU_001,2024-11-18,135,CD_NORTE
SKU_001,2024-11-25,110,CD_NORTE
SKU_001,2024-12-02,117,CD_NORTE
SKU_001,2024-12-09,126,CD_NORTE
SKU_001,2024-12-16,125,CD_NORTE
SKU_001,2024-12-23,105,CD_NORTE
SKU_001,2024-12-30,119,CD_NORTE
SKU_001,2025-01-06,149,CD_NORTE
SKU_001,2025-01-13,147,CD_NORTE
SKU_001,2025-01-20,149,CD_NORTE
SKU_001,2025-01-27,142,CD_NORTE
SKU_001,2025-02-03,152,CD_NORTE
SKU_001,2025-02-10,147,CD_NORTE
SKU_001,2025-02-17,141,CD_NORTE
SKU_001,2025-02-24,164,CD_NORTE
SKU_001,2025-03-03,142,CD_NORTE
SKU_001,2025-03-10,135,CD_NORTE
SKU_001,2025-03-17,167,CD_NORTE
SKU_001,2025-03-24,169,CD_NORTE
SKU_001,2025-03-31,124,CD_NORTE
SKU_001,2025-04-07,159,CD_NORTE
SKU_001,2025-04-14,116,CD_NORTE
SKU_001,2025-04-21,166,CD_NORTE
SKU_001,2025-04-28,133,CD_NORTE
SKU_001,2025-05-05,160,CD_NORTE
SKU_001,2025-05-12,136,CD_NORTE
SKU_001,2025-05-19,150,CD_NORTE
SKU_001,2025-05-26,122,CD_NORTE
SKU_001,2025-06-02,138,CD_NORTE
SKU_001,2025-06-09,140,CD_NORTE
SKU_001,2025-06-16,154,CD_NORTE
SKU_001,2025-06-23,167,CD_NORTE
SKU_001,2025-06-30,145,CD_NORTE
SKU_001,2025-07-07,139,CD_NORTE
SKU_001,2025-07-14,115,CD_NORTE
SKU_001,2025-07-21,107,CD_NORTE
SKU_001,2025-07-28,132,CD_NORTE
SKU_001,2025-08-04,129,CD_NORTE
SKU_001,2025-08-11,135,CD_NORTE
SKU_001,2025-08-18,135,CD_NORTE
SKU_001,2025-08-25,129,CD_NORTE
SKU_001,2025-09-01,98,CD_NORTE
SKU_001,2025-09-08,135,CD_NORTE
SKU_001,2025-09-15,118,CD_NORTE
SKU_001,2025-09-22,104,CD_NORTE
SKU_001,2025-09-29,112,CD_NORTE
SKU_001,2025-10-06,97,CD_NORTE
SKU_001,2025-10-13,113,CD_NORTE
SKU_001,2025-10-20,131,CD_NORTE
SKU_001,2025-10-27,115,CD_NORTE
SKU_001,2025-11-03,107,CD_NORTE
SKU_001,2025-11-10,118,CD_NORTE
SKU_001,2025-11-17,130,CD_NORTE
SKU_001,2025-11-24,102,CD_NORTE
SKU_001,2025-12-01,109,CD_NORTE
SKU_001,2025-12-08,129,CD_NORTE
SKU_001,2025-12-15,109,CD_NORTE
SKU_001,2025-12-22,161,CD_NORTE
SKU_001,2025-12-29,130,CD_NORTE
SKU_001,2024-01-08,174,CD_CENTRO
SKU_001,2024-01-15,164,CD_CENTRO
SKU_001,2024-01-22,173,CD_CENTRO
SKU_001,2024-01-29,130,CD_CENTRO
SKU_001,2024-02-05,153,CD_CENTRO
SKU_001,2024-02-12,202,CD_CENTRO
SKU_001,2024-02-19,175,CD_CENTRO
SKU_001,2024-02-26,143,CD_CENTRO
SKU_001,2024-03-04,156,CD_CENTRO
SKU_001,2024-03-11,158,CD_CENTRO
SKU_001,2024-03-18,181,CD_CENTRO
SKU_001,2024-03-25,171,CD_CENTRO
SKU_001,2024-04-01,167,CD_CENTRO
SKU_001,2024-04-08,180,CD_CENTRO
SKU_001,2024-04-15,189,CD_CENTRO
SKU_001,2024-04-22,175,CD_CENTRO
SKU_001,2024-04-29,168,CD_CENTRO
SKU_001,2024-05-06,170,CD_CENTRO
SKU_001,2024-05-13,184,CD_CENTRO
SKU_001,2024-05-20,176,CD_CENTRO
SKU_001,2024-05-27,190,CD_CENTRO
SKU_001,2024-06-03,151,CD_CENTRO
SKU_001,2024-06-10,157,CD_CENTRO
SKU_001,2024-06-17,185,CD_CENTRO
SKU_001,2024-06-24,153,CD_CENTRO
SKU_001,2024-07-01,194,CD_CENTRO
SKU_001,2024-07-08,193,CD_CENTRO
SKU_001,2024-07-15,191,CD_CENTRO
SKU_001,2024-07-22,144,CD_CENTRO
SKU_001,2024-07-29,162,CD_CENTRO
SKU_001,2024-08-05,148,CD_CENTRO
SKU_001,2024-08-12,174,CD_CENTRO
SKU_001,2024-08-19,189,CD_CENTRO
SKU_001,2024-08-26,171,CD_CENTRO
SKU_001,2024-09-02,153,CD_CENTRO
SKU_001,2024-09-09,145,CD_CENTRO
SKU_001,2024-09-16,164,CD_CENTRO
SKU_001,2024-09-23,126,CD_CENTRO
SKU_001,2024-09-30,161,CD_CENTRO
SKU_001,2024-10-07,132,CD_CENTRO
SKU_001,2024-10-14,162,CD_CENTRO
SKU_001,2024-10-21,147,CD_CENTRO
SKU_001,2024-10-28,143,CD_CENTRO
SKU_001,2024-11-04,134,CD_CENTRO
SKU_001,2024-11-11,146,CD_CENTRO
SKU_001,2024-11-18,165,CD_CENTRO
SKU_001,2024-11-25,176,CD_CENTRO
SKU_001,2024-12-02,166,CD_CENTRO
SKU_001,2024-12-09,185,CD_CENTRO
SKU_001,2024-12-16,210,CD_CENTRO
SKU_001,2024-12-23,155,CD_CENTRO
SKU_001,2024-12-30,159,CD_CENTRO
SKU_001,2025-01-06,136,CD_CENTRO
SKU_001,2025-01-13,191,CD_CENTRO
SKU_001,2025-01-20,195,CD_CENTRO
SKU_001,2025-01-27,153,CD_CENTRO
SKU_001,2025-02-03,184,CD_CENTRO
SKU_001,2025-02-10,198,CD_CENTRO
SKU_001,2025-02-17,179,CD_CENTRO
SKU_001,2025-02-24,193,CD_CENTRO
SKU_001,2025-03-03,180,CD_CENTRO
SKU_001,2025-03-10,154,CD_CENTRO
SKU_001,2025-03-17,200,CD_CENTRO
SKU_001,2025-03-24,206,CD_CENTRO
SKU_001,2025-03-31,195,CD_CENTRO
SKU_001,2025-04-07,161,CD_CENTRO
SKU_001,2025-04-14,165,CD_CENTRO
SKU_001,2025-04-21,158,CD_CENTRO
SKU_001,2025-04-28,194,CD_CENTRO
SKU_001,2025-05-05,203,CD_CENTRO
SKU_001,2025-05-12,185,CD_CENTRO
SKU_001,2025-05-19,195,CD_CENTRO
SKU_001,2025-05-26,158,CD_CENTRO
SKU_001,2025-06-02,177,CD_CENTRO
SKU_001,2025-06-09,145,CD_CENTRO
SKU_001,2025-06-16,155,CD_CENTRO
SKU_001,2025-06-23,186,CD_CENTRO
SKU_001,2025-06-30,162,CD_CENTRO
SKU_001,2025-07-07,189,CD_CENTRO
SKU_001,2025-07-14,174,CD_CENTRO
SKU_001,2025-07-21,215,CD_CENTRO
SKU_001,2025-07-28,162,CD_CENTRO
SKU_001,2025-08-04,130,CD_CENTRO
SKU_001,2025-08-11,155,CD_CENTRO
SKU_001,2025-08-18,136,CD_CENTRO
SKU_001,2025-08-25,173,CD_CENTRO
SKU_001,2025-09-01,154,CD_CENTRO
SKU_001,2025-09-08,149,CD_CENTRO
SKU_001,2025-09-15,149,CD_CENTRO
SKU_001,2025-09-22,165,CD_CENTRO
SKU_001,2025-09-29,141,CD_CENTRO
SKU_001,2025-10-06,165,CD_CENTRO
SKU_001,2025-10-13,171,CD_CENTRO
SKU_001,2025-10-20,143,CD_CENTRO
SKU_001,2025-10-27,133,CD_CENTRO
SKU_001,2025-11-03,142,CD_CENTRO
SKU_001,2025-11-10,167,CD_CENTRO
SKU_001,2025-11-17,156,CD_CENTRO
SKU_001,2025-11-24,167,CD_CENTRO
SKU_001,2025-12-01,191,CD_CENTRO
SKU_001,2025-12-08,163,CD_CENTRO
SKU_001,2025-12-15,144,CD_CENTRO
SKU_001,2025-12-22,182,CD_CENTRO
SKU_001,2025-12-29,164,CD_CENTRO
SKU_002,2024-01-08,80,CD_NORTE
SKU_002,2024-01-15,92,CD_NORTE
SKU_002,2024-01-22,70,CD_NORTE
SKU_002,2024-01-29,61,CD_NORTE
SKU_002,2024-02-05,82,CD_NORTE
SKU_002,2024-02-12,63,CD_NORTE
SKU_002,2024-02-19,65,CD_NORTE
SKU_002,2024-02-26,81,CD_NORTE
SKU_002,2024-03-04,74,CD_NORTE
SKU_002,2024-03-11,70,CD_NORTE
SKU_002,2024-03-18,77,CD_NORTE
SKU_002,2024-03-25,72,CD_NORTE
SKU_002,2024-04-01,93,CD_NORTE
SKU_002,2024-04-08,70,CD_NORTE
SKU_002,2024-04-15,68,CD_NORTE
SKU_002,2024-04-22,72,CD_NORTE
SKU_002,2024-04-29,72,CD_NORTE
SKU_002,2024-05-06,81,CD_NORTE
SKU_002,2024-05-13,58,CD_NORTE
SKU_002,2024-05-20,80,CD_NORTE
SKU_002,2024-05-27,71,CD_NORTE
SKU_002,2024-06-03,83,CD_NORTE
SKU_002,2024-06-10,76,CD_NORTE
SKU_002,2024-06-17,81,CD_NORTE
SKU_002,2024-06-24,72,CD_NORTE
SKU_002,2024-07-01,80,CD_NORTE
SKU_002,2024-07-08,91,CD_NORTE
SKU_002,2024-07-15,69,CD_NORTE
SKU_002,2024-07-22,75,CD_NORTE
SKU_002,2024-07-29,72,CD_NORTE
SKU_002,2024-08-05,91,CD_NORTE
SKU_002,2024-08-12,72,CD_NORTE
SKU_002,2024-08-19,69,CD_NORTE
SKU_002,2024-08-26,71,CD_NORTE
SKU_002,2024-09-02,75,CD_NORTE
SKU_002,2024-09-09,69,CD_NORTE
SKU_002,2024-09-16,73,CD_NORTE
SKU_002,2024-09-23,77,CD_NORTE
SKU_002,2024-09-30,75,CD_NORTE
SKU_002,2024-10-07,84,CD_NORTE
SKU_002,2024-10-14,73,CD_NORTE
SKU_002,2024-10-21,74,CD_NORTE
SKU_002,2024-10-28,78,CD_NORTE
SKU_002,2024-11-04,96,CD_NORTE
SKU_002,2024-11-11,69,CD_NORTE
SKU_002,2024-11-18,94,CD_NORTE
SKU_002,2024-11-25,65,CD_NORTE
SKU_002,2024-12-02,78,CD_NORTE
SKU_002,2024-12-09,73,CD_NORTE
SKU_002,2024-12-16,69,CD_NORTE
SKU_002,2024-12-23,82,CD_NORTE
SKU_002,2024-12-30,81,CD_NORTE
SKU_002,2025-01-06,72,CD_NORTE
SKU_002,2025-01-13,57,CD_NORTE
SKU_002,2025-01-20,72,CD_NORTE
SKU_002,2025-01-27,77,CD_NORTE
SKU_002,2025-02-03,76,CD_NORTE
SKU_002,2025-02-10,83,CD_NORTE
SKU_002,2025-02-17,94,CD_NORTE
SKU_002,2025-02-24,80,CD_NORTE
SKU_002,2025-03-03,81,CD_NORTE
SKU_002,2025-03-10,77,CD_NORTE
SKU_002,2025-03-17,87,CD_NORTE
SKU_002,2025-03-24,81,CD_NORTE
SKU_002,2025-03-31,83,CD_NORTE
SKU_002,2025-04-07,92,CD_NORTE
SKU_002,2025-04-14,78,CD_NORTE
SKU_002,2025-04-21,74,CD_NORTE
SKU_002,2025-04-28,80,CD_NORTE
SKU_002,2025-05-05,86,CD_NORTE
SKU_002,2025-05-12,81,CD_NORTE
SKU_002,2025-05-19,86,CD_NORTE
SKU_002,2025-05-26,70,CD_NORTE
SKU_002,2025-06-02,68,CD_NORTE
SKU_002,2025-06-09,71,CD_NORTE
SKU_002,2025-06-16,64,CD_NORTE
SKU_002,2025-06-23,77,CD_NORTE
SKU_002,2025-06-30,72,CD_NORTE
SKU_002,2025-07-07,87,CD_NORTE
SKU_002,2025-07-14,64,CD_NORTE
SKU_002,2025-07-21,90,CD_NORTE
SKU_002,2025-07-28,67,CD_NORTE
SKU_002,2025-08-04,65,CD_NORTE
SKU_002,2025-08-11,68,CD_NORTE
SKU_002,2025-08-18,94,CD_NORTE
SKU_002,2025-08-25,76,CD_NORTE
SKU_002,2025-09-01,81,CD_NORTE
SKU_002,2025-09-08,74,CD_NORTE
SKU_002,2025-09-15,75,CD_NORTE
SKU_002,2025-09-22,71,CD_NORTE
SKU_002,2025-09-29,76,CD_NORTE
SKU_002,2025-10-06,81,CD_NORTE
SKU_002,2025-10-13,91,CD_NORTE
SKU_002,2025-10-20,59,CD_NORTE
SKU_002,2025-10-27,91,CD_NORTE
SKU_002,2025-11-03,81,CD_NORTE
SKU_002,2025-11-10,73,CD_NORTE
SKU_002,2025-11-17,71,CD_NORTE
SKU_002,2025-11-24,86,CD_NORTE
SKU_002,2025-12-01,78,CD_NORTE
SKU_002,2025-12-08,62,CD_NORTE
SKU_002,2025-12-15,79,CD_NORTE
SKU_002,2025-12-22,86,CD_NORTE
SKU_002,2025-12-29,84,CD_NORTE
SKU_002,2024-01-08,183,CD_CENTRO
SKU_002,2024-01-15,158,CD_CENTRO
SKU_002,2024-01-22,171,CD_CENTRO
SKU_002,2024-01-29,152,CD_CENTRO
SKU_002,2024-02-05,164,CD_CENTRO
SKU_002,2024-02-12,156,CD_CENTRO
SKU_002,2024-02-19,160,CD_CENTRO
SKU_002,2024-02-26,169,CD_CENTRO
SKU_002,2024-03-04,142,CD_CENTRO
SKU_002,2024-03-11,198,CD_CENTRO
SKU_002,2024-03-18,139,CD_CENTRO
SKU_002,2024-03-25,135,CD_CENTRO
SKU_002,2024-04-01,180,CD_CENTRO
SKU_002,2024-04-08,173,CD_CENTRO
SKU_002,2024-04-15,170,CD_CENTRO
SKU_002,2024-04-22,170,CD_CENTRO
SKU_002,2024-04-29,158,CD_CENTRO
SKU_002,2024-05-06,141,CD_CENTRO
SKU_002,2024-05-13,159,CD_CENTRO
SKU_002,2024-05-20,145,CD_CENTRO
SKU_002,2024-05-27,176,CD_CENTRO
SKU_002,2024-06-03,155,CD_CENTRO
SKU_002,2024-06-10,142,CD_CENTRO
SKU_002,2024-06-17,152,CD_CENTRO
SKU_002,2024-06-24,166,CD_CENTRO
SKU_002,2024-07-01,147,CD_CENTRO
SKU_002,2024-07-08,142,CD_CENTRO
SKU_002,2024-07-15,163,CD_CENTRO
SKU_002,2024-07-22,163,CD_CENTRO
SKU_002,2024-07-29,148,CD_CENTRO
SKU_002,2024-08-05,149,CD_CENTRO
SKU_002,2024-08-12,162,CD_CENTRO
SKU_002,2024-08-19,131,CD_CENTRO
SKU_002,2024-08-26,131,CD_CENTRO
SKU_002,2024-09-02,144,CD_CENTRO
SKU_002,2024-09-09,154,CD_CENTRO
SKU_002,2024-09-16,164,CD_CENTRO
SKU_002,2024-09-23,186,CD_CENTRO
SKU_002,2024-09-30,174,CD_CENTRO
SKU_002,2024-10-07,155,CD_CENTRO
SKU_002,2024-10-14,158,CD_CENTRO
SKU_002,2024-10-21,139,CD_CENTRO
SKU_002,2024-10-28,158,CD_CENTRO
SKU_002,2024-11-04,153,CD_CENTRO
SKU_002,2024-11-11,164,CD_CENTRO
SKU_002,2024-11-18,142,CD_CENTRO
SKU_002,2024-11-25,168,CD_CENTRO
SKU_002,2024-12-02,187,CD_CENTRO
SKU_002,2024-12-09,156,CD_CENTRO
SKU_002,2024-12-16,166,CD_CENTRO
SKU_002,2024-12-23,171,CD_CENTRO
SKU_002,2024-12-30,150,CD_CENTRO
SKU_002,2025-01-06,162,CD_CENTRO
SKU_002,2025-01-13,158,CD_CENTRO
SKU_002,2025-01-20,160,CD_CENTRO
SKU_002,2025-01-27,143,CD_CENTRO
SKU_002,2025-02-03,158,CD_CENTRO
SKU_002,2025-02-10,167,CD_CENTRO
SKU_002,2025-02-17,186,CD_CENTRO
SKU_002,2025-02-24,176,CD_CENTRO
SKU_002,2025-03-03,199,CD_CENTRO
SKU_002,2025-03-10,143,CD_CENTRO
SKU_002,2025-03-17,175,CD_CENTRO
SKU_002,2025-03-24,161,CD_CENTRO
SKU_002,2025-03-31,200,CD_CENTRO
SKU_002,2025-04-07,143,CD_CENTRO
SKU_002,2025-04-14,142,CD_CENTRO
SKU_002,2025-04-21,147,CD_CENTRO
SKU_002,2025-04-28,118,CD_CENTRO
SKU_002,2025-05-05,148,CD_CENTRO
SKU_002,2025-05-12,144,CD_CENTRO
SKU_002,2025-05-19,161,CD_CENTRO
SKU_002,2025-05-26,164,CD_CENTRO
SKU_002,2025-06-02,194,CD_CENTRO
SKU_002,2025-06-09,176,CD_CENTRO
SKU_002,2025-06-16,147,CD_CENTRO
SKU_002,2025-06-23,141,CD_CENTRO
SKU_002,2025-06-30,167,CD_CENTRO
SKU_002,2025-07-07,133,CD_CENTRO
SKU_002,2025-07-14,193,CD_CENTRO
SKU_002,2025-07-21,180,CD_CENTRO
SKU_002,2025-07-28,149,CD_CENTRO
SKU_002,2025-08-04,126,CD_CENTRO
SKU_002,2025-08-11,184,CD_CENTRO
SKU_002,2025-08-18,156,CD_CENTRO
SKU_002,2025-08-25,181,CD_CENTRO
SKU_002,2025-09-01,128,CD_CENTRO
SKU_002,2025-09-08,147,CD_CENTRO
SKU_002,2025-09-15,158,CD_CENTRO
SKU_002,2025-09-22,159,CD_CENTRO
SKU_002,2025-09-29,149,CD_CENTRO
SKU_002,2025-10-06,170,CD_CENTRO
SKU_002,2025-10-13,138,CD_CENTRO
SKU_002,2025-10-20,155,CD_CENTRO
SKU_002,2025-10-27,160,CD_CENTRO
SKU_002,2025-11-03,168,CD_CENTRO
SKU_002,2025-11-10,171,CD_CENTRO
SKU_002,2025-11-17,137,CD_CENTRO
SKU_002,2025-11-24,129,CD_CENTRO
SKU_002,2025-12-01,182,CD_CENTRO
SKU_002,2025-12-08,164,CD_CENTRO
SKU_002,2025-12-15,144,CD_CENTRO
SKU_002,2025-12-22,187,CD_CENTRO
SKU_002,2025-12-29,160,CD_CENTRO
SKU_002,2024-01-08,111,CD_SUR
SKU_002,2024-01-15,124,CD_SUR
SKU_002,2024-01-22,122,CD_SUR
SKU_002,2024-01-29,111,CD_SUR
SKU_002,2024-02-05,96,CD_SUR
SKU_002,2024-02-12,105,CD_SUR
SKU_002,2024-02-19,128,CD_SUR
SKU_002,2024-02-26,120,CD_SUR
SKU_002,2024-03-04,103,CD_SUR
SKU_002,2024-03-11,105,CD_SUR
SKU_002,2024-03-18,86,CD_SUR
SKU_002,2024-03-25,128,CD_SUR
SKU_002,2024-04-01,121,CD_SUR
SKU_002,2024-04-08,107,CD_SUR
SKU_002,2024-04-15,112,CD_SUR
SKU_002,2024-04-22,81,CD_SUR
SKU_002,2024-04-29,103,CD_SUR
SKU_002,2024-05-06,126,CD_SUR
SKU_002,2024-05-13,122,CD_SUR
SKU_002,2024-05-20,113,CD_SUR
SKU_002,2024-05-27,109,CD_SUR
SKU_002,2024-06-03,119,CD_SUR
SKU_002,2024-06-10,105,CD_SUR
SKU_002,2024-06-17,87,CD_SUR
SKU_002,2024-06-24,109,CD_SUR
SKU_002,2024-07-01,114,CD_SUR
SKU_002,2024-07-08,124,CD_SUR
SKU_002,2024-07-15,90,CD_SUR
SKU_002,2024-07-22,107,CD_SUR
SKU_002,2024-07-29,108,CD_SUR
SKU_002,2024-08-05,95,CD_SUR
SKU_002,2024-08-12,115,CD_SUR
SKU_002,2024-08-19,119,CD_SUR
SKU_002,2024-08-26,105,CD_SUR
SKU_002,2024-09-02,136,CD_SUR
SKU_002,2024-09-09,105,CD_SUR
SKU_002,2024-09-16,103,CD_SUR
SKU_002,2024-09-23,103,CD_SUR
SKU_002,2024-09-30,98,CD_SUR
SKU_002,2024-10-07,102,CD_SUR
SKU_002,2024-10-14,90,CD_SUR
SKU_002,2024-10-21,106,CD_SUR
SKU_002,2024-10-28,110,CD_SUR
SKU_002,2024-11-04,79,CD_SUR
SKU_002,2024-11-11,108,CD_SUR
SKU_002,2024-11-18,110,CD_SUR
SKU_002,2024-11-25,116,CD_SUR
SKU_002,2024-12-02,125,CD_SUR
SKU_002,2024-12-09,120,CD_SUR
SKU_002,2024-12-16,101,CD_SUR
SKU_002,2024-12-23,99,CD_SUR
SKU_002,2024-12-30,117,CD_SUR
SKU_002,2025-01-06,102,CD_SUR
SKU_002,2025-01-13,93,CD_SUR
SKU_002,2025-01-20,140,CD_SUR
SKU_002,2025-01-27,105,CD_SUR
SKU_002,2025-02-03,101,CD_SUR
SKU_002,2025-02-10,80,CD_SUR
SKU_002,2025-02-17,120,CD_SUR
SKU_002,2025-02-24,96,CD_SUR
SKU_002,2025-03-03,109,CD_SUR
SKU_002,2025-03-10,122,CD_SUR
SKU_002,2025-03-17,96,CD_SUR
SKU_002,2025-03-24,110,CD_SUR
SKU_002,2025-03-31,129,CD_SUR
SKU_002,2025-04-07,77,CD_SUR
SKU_002,2025-04-14,98,CD_SUR
SKU_002,2025-04-21,97,CD_SUR
SKU_002,2025-04-28,107,CD_SUR
SKU_002,2025-05-05,108,CD_SUR
SKU_002,2025-05-12,95,CD_SUR
SKU_002,2025-05-19,100,CD_SUR
SKU_002,2025-05-26,99,CD_SUR
SKU_002,2025-06-02,104,CD_SUR
SKU_002,2025-06-09,112,CD_SUR
SKU_002,2025-06-16,121,CD_SUR
SKU_002,2025-06-23,123,CD_SUR
SKU_002,2025-06-30,118,CD_SUR
SKU_002,2025-07-07,98,CD_SUR
SKU_002,2025-07-14,109,CD_SUR
SKU_002,2025-07-21,140,CD_SUR
SKU_002,2025-07-28,122,CD_SUR
SKU_002,2025-08-04,103,CD_SUR
SKU_002,2025-08-11,130,CD_SUR
SKU_002,2025-08-18,104,CD_SUR
SKU_002,2025-08-25,100,CD_SUR
SKU_002,2025-09-01,127,CD_SUR
SKU_002,2025-09-08,92,CD_SUR
SKU_002,2025-09-15,84,CD_SUR
SKU_002,2025-09-22,121,CD_SUR
SKU_002,2025-09-29,109,CD_SUR
SKU_002,2025-10-06,111,CD_SUR
SKU_002,2025-10-13,104,CD_SUR
SKU_002,2025-10-20,106,CD_SUR
SKU_002,2025-10-27,103,CD_SUR
SKU_002,2025-11-03,101,CD_SUR
SKU_002,2025-11-10,104,CD_SUR
SKU_002,2025-11-17,104,CD_SUR
SKU_002,2025-11-24,98,CD_SUR
SKU_002,2025-12-01,102,CD_SUR
SKU_002,2025-12-08,76,CD_SUR
SKU_002,2025-12-15,118,CD_SUR
SKU_002,2025-12-22,114,CD_SUR
SKU_002,2025-12-29,108,CD_SUR
SKU_003,2024-01-08,77,CD_NORTE
SKU_003,2024-01-15,62,CD_NORTE
SKU_003,2024-01-22,67,CD_NORTE
SKU_003,2024-01-29,69,CD_NORTE
SKU_003,2024-02-05,50,CD_NORTE
SKU_003,2024-02-12,83,CD_NORTE
SKU_003,2024-02-19,60,CD_NORTE
SKU_003,2024-02-26,67,CD_NORTE
SKU_003,2024-03-04,68,CD_NORTE
SKU_003,2024-03-11,57,CD_NORTE
SKU_003,2024-03-18,77,CD_NORTE
SKU_003,2024-03-25,65,CD_NORTE
SKU_003,2024-04-01,61,CD_NORTE
SKU_003,2024-04-08,64,CD_NORTE
SKU_003,2024-04-15,69,CD_NORTE
SKU_003,2024-04-22,63,CD_NORTE
SKU_003,2024-04-29,70,CD_NORTE
SKU_003,2024-05-06,50,CD_NORTE
SKU_003,2024-05-13,57,CD_NORTE
SKU_003,2024-05-20,47,CD_NORTE
SKU_003,2024-05-27,78,CD_NORTE
SKU_003,2024-06-03,78,CD_NORTE
SKU_003,2024-06-10,68,CD_NORTE
SKU_003,2024-06-17,55,CD_NORTE
SKU_003,2024-06-24,81,CD_NORTE
SKU_003,2024-07-01,58,CD_NORTE
SKU_003,2024-07-08,61,CD_NORTE
SKU_003,2024-07-15,64,CD_NORTE
SKU_003,2024-07-22,66,CD_NORTE
SKU_003,2024-07-29,68,CD_NORTE
SKU_003,2024-08-05,68,CD_NORTE
SKU_003,2024-08-12,62,CD_NORTE
SKU_003,2024-08-19,68,CD_NORTE
SKU_003,2024-08-26,62,CD_NORTE
SKU_003,2024-09-02,67,CD_NORTE
SKU_003,2024-09-09,67,CD_NORTE
SKU_003,2024-09-16,69,CD_NORTE
SKU_003,2024-09-23,68,CD_NORTE
SKU_003,2024-09-30,60,CD_NORTE
SKU_003,2024-10-07,66,CD_NORTE
SKU_003,2024-10-14,68,CD_NORTE
SKU_003,2024-10-21,53,CD_NORTE
SKU_003,2024-10-28,61,CD_NORTE
SKU_003,2024-11-04,68,CD_NORTE
SKU_003,2024-11-11,76,CD_NORTE
SKU_003,2024-11-18,69,CD_NORTE
SKU_003,2024-11-25,76,CD_NORTE
SKU_003,2024-12-02,60,CD_NORTE
SKU_003,2024-12-09,65,CD_NORTE
SKU_003,2024-12-16,69,CD_NORTE
SKU_003,2024-12-23,45,CD_NORTE
SKU_003,2024-12-30,74,CD_NORTE
SKU_003,2025-01-06,49,CD_NORTE
SKU_003,2025-01-13,71,CD_NORTE
SKU_003,2025-01-20,68,CD_NORTE
SKU_003,2025-01-27,45,CD_NORTE
SKU_003,2025-02-03,46,CD_NORTE
SKU_003,2025-02-10,74,CD_NORTE
SKU_003,2025-02-17,72,CD_NORTE
SKU_003,2025-02-24,56,CD_NORTE
SKU_003,2025-03-03,56,CD_NORTE
SKU_003,2025-03-10,67,CD_NORTE
SKU_003,2025-03-17,63,CD_NORTE
SKU_003,2025-03-24,71,CD_NORTE
SKU_003,2025-03-31,67,CD_NORTE
SKU_003,2025-04-07,75,CD_NORTE
SKU_003,2025-04-14,70,CD_NORTE
SKU_003,2025-04-21,68,CD_NORTE
SKU_003,2025-04-28,60,CD_NORTE
SKU_003,2025-05-05,60,CD_NORTE
SKU_003,2025-05-12,63,CD_NORTE
SKU_003,2025-05-19,77,CD_NORTE
SKU_003,2025-05-26,60,CD_NORTE
SKU_003,2025-06-02,65,CD_NORTE
SKU_003,2025-06-09,46,CD_NORTE
SKU_003,2025-06-16,68,CD_NORTE
SKU_003,2025-06-23,80,CD_NORTE
SKU_003,2025-06-30,56,CD_NORTE
SKU_003,2025-07-07,87,CD_NORTE
SKU_003,2025-07-14,64,CD_NORTE
SKU_003,2025-07-21,44,CD_NORTE
SKU_003,2025-07-28,60,CD_NORTE
SKU_003,2025-08-04,73,CD_NORTE
SKU_003,2025-08-11,78,CD_NORTE
SKU_003,2025-08-18,68,CD_NORTE
SKU_003,2025-08-25,75,CD_NORTE
SKU_003,2025-09-01,54,CD_NORTE
SKU_003,2025-09-08,58,CD_NORTE
SKU_003,2025-09-15,50,CD_NORTE
SKU_003,2025-09-22,58,CD_NORTE
SKU_003,2025-09-29,69,CD_NORTE
SKU_003,2025-10-06,65,CD_NORTE
SKU_003,2025-10-13,70,CD_NORTE
SKU_003,2025-10-20,56,CD_NORTE
SKU_003,2025-10-27,56,CD_NORTE
SKU_003,2025-11-03,65,CD_NORTE
SKU_003,2025-11-10,58,CD_NORTE
SKU_003,2025-11-17,73,CD_NORTE
SKU_003,2025-11-24,58,CD_NORTE
SKU_003,2025-12-01,59,CD_NORTE
SKU_003,2025-12-08,66,CD_NORTE
SKU_003,2025-12-15,60,CD_NORTE
SKU_003,2025-12-22,54,CD_NORTE
SKU_003,2025-12-29,55,CD_NORTE
SKU_003,2024-01-08,139,CD_CENTRO
SKU_003,2024-01-15,206,CD_CENTRO
SKU_003,2024-01-22,171,CD_CENTRO
SKU_003,2024-01-29,165,CD_CENTRO
SKU_003,2024-02-05,153,CD_CENTRO
SKU_003,2024-02-12,139,CD_CENTRO
SKU_003,2024-02-19,191,CD_CENTRO
SKU_003,2024-02-26,176,CD_CENTRO
SKU_003,2024-03-04,147,CD_CENTRO
SKU_003,2024-03-11,147,CD_CENTRO
SKU_003,2024-03-18,167,CD_CENTRO
SKU_003,2024-03-25,209,CD_CENTRO
SKU_003,2024-04-01,169,CD_CENTRO
SKU_003,2024-04-08,143,CD_CENTRO
SKU_003,2024-04-15,169,CD_CENTRO
SKU_003,2024-04-22,168,CD_CENTRO
SKU_003,2024-04-29,118,CD_CENTRO
SKU_003,2024-05-06,173,CD_CENTRO
SKU_003,2024-05-13,169,CD_CENTRO
SKU_003,2024-05-20,189,CD_CENTRO
SKU_003,2024-05-27,213,CD_CENTRO
SKU_003,2024-06-03,198,CD_CENTRO
SKU_003,2024-06-10,168,CD_CENTRO
SKU_003,2024-06-17,151,CD_CENTRO
SKU_003,2024-06-24,228,CD_CENTRO
SKU_003,2024-07-01,175,CD_CENTRO
SKU_003,2024-07-08,174,CD_CENTRO
SKU_003,2024-07-15,173,CD_CENTRO
SKU_003,2024-07-22,178,CD_CENTRO
SKU_003,2024-07-29,171,CD_CENTRO
SKU_003,2024-08-05,162,CD_CENTRO
SKU_003,2024-08-12,163,CD_CENTRO
SKU_003,2024-08-19,173,CD_CENTRO
SKU_003,2024-08-26,163,CD_CENTRO
SKU_003,2024-09-02,159,CD_CENTRO
SKU_003,2024-09-09,176,CD_CENTRO
SKU_003,2024-09-16,169,CD_CENTRO
SKU_003,2024-09-23,205,CD_CENTRO
SKU_003,2024-09-30,119,CD_CENTRO
SKU_003,2024-10-07,197,CD_CENTRO
SKU_003,2024-10-14,200,CD_CENTRO
SKU_003,2024-10-21,131,CD_CENTRO
SKU_003,2024-10-28,167,CD_CENTRO
SKU_003,2024-11-04,166,CD_CENTRO
SKU_003,2024-11-11,145,CD_CENTRO
SKU_003,2024-11-18,158,CD_CENTRO
SKU_003,2024-11-25,151,CD_CENTRO
SKU_003,2024-12-02,211,CD_CENTRO
SKU_003,2024-12-09,194,CD_CENTRO
SKU_003,2024-12-16,201,CD_CENTRO
SKU_003,2024-12-23,189,CD_CENTRO
SKU_003,2024-12-30,150,CD_CENTRO
SKU_003,2025-01-06,163,CD_CENTRO
SKU_003,2025-01-13,184,CD_CENTRO
SKU_003,2025-01-20,148,CD_CENTRO
SKU_003,2025-01-27,189,CD_CENTRO
SKU_003,2025-02-03,169,CD_CENTRO
SKU_003,2025-02-10,166,CD_CENTRO
SKU_003,2025-02-17,189,CD_CENTRO
SKU_003,2025-02-24,183,CD_CENTRO
SKU_003,2025-03-03,166,CD_CENTRO
SKU_003,2025-03-10,198,CD_CENTRO
SKU_003,2025-03-17,151,CD_CENTRO
SKU_003,2025-03-24,187,CD_CENTRO
SKU_003,2025-03-31,186,CD_CENTRO
SKU_003,2025-04-07,168,CD_CENTRO
SKU_003,2025-04-14,181,CD_CENTRO
SKU_003,2025-04-21,148,CD_CENTRO
SKU_003,2025-04-28,193,CD_CENTRO
SKU_003,2025-05-05,170,CD_CENTRO
SKU_003,2025-05-12,163,CD_CENTRO
SKU_003,2025-05-19,196,CD_CENTRO
SKU_003,2025-05-26,159,CD_CENTRO
SKU_003,2025-06-02,145,CD_CENTRO
SKU_003,2025-06-09,141,CD_CENTRO
SKU_003,2025-06-16,187,CD_CENTRO
SKU_003,2025-06-23,147,CD_CENTRO
SKU_003,2025-06-30,211,CD_CENTRO
SKU_003,2025-07-07,131,CD_CENTRO
SKU_003,2025-07-14,209,CD_CENTRO
SKU_003,2025-07-21,178,CD_CENTRO
SKU_003,2025-07-28,172,CD_CENTRO
SKU_003,2025-08-04,163,CD_CENTRO
SKU_003,2025-08-11,182,CD_CENTRO
SKU_003,2025-08-18,173,CD_CENTRO
SKU_003,2025-08-25,197,CD_CENTRO
SKU_003,2025-09-01,176,CD_CENTRO
SKU_003,2025-09-08,177,CD_CENTRO
SKU_003,2025-09-15,166,CD_CENTRO
SKU_003,2025-09-22,173,CD_CENTRO
SKU_003,2025-09-29,180,CD_CENTRO
SKU_003,2025-10-06,138,CD_CENTRO
SKU_003,2025-10-13,146,CD_CENTRO
SKU_003,2025-10-20,190,CD_CENTRO
SKU_003,2025-10-27,178,CD_CENTRO
SKU_003,2025-11-03,170,CD_CENTRO
SKU_003,2025-11-10,174,CD_CENTRO
SKU_003,2025-11-17,181,CD_CENTRO
SKU_003,2025-11-24,163,CD_CENTRO
SKU_003,2025-12-01,158,CD_CENTRO
SKU_003,2025-12-08,178,CD_CENTRO
SKU_003,2025-12-15,154,CD_CENTRO
SKU_003,2025-12-22,183,CD_CENTRO
SKU_003,2025-12-29,138,CD_CENTRO
SKU_003,2024-01-08,102,CD_SUR
SKU_003,2024-01-15,84,CD_SUR
SKU_003,2024-01-22,75,CD_SUR
SKU_003,2024-01-29,75,CD_SUR
SKU_003,2024-02-05,75,CD_SUR
SKU_003,2024-02-12,93,CD_SUR
SKU_003,2024-02-19,83,CD_SUR
SKU_003,2024-02-26,107,CD_SUR
SKU_003,2024-03-04,96,CD_SUR
SKU_003,2024-03-11,87,CD_SUR
SKU_003,2024-03-18,98,CD_SUR
SKU_003,2024-03-25,79,CD_SUR
SKU_003,2024-04-01,65,CD_SUR
SKU_003,2024-04-08,74,CD_SUR
SKU_003,2024-04-15,85,CD_SUR
SKU_003,2024-04-22,82,CD_SUR
SKU_003,2024-04-29,92,CD_SUR
SKU_003,2024-05-06,83,CD_SUR
SKU_003,2024-05-13,92,CD_SUR
SKU_003,2024-05-20,99,CD_SUR
SKU_003,2024-05-27,83,CD_SUR
SKU_003,2024-06-03,90,CD_SUR
SKU_003,2024-06-10,66,CD_SUR
SKU_003,2024-06-17,83,CD_SUR
SKU_003,2024-06-24,72,CD_SUR
SKU_003,2024-07-01,85,CD_SUR
SKU_003,2024-07-08,86,CD_SUR
SKU_003,2024-07-15,86,CD_SUR
SKU_003,2024-07-22,79,CD_SUR
SKU_003,2024-07-29,107,CD_SUR
SKU_003,2024-08-05,71,CD_SUR
SKU_003,2024-08-12,71,CD_SUR
SKU_003,2024-08-19,101,CD_SUR
SKU_003,2024-08-26,77,CD_SUR
SKU_003,2024-09-02,74,CD_SUR
SKU_003,2024-09-09,107,CD_SUR
SKU_003,2024-09-16,94,CD_SUR
SKU_003,2024-09-23,78,CD_SUR
SKU_003,2024-09-30,86,CD_SUR
SKU_003,2024-10-07,104,CD_SUR
SKU_003,2024-10-14,91,CD_SUR
SKU_003,2024-10-21,97,CD_SUR
SKU_003,2024-10-28,92,CD_SUR
SKU_003,2024-11-04,93,CD_SUR
SKU_003,2024-11-11,84,CD_SUR
SKU_003,2024-11-18,84,CD_SUR
SKU_003,2024-11-25,87,CD_SUR
SKU_003,2024-12-02,91,CD_SUR
SKU_003,2024-12-09,81,CD_SUR
SKU_003,2024-12-16,85,CD_SUR
SKU_003,2024-12-23,81,CD_SUR
SKU_003,2024-12-30,85,CD_SUR
SKU_003,2025-01-06,71,CD_SUR
SKU_003,2025-01-13,110,CD_SUR
SKU_003,2025-01-20,77,CD_SUR
SKU_003,2025-01-27,80,CD_SUR
SKU_003,2025-02-03,76,CD_SUR
SKU_003,2025-02-10,90,CD_SUR
SKU_003,2025-02-17,82,CD_SUR
SKU_003,2025-02-24,74,CD_SUR
SKU_003,2025-03-03,91,CD_SUR
SKU_003,2025-03-10,92,CD_SUR
SKU_003,2025-03-17,83,CD_SUR
SKU_003,2025-03-24,77,CD_SUR
SKU_003,2025-03-31,106,CD_SUR
SKU_003,2025-04-07,87,CD_SUR
SKU_003,2025-04-14,71,CD_SUR
SKU_003,2025-04-21,98,CD_SUR
SKU_003,2025-04-28,75,CD_SUR
SKU_003,2025-05-05,112,CD_SUR
SKU_003,2025-05-12,85,CD_SUR
SKU_003,2025-05-19,94,CD_SUR
SKU_003,2025-05-26,63,CD_SUR
SKU_003,2025-06-02,71,CD_SUR
SKU_003,2025-06-09,97,CD_SUR
SKU_003,2025-06-16,87,CD_SUR
SKU_003,2025-06-23,105,CD_SUR
SKU_003,2025-06-30,89,CD_SUR
SKU_003,2025-07-07,85,CD_SUR
SKU_003,2025-07-14,101,CD_SUR
SKU_003,2025-07-21,94,CD_SUR
SKU_003,2025-07-28,82,CD_SUR
SKU_003,2025-08-04,73,CD_SUR
SKU_003,2025-08-11,60,CD_SUR
SKU_003,2025-08-18,80,CD_SUR
SKU_003,2025-08-25,72,CD_SUR
SKU_003,2025-09-01,110,CD_SUR
SKU_003,2025-09-08,77,CD_SUR
SKU_003,2025-09-15,77,CD_SUR
SKU_003,2025-09-22,69,CD_SUR
SKU_003,2025-09-29,81,CD_SUR
SKU_003,2025-10-06,77,CD_SUR
SKU_003,2025-10-13,102,CD_SUR
SKU_003,2025-10-20,86,CD_SUR
SKU_003,2025-10-27,84,CD_SUR
SKU_003,2025-11-03,83,CD_SUR
SKU_003,2025-11-10,92,CD_SUR
SKU_003,2025-11-17,79,CD_SUR
SKU_003,2025-11-24,91,CD_SUR
SKU_003,2025-12-01,100,CD_SUR
SKU_003,2025-12-08,89,CD_SUR
SKU_003,2025-12-15,81,CD_SUR
SKU_003,2025-12-22,74,CD_SUR
SKU_003,2025-12-29,81,CD_SUR
SKU_004,2024-01-08,116,CD_NORTE
SKU_004,2024-01-15,108,CD_NORTE
SKU_004,2024-01-22,155,CD_NORTE
SKU_004,2024-01-29,114,CD_NORTE
SKU_004,2024-02-05,142,CD_NORTE
SKU_004,2024-02-12,150,CD_NORTE
SKU_004,2024-02-19,106,CD_NORTE
SKU_004,2024-02-26,130,CD_NORTE
SKU_004,2024-03-04,123,CD_NORTE
SKU_004,2024-03-11,123,CD_NORTE
SKU_004,2024-03-18,140,CD_NORTE
SKU_004,2024-03-25,124,CD_NORTE
SKU_004,2024-04-01,126,CD_NORTE
SKU_004,2024-04-08,131,CD_NORTE
SKU_004,2024-04-15,128,CD_NORTE
SKU_004,2024-04-22,116,CD_NORTE
SKU_004,2024-04-29,143,CD_NORTE
SKU_004,2024-05-06,146,CD_NORTE
SKU_004,2024-05-13,135,CD_NORTE
SKU_004,2024-05-20,124,CD_NORTE
SKU_004,2024-05-27,118,CD_NORTE
SKU_004,2024-06-03,117,CD_NORTE
SKU_004,2024-06-10,158,CD_NORTE
SKU_004,2024-06-17,136,CD_NORTE
SKU_004,2024-06-24,110,CD_NORTE
SKU_004,2024-07-01,122,CD_NORTE
SKU_004,2024-07-08,113,CD_NORTE
SKU_004,2024-07-15,124,CD_NORTE
SKU_004,2024-07-22,122,CD_NORTE
SKU_004,2024-07-29,128,CD_NORTE
SKU_004,2024-08-05,99,CD_NORTE
SKU_004,2024-08-12,110,CD_NORTE
SKU_004,2024-08-19,83,CD_NORTE
SKU_004,2024-08-26,89,CD_NORTE
SKU_004,2024-09-02,119,CD_NORTE
SKU_004,2024-09-09,92,CD_NORTE
SKU_004,2024-09-16,92,CD_NORTE
SKU_004,2024-09-23,103,CD_NORTE
SKU_004,2024-09-30,113,CD_NORTE
SKU_004,2024-10-07,88,CD_NORTE
SKU_004,2024-10-14,54,CD_NORTE
SKU_004,2024-10-21,91,CD_NORTE
SKU_004,2024-10-28,121,CD_NORTE
SKU_004,2024-11-04,110,CD_NORTE
SKU_004,2024-11-11,125,CD_NORTE
SKU_004,2024-11-18,91,CD_NORTE
SKU_004,2024-11-25,85,CD_NORTE
SKU_004,2024-12-02,116,CD_NORTE
SKU_004,2024-12-09,114,CD_NORTE
SKU_004,2024-12-16,117,CD_NORTE
SKU_004,2024-12-23,127,CD_NORTE
SKU_004,2024-12-30,122,CD_NORTE
SKU_004,2025-01-06,124,CD_NORTE
SKU_004,2025-01-13,130,CD_NORTE
SKU_004,2025-01-20,129,CD_NORTE
SKU_004,2025-01-27,135,CD_NORTE
SKU_004,2025-02-03,139,CD_NORTE
SKU_004,2025-02-10,149,CD_NORTE
SKU_004,2025-02-17,119,CD_NORTE
SKU_004,2025-02-24,136,CD_NORTE
SKU_004,2025-03-03,125,CD_NORTE
SKU_004,2025-03-10,119,CD_NORTE
SKU_004,2025-03-17,122,CD_NORTE
SKU_004,2025-03-24,140,CD_NORTE
SKU_004,2025-03-31,139,CD_NORTE
SKU_004,2025-04-07,139,CD_NORTE
SKU_004,2025-04-14,130,CD_NORTE
SKU_004,2025-04-21,133,CD_NORTE
SKU_004,2025-04-28,144,CD_NORTE
SKU_004,2025-05-05,110,CD_NORTE
SKU_004,2025-05-12,130,CD_NORTE
SKU_004,2025-05-19,130,CD_NORTE
SKU_004,2025-05-26,139,CD_NORTE
SKU_004,2025-06-02,108,CD_NORTE
SKU_004,2025-06-09,146,CD_NORTE
SKU_004,2025-06-16,126,CD_NORTE
SKU_004,2025-06-23,126,CD_NORTE
SKU_004,2025-06-30,114,CD_NORTE
SKU_004,2025-07-07,126,CD_NORTE
SKU_004,2025-07-14,117,CD_NORTE
SKU_004,2025-07-21,131,CD_NORTE
SKU_004,2025-07-28,93,CD_NORTE
SKU_004,2025-08-04,113,CD_NORTE
SKU_004,2025-08-11,115,CD_NORTE
SKU_004,2025-08-18,105,CD_NORTE
SKU_004,2025-08-25,101,CD_NORTE
SKU_004,2025-09-01,101,CD_NORTE
SKU_004,2025-09-08,107,CD_NORTE
SKU_004,2025-09-15,78,CD_NORTE
SKU_004,2025-09-22,117,CD_NORTE
SKU_004,2025-09-29,96,CD_NORTE
SKU_004,2025-10-06,105,CD_NORTE
SKU_004,2025-10-13,108,CD_NORTE
SKU_004,2025-10-20,96,CD_NORTE
SKU_004,2025-10-27,102,CD_NORTE
SKU_004,2025-11-03,76,CD_NORTE
SKU_004,2025-11-10,116,CD_NORTE
SKU_004,2025-11-17,122,CD_NORTE
SKU_004,2025-11-24,84,CD_NORTE
SKU_004,2025-12-01,103,CD_NORTE
SKU_004,2025-12-08,94,CD_NORTE
SKU_004,2025-12-15,110,CD_NORTE
SKU_004,2025-12-22,123,CD_NORTE
SKU_004,2025-12-29,130,CD_NORTE
SKU_004,2024-01-08,185,CD_CENTRO
SKU_004,2024-01-15,189,CD_CENTRO
SKU_004,2024-01-22,169,CD_CENTRO
SKU_004,2024-01-29,173,CD_CENTRO
SKU_004,2024-02-05,143,CD_CENTRO
SKU_004,2024-02-12,172,CD_CENTRO
SKU_004,2024-02-19,209,CD_CENTRO
SKU_004,2024-02-26,166,CD_CENTRO
SKU_004,2024-03-04,171,CD_CENTRO
SKU_004,2024-03-11,201,CD_CENTRO
SKU_004,2024-03-18,197,CD_CENTRO
SKU_004,2024-03-25,204,CD_CENTRO
SKU_004,2024-04-01,166,CD_CENTRO
SKU_004,2024-04-08,244,CD_CENTRO
SKU_004,2024-04-15,164,CD_CENTRO
SKU_004,2024-04-22,193,CD_CENTRO
SKU_004,2024-04-29,186,CD_CENTRO
SKU_004,2024-05-06,163,CD_CENTRO
SKU_004,2024-05-13,179,CD_CENTRO
SKU_004,2024-05-20,186,CD_CENTRO
SKU_004,2024-05-27,171,CD_CENTRO
SKU_004,2024-06-03,204,CD_CENTRO
SKU_004,2024-06-10,179,CD_CENTRO
SKU_004,2024-06-17,152,CD_CENTRO
SKU_004,2024-06-24,149,CD_CENTRO
SKU_004,2024-07-01,190,CD_CENTRO
SKU_004,2024-07-08,144,CD_CENTRO
SKU_004,2024-07-15,180,CD_CENTRO
SKU_004,2024-07-22,180,CD_CENTRO
SKU_004,2024-07-29,149,CD_CENTRO
SKU_004,2024-08-05,187,CD_CENTRO
SKU_004,2024-08-12,130,CD_CENTRO
SKU_004,2024-08-19,171,CD_CENTRO
SKU_004,2024-08-26,163,CD_CENTRO
SKU_004,2024-09-02,161,CD_CENTRO
SKU_004,2024-09-09,137,CD_CENTRO
SKU_004,2024-09-16,141,CD_CENTRO
SKU_004,2024-09-23,194,CD_CENTRO
SKU_004,2024-09-30,186,CD_CENTRO
SKU_004,2024-10-07,176,CD_CENTRO
SKU_004,2024-10-14,180,CD_CENTRO
SKU_004,2024-10-21,178,CD_CENTRO
SKU_004,2024-10-28,154,CD_CENTRO
SKU_004,2024-11-04,163,CD_CENTRO
SKU_004,2024-11-11,132,CD_CENTRO
SKU_004,2024-11-18,162,CD_CENTRO
SKU_004,2024-11-25,190,CD_CENTRO
SKU_004,2024-12-02,152,CD_CENTRO
SKU_004,2024-12-09,189,CD_CENTRO
SKU_004,2024-12-16,172,CD_CENTRO
SKU_004,2024-12-23,142,CD_CENTRO
SKU_004,2024-12-30,150,CD_CENTRO
SKU_004,2025-01-06,194,CD_CENTRO
SKU_004,2025-01-13,189,CD_CENTRO
SKU_004,2025-01-20,181,CD_CENTRO
SKU_004,2025-01-27,174,CD_CENTRO
SKU_004,2025-02-03,186,CD_CENTRO
SKU_004,2025-02-10,202,CD_CENTRO
SKU_004,2025-02-17,216,CD_CENTRO
SKU_004,2025-02-24,218,CD_CENTRO
SKU_004,2025-03-03,195,CD_CENTRO
SKU_004,2025-03-10,184,CD_CENTRO
SKU_004,2025-03-17,192,CD_CENTRO
SKU_004,2025-03-24,201,CD_CENTRO
SKU_004,2025-03-31,201,CD_CENTRO
SKU_004,2025-04-07,217,CD_CENTRO
SKU_004,2025-04-14,234,CD_CENTRO
SKU_004,2025-04-21,186,CD_CENTRO
SKU_004,2025-04-28,234,CD_CENTRO
SKU_004,2025-05-05,213,CD_CENTRO
SKU_004,2025-05-12,185,CD_CENTRO
SKU_004,2025-05-19,217,CD_CENTRO
SKU_004,2025-05-26,220,CD_CENTRO
SKU_004,2025-06-02,174,CD_CENTRO
SKU_004,2025-06-09,218,CD_CENTRO
SKU_004,2025-06-16,203,CD_CENTRO
SKU_004,2025-06-23,229,CD_CENTRO
SKU_004,2025-06-30,168,CD_CENTRO
SKU_004,2025-07-07,168,CD_CENTRO
SKU_004,2025-07-14,130,CD_CENTRO
SKU_004,2025-07-21,183,CD_CENTRO
SKU_004,2025-07-28,178,CD_CENTRO
SKU_004,2025-08-04,156,CD_CENTRO
SKU_004,2025-08-11,164,CD_CENTRO
SKU_004,2025-08-18,137,CD_CENTRO
SKU_004,2025-08-25,189,CD_CENTRO
SKU_004,2025-09-01,153,CD_CENTRO
SKU_004,2025-09-08,227,CD_CENTRO
SKU_004,2025-09-15,157,CD_CENTRO
SKU_004,2025-09-22,144,CD_CENTRO
SKU_004,2025-09-29,151,CD_CENTRO
SKU_004,2025-10-06,130,CD_CENTRO
SKU_004,2025-10-13,170,CD_CENTRO
SKU_004,2025-10-20,151,CD_CENTRO
SKU_004,2025-10-27,185,CD_CENTRO
SKU_004,2025-11-03,156,CD_CENTRO
SKU_004,2025-11-10,192,CD_CENTRO
SKU_004,2025-11-17,180,CD_CENTRO
SKU_004,2025-11-24,166,CD_CENTRO
SKU_004,2025-12-01,199,CD_CENTRO
SKU_004,2025-12-08,188,CD_CENTRO
SKU_004,2025-12-15,232,CD_CENTRO
SKU_004,2025-12-22,162,CD_CENTRO
SKU_004,2025-12-29,175,CD_CENTRO
SKU_004,2024-01-08,177,CD_SUR
SKU_004,2024-01-15,158,CD_SUR
SKU_004,2024-01-22,158,CD_SUR
SKU_004,2024-01-29,179,CD_SUR
SKU_004,2024-02-05,176,CD_SUR
SKU_004,2024-02-12,136,CD_SUR
SKU_004,2024-02-19,195,CD_SUR
SKU_004,2024-02-26,194,CD_SUR
SKU_004,2024-03-04,157,CD_SUR
SKU_004,2024-03-11,177,CD_SUR
SKU_004,2024-03-18,180,CD_SUR
SKU_004,2024-03-25,177,CD_SUR
SKU_004,2024-04-01,162,CD_SUR
SKU_004,2024-04-08,159,CD_SUR
SKU_004,2024-04-15,172,CD_SUR
SKU_004,2024-04-22,194,CD_SUR
SKU_004,2024-04-29,181,CD_SUR
SKU_004,2024-05-06,163,CD_SUR
SKU_004,2024-05-13,184,CD_SUR
SKU_004,2024-05-20,114,CD_SUR
SKU_004,2024-05-27,189,CD_SUR
SKU_004,2024-06-03,133,CD_SUR
SKU_004,2024-06-10,157,CD_SUR
SKU_004,2024-06-17,141,CD_SUR
SKU_004,2024-06-24,137,CD_SUR
SKU_004,2024-07-01,181,CD_SUR
SKU_004,2024-07-08,148,CD_SUR
SKU_004,2024-07-15,162,CD_SUR
SKU_004,2024-07-22,152,CD_SUR
SKU_004,2024-07-29,161,CD_SUR
SKU_004,2024-08-05,151,CD_SUR
SKU_004,2024-08-12,124,CD_SUR
SKU_004,2024-08-19,166,CD_SUR
SKU_004,2024-08-26,137,CD_SUR
SKU_004,2024-09-02,116,CD_SUR
SKU_004,2024-09-09,136,CD_SUR
SKU_004,2024-09-16,171,CD_SUR
SKU_004,2024-09-23,158,CD_SUR
SKU_004,2024-09-30,135,CD_SUR
SKU_004,2024-10-07,135,CD_SUR
SKU_004,2024-10-14,136,CD_SUR
SKU_004,2024-10-21,181,CD_SUR
SKU_004,2024-10-28,150,CD_SUR
SKU_004,2024-11-04,152,CD_SUR
SKU_004,2024-11-11,164,CD_SUR
SKU_004,2024-11-18,150,CD_SUR
SKU_004,2024-11-25,142,CD_SUR
SKU_004,2024-12-02,144,CD_SUR
SKU_004,2024-12-09,149,CD_SUR
SKU_004,2024-12-16,151,CD_SUR
SKU_004,2024-12-23,167,CD_SUR
SKU_004,2024-12-30,156,CD_SUR
SKU_004,2025-01-06,171,CD_SUR
SKU_004,2025-01-13,157,CD_SUR
SKU_004,2025-01-20,162,CD_SUR
SKU_004,2025-01-27,124,CD_SUR
SKU_004,2025-02-03,181,CD_SUR
SKU_004,2025-02-10,173,CD_SUR
SKU_004,2025-02-17,186,CD_SUR
SKU_004,2025-02-24,113,CD_SUR
SKU_004,2025-03-03,208,CD_SUR
SKU_004,2025-03-10,167,CD_SUR
SKU_004,2025-03-17,192,CD_SUR
SKU_004,2025-03-24,152,CD_SUR
SKU_004,2025-03-31,184,CD_SUR
SKU_004,2025-04-07,152,CD_SUR
SKU_004,2025-04-14,160,CD_SUR
SKU_004,2025-04-21,208,CD_SUR
SKU_004,2025-04-28,167,CD_SUR
SKU_004,2025-05-05,174,CD_SUR
SKU_004,2025-05-12,185,CD_SUR
SKU_004,2025-05-19,177,CD_SUR
SKU_004,2025-05-26,170,CD_SUR
SKU_004,2025-06-02,173,CD_SUR
SKU_004,2025-06-09,209,CD_SUR
SKU_004,2025-06-16,161,CD_SUR
SKU_004,2025-06-23,165,CD_SUR
SKU_004,2025-06-30,179,CD_SUR
SKU_004,2025-07-07,178,CD_SUR
SKU_004,2025-07-14,177,CD_SUR
SKU_004,2025-07-21,165,CD_SUR
SKU_004,2025-07-28,130,CD_SUR
SKU_004,2025-08-04,181,CD_SUR
SKU_004,2025-08-11,126,CD_SUR
SKU_004,2025-08-18,153,CD_SUR
SKU_004,2025-08-25,132,CD_SUR
SKU_004,2025-09-01,144,CD_SUR
SKU_004,2025-09-08,150,CD_SUR
SKU_004,2025-09-15,149,CD_SUR
SKU_004,2025-09-22,150,CD_SUR
SKU_004,2025-09-29,172,CD_SUR
SKU_004,2025-10-06,151,CD_SUR
SKU_004,2025-10-13,137,CD_SUR
SKU_004,2025-10-20,160,CD_SUR
SKU_004,2025-10-27,165,CD_SUR
SKU_004,2025-11-03,121,CD_SUR
SKU_004,2025-11-10,156,CD_SUR
SKU_004,2025-11-17,159,CD_SUR
SKU_004,2025-11-24,141,CD_SUR
SKU_004,2025-12-01,174,CD_SUR
SKU_004,2025-12-08,147,CD_SUR
SKU_004,2025-12-15,154,CD_SUR
SKU_004,2025-12-22,150,CD_SUR
SKU_004,2025-12-29,155,CD_SUR
SKU_005,2024-01-08,86,CD_NORTE
SKU_005,2024-01-15,88,CD_NORTE
SKU_005,2024-01-22,56,CD_NORTE
SKU_005,2024-01-29,84,CD_NORTE
SKU_005,2024-02-05,94,CD_NORTE
SKU_005,2024-02-12,84,CD_NORTE
SKU_005,2024-02-19,55,CD_NORTE
SKU_005,2024-02-26,90,CD_NORTE
SKU_005,2024-03-04,74,CD_NORTE
SKU_005,2024-03-11,72,CD_NORTE
SKU_005,2024-03-18,78,CD_NORTE
SKU_005,2024-03-25,65,CD_NORTE
SKU_005,2024-04-01,74,CD_NORTE
SKU_005,2024-04-08,88,CD_NORTE
SKU_005,2024-04-15,80,CD_NORTE
SKU_005,2024-04-22,75,CD_NORTE
SKU_005,2024-04-29,75,CD_NORTE
SKU_005,2024-05-06,64,CD_NORTE
SKU_005,2024-05-13,73,CD_NORTE
SKU_005,2024-05-20,59,CD_NORTE
SKU_005,2024-05-27,83,CD_NORTE
SKU_005,2024-06-03,55,CD_NORTE
SKU_005,2024-06-10,82,CD_NORTE
SKU_005,2024-06-17,83,CD_NORTE
SKU_005,2024-06-24,86,CD_NORTE
SKU_005,2024-07-01,75,CD_NORTE
SKU_005,2024-07-08,82,CD_NORTE
SKU_005,2024-07-15,73,CD_NORTE
SKU_005,2024-07-22,63,CD_NORTE
SKU_005,2024-07-29,88,CD_NORTE
SKU_005,2024-08-05,73,CD_NORTE
SKU_005,2024-08-12,61,CD_NORTE
SKU_005,2024-08-19,70,CD_NORTE
SKU_005,2024-08-26,70,CD_NORTE
SKU_005,2024-09-02,78,CD_NORTE
SKU_005,2024-09-09,95,CD_NORTE
SKU_005,2024-09-16,79,CD_NORTE
SKU_005,2024-09-23,76,CD_NORTE
SKU_005,2024-09-30,96,CD_NORTE
SKU_005,2024-10-07,83,CD_NORTE
SKU_005,2024-10-14,76,CD_NORTE
SKU_005,2024-10-21,70,CD_NORTE
SKU_005,2024-10-28,77,CD_NORTE
SKU_005,2024-11-04,73,CD_NORTE
SKU_005,2024-11-11,75,CD_NORTE
SKU_005,2024-11-18,86,CD_NORTE
SKU_005,2024-11-25,69,CD_NORTE
SKU_005,2024-12-02,79,CD_NORTE
SKU_005,2024-12-09,82,CD_NORTE
SKU_005,2024-12-16,68,CD_NORTE
SKU_005,2024-12-23,67,CD_NORTE
SKU_005,2024-12-30,73,CD_NORTE
SKU_005,2025-01-06,70,CD_NORTE
SKU_005,2025-01-13,84,CD_NORTE
SKU_005,2025-01-20,65,CD_NORTE
SKU_005,2025-01-27,75,CD_NORTE
SKU_005,2025-02-03,97,CD_NORTE
SKU_005,2025-02-10,78,CD_NORTE
SKU_005,2025-02-17,79,CD_NORTE
SKU_005,2025-02-24,84,CD_NORTE
SKU_005,2025-03-03,70,CD_NORTE
SKU_005,2025-03-10,64,CD_NORTE
SKU_005,2025-03-17,76,CD_NORTE
SKU_005,2025-03-24,76,CD_NORTE
SKU_005,2025-03-31,60,CD_NORTE
SKU_005,2025-04-07,77,CD_NORTE
SKU_005,2025-04-14,84,CD_NORTE
SKU_005,2025-04-21,66,CD_NORTE
SKU_005,2025-04-28,78,CD_NORTE
SKU_005,2025-05-05,82,CD_NORTE
SKU_005,2025-05-12,79,CD_NORTE
SKU_005,2025-05-19,80,CD_NORTE
SKU_005,2025-05-26,72,CD_NORTE
SKU_005,2025-06-02,64,CD_NORTE
SKU_005,2025-06-09,70,CD_NORTE
SKU_005,2025-06-16,69,CD_NORTE
SKU_005,2025-06-23,73,CD_NORTE
SKU_005,2025-06-30,84,CD_NORTE
SKU_005,2025-07-07,62,CD_NORTE
SKU_005,2025-07-14,75,CD_NORTE
SKU_005,2025-07-21,65,CD_NORTE
SKU_005,2025-07-28,67,CD_NORTE
SKU_005,2025-08-04,79,CD_NORTE
SKU_005,2025-08-11,63,CD_NORTE
SKU_005,2025-08-18,81,CD_NORTE
SKU_005,2025-08-25,62,CD_NORTE
SKU_005,2025-09-01,80,CD_NORTE
SKU_005,2025-09-08,60,CD_NORTE
SKU_005,2025-09-15,69,CD_NORTE
SKU_005,2025-09-22,91,CD_NORTE
SKU_005,2025-09-29,89,CD_NORTE
SKU_005,2025-10-06,70,CD_NORTE
SKU_005,2025-10-13,77,CD_NORTE
SKU_005,2025-10-20,85,CD_NORTE
SKU_005,2025-10-27,80,CD_NORTE
SKU_005,2025-11-03,72,CD_NORTE
SKU_005,2025-11-10,67,CD_NORTE
SKU_005,2025-11-17,82,CD_NORTE
SKU_005,2025-11-24,84,CD_NORTE
SKU_005,2025-12-01,89,CD_NORTE
SKU_005,2025-12-08,59,CD_NORTE
SKU_005,2025-12-15,63,CD_NORTE
SKU_005,2025-12-22,84,CD_NORTE
SKU_005,2025-12-29,60,CD_NORTE
SKU_005,2024-01-08,65,CD_CENTRO
SKU_005,2024-01-15,72,CD_CENTRO
SKU_005,2024-01-22,67,CD_CENTRO
SKU_005,2024-01-29,78,CD_CENTRO
SKU_005,2024-02-05,81,CD_CENTRO
SKU_005,2024-02-12,73,CD_CENTRO
SKU_005,2024-02-19,76,CD_CENTRO
SKU_005,2024-02-26,90,CD_CENTRO
SKU_005,2024-03-04,62,CD_CENTRO
SKU_005,2024-03-11,61,CD_CENTRO
SKU_005,2024-03-18,78,CD_CENTRO
SKU_005,2024-03-25,89,CD_CENTRO
SKU_005,2024-04-01,70,CD_CENTRO
SKU_005,2024-04-08,87,CD_CENTRO
SKU_005,2024-04-15,73,CD_CENTRO
SKU_005,2024-04-22,66,CD_CENTRO
SKU_005,2024-04-29,63,CD_CENTRO
SKU_005,2024-05-06,77,CD_CENTRO
SKU_005,2024-05-13,64,CD_CENTRO
SKU_005,2024-05-20,73,CD_CENTRO
SKU_005,2024-05-27,86,CD_CENTRO
SKU_005,2024-06-03,69,CD_CENTRO
SKU_005,2024-06-10,83,CD_CENTRO
SKU_005,2024-06-17,62,CD_CENTRO
SKU_005,2024-06-24,67,CD_CENTRO
SKU_005,2024-07-01,60,CD_CENTRO
SKU_005,2024-07-08,73,CD_CENTRO
SKU_005,2024-07-15,79,CD_CENTRO
SKU_005,2024-07-22,73,CD_CENTRO
SKU_005,2024-07-29,83,CD_CENTRO
SKU_005,2024-08-05,66,CD_CENTRO
SKU_005,2024-08-12,74,CD_CENTRO
SKU_005,2024-08-19,67,CD_CENTRO
SKU_005,2024-08-26,75,CD_CENTRO
SKU_005,2024-09-02,76,CD_CENTRO
SKU_005,2024-09-09,77,CD_CENTRO
SKU_005,2024-09-16,63,CD_CENTRO
SKU_005,2024-09-23,64,CD_CENTRO
SKU_005,2024-09-30,66,CD_CENTRO
SKU_005,2024-10-07,70,CD_CENTRO
SKU_005,2024-10-14,73,CD_CENTRO
SKU_005,2024-10-21,78,CD_CENTRO
SKU_005,2024-10-28,65,CD_CENTRO
SKU_005,2024-11-04,58,CD_CENTRO
SKU_005,2024-11-11,91,CD_CENTRO
SKU_005,2024-11-18,62,CD_CENTRO
SKU_005,2024-11-25,79,CD_CENTRO
SKU_005,2024-12-02,72,CD_CENTRO
SKU_005,2024-12-09,74,CD_CENTRO
SKU_005,2024-12-16,72,CD_CENTRO
SKU_005,2024-12-23,69,CD_CENTRO
SKU_005,2024-12-30,76,CD_CENTRO
SKU_005,2025-01-06,68,CD_CENTRO
SKU_005,2025-01-13,82,CD_CENTRO
SKU_005,2025-01-20,77,CD_CENTRO
SKU_005,2025-01-27,77,CD_CENTRO
SKU_005,2025-02-03,68,CD_CENTRO
SKU_005,2025-02-10,70,CD_CENTRO
SKU_005,2025-02-17,62,CD_CENTRO
SKU_005,2025-02-24,69,CD_CENTRO
SKU_005,2025-03-03,63,CD_CENTRO
SKU_005,2025-03-10,83,CD_CENTRO
SKU_005,2025-03-17,72,CD_CENTRO
SKU_005,2025-03-24,73,CD_CENTRO
SKU_005,2025-03-31,70,CD_CENTRO
SKU_005,2025-04-07,74,CD_CENTRO
SKU_005,2025-04-14,93,CD_CENTRO
SKU_005,2025-04-21,69,CD_CENTRO
SKU_005,2025-04-28,66,CD_CENTRO
SKU_005,2025-05-05,77,CD_CENTRO
SKU_005,2025-05-12,50,CD_CENTRO
SKU_005,2025-05-19,73,CD_CENTRO
SKU_005,2025-05-26,69,CD_CENTRO
SKU_005,2025-06-02,63,CD_CENTRO
SKU_005,2025-06-09,76,CD_CENTRO
SKU_005,2025-06-16,72,CD_CENTRO
SKU_005,2025-06-23,56,CD_CENTRO
SKU_005,2025-06-30,66,CD_CENTRO
SKU_005,2025-07-07,47,CD_CENTRO
SKU_005,2025-07-14,75,CD_CENTRO
SKU_005,2025-07-21,74,CD_CENTRO
SKU_005,2025-07-28,65,CD_CENTRO
SKU_005,2025-08-04,77,CD_CENTRO
SKU_005,2025-08-11,61,CD_CENTRO
SKU_005,2025-08-18,64,CD_CENTRO
SKU_005,2025-08-25,76,CD_CENTRO
SKU_005,2025-09-01,66,CD_CENTRO
SKU_005,2025-09-08,71,CD_CENTRO
SKU_005,2025-09-15,67,CD_CENTRO
SKU_005,2025-09-22,68,CD_CENTRO
SKU_005,2025-09-29,69,CD_CENTRO
SKU_005,2025-10-06,66,CD_CENTRO
SKU_005,2025-10-13,75,CD_CENTRO
SKU_005,2025-10-20,67,CD_CENTRO
SKU_005,2025-10-27,72,CD_CENTRO
SKU_005,2025-11-03,66,CD_CENTRO
SKU_005,2025-11-10,59,CD_CENTRO
SKU_005,2025-11-17,80,CD_CENTRO
SKU_005,2025-11-24,76,CD_CENTRO
SKU_005,2025-12-01,92,CD_CENTRO
SKU_005,2025-12-08,63,CD_CENTRO
SKU_005,2025-12-15,70,CD_CENTRO
SKU_005,2025-12-22,71,CD_CENTRO
SKU_005,2025-12-29,81,CD_CENTRO
SKU_005,2024-01-08,136,CD_SUR
SKU_005,2024-01-15,124,CD_SUR
SKU_005,2024-01-22,168,CD_SUR
SKU_005,2024-01-29,172,CD_SUR
SKU_005,2024-02-05,147,CD_SUR
SKU_005,2024-02-12,109,CD_SUR
SKU_005,2024-02-19,148,CD_SUR
SKU_005,2024-02-26,165,CD_SUR
SKU_005,2024-03-04,130,CD_SUR
SKU_005,2024-03-11,161,CD_SUR
SKU_005,2024-03-18,158,CD_SUR
SKU_005,2024-03-25,169,CD_SUR
SKU_005,2024-04-01,160,CD_SUR
SKU_005,2024-04-08,140,CD_SUR
SKU_005,2024-04-15,181,CD_SUR
SKU_005,2024-04-22,155,CD_SUR
SKU_005,2024-04-29,157,CD_SUR
SKU_005,2024-05-06,140,CD_SUR
SKU_005,2024-05-13,150,CD_SUR
SKU_005,2024-05-20,141,CD_SUR
SKU_005,2024-05-27,155,CD_SUR
SKU_005,2024-06-03,190,CD_SUR
SKU_005,2024-06-10,132,CD_SUR
SKU_005,2024-06-17,127,CD_SUR
SKU_005,2024-06-24,186,CD_SUR
SKU_005,2024-07-01,154,CD_SUR
SKU_005,2024-07-08,145,CD_SUR
SKU_005,2024-07-15,178,CD_SUR
SKU_005,2024-07-22,147,CD_SUR
SKU_005,2024-07-29,193,CD_SUR
SKU_005,2024-08-05,171,CD_SUR
SKU_005,2024-08-12,149,CD_SUR
SKU_005,2024-08-19,199,CD_SUR
SKU_005,2024-08-26,147,CD_SUR
SKU_005,2024-09-02,172,CD_SUR
SKU_005,2024-09-09,164,CD_SUR
SKU_005,2024-09-16,183,CD_SUR
SKU_005,2024-09-23,188,CD_SUR
SKU_005,2024-09-30,159,CD_SUR
SKU_005,2024-10-07,144,CD_SUR
SKU_005,2024-10-14,167,CD_SUR
SKU_005,2024-10-21,145,CD_SUR
SKU_005,2024-10-28,196,CD_SUR
SKU_005,2024-11-04,161,CD_SUR
SKU_005,2024-11-11,151,CD_SUR
SKU_005,2024-11-18,162,CD_SUR
SKU_005,2024-11-25,132,CD_SUR
SKU_005,2024-12-02,140,CD_SUR
SKU_005,2024-12-09,181,CD_SUR
SKU_005,2024-12-16,146,CD_SUR
SKU_005,2024-12-23,138,CD_SUR
SKU_005,2024-12-30,168,CD_SUR
SKU_005,2025-01-06,180,CD_SUR
SKU_005,2025-01-13,172,CD_SUR
SKU_005,2025-01-20,177,CD_SUR
SKU_005,2025-01-27,144,CD_SUR
SKU_005,2025-02-03,131,CD_SUR
SKU_005,2025-02-10,186,CD_SUR
SKU_005,2025-02-17,152,CD_SUR
SKU_005,2025-02-24,153,CD_SUR
SKU_005,2025-03-03,183,CD_SUR
SKU_005,2025-03-10,169,CD_SUR
SKU_005,2025-03-17,167,CD_SUR
SKU_005,2025-03-24,199,CD_SUR
SKU_005,2025-03-31,146,CD_SUR
SKU_005,2025-04-07,176,CD_SUR
SKU_005,2025-04-14,159,CD_SUR
SKU_005,2025-04-21,163,CD_SUR
SKU_005,2025-04-28,187,CD_SUR
SKU_005,2025-05-05,168,CD_SUR
SKU_005,2025-05-12,168,CD_SUR
SKU_005,2025-05-19,178,CD_SUR
SKU_005,2025-05-26,151,CD_SUR
SKU_005,2025-06-02,142,CD_SUR
SKU_005,2025-06-09,138,CD_SUR
SKU_005,2025-06-16,121,CD_SUR
SKU_005,2025-06-23,197,CD_SUR
SKU_005,2025-06-30,137,CD_SUR
SKU_005,2025-07-07,154,CD_SUR
SKU_005,2025-07-14,153,CD_SUR
SKU_005,2025-07-21,164,CD_SUR
SKU_005,2025-07-28,173,CD_SUR
SKU_005,2025-08-04,174,CD_SUR
SKU_005,2025-08-11,147,CD_SUR
SKU_005,2025-08-18,155,CD_SUR
SKU_005,2025-08-25,163,CD_SUR
SKU_005,2025-09-01,153,CD_SUR
SKU_005,2025-09-08,188,CD_SUR
SKU_005,2025-09-15,167,CD_SUR
SKU_005,2025-09-22,172,CD_SUR
SKU_005,2025-09-29,171,CD_SUR
SKU_005,2025-10-06,180,CD_SUR
SKU_005,2025-10-13,161,CD_SUR
SKU_005,2025-10-20,133,CD_SUR
SKU_005,2025-10-27,166,CD_SUR
SKU_005,2025-11-03,146,CD_SUR
SKU_005,2025-11-10,148,CD_SUR
SKU_005,2025-11-17,169,CD_SUR
SKU_005,2025-11-24,181,CD_SUR
SKU_005,2025-12-01,158,CD_SUR
SKU_005,2025-12-08,164,CD_SUR
SKU_005,2025-12-15,190,CD_SUR
SKU_005,2025-12-22,163,CD_SUR
SKU_005,2025-12-29,207,CD_SUR
SKU_006,2024-01-08,124,CD_NORTE
SKU_006,2024-01-15,109,CD_NORTE
SKU_006,2024-01-22,119,CD_NORTE
SKU_006,2024-01-29,137,CD_NORTE
SKU_006,2024-02-05,125,CD_NORTE
SKU_006,2024-02-12,104,CD_NORTE
SKU_006,2024-02-19,131,CD_NORTE
SKU_006,2024-02-26,133,CD_NORTE
SKU_006,2024-03-04,117,CD_NORTE
SKU_006,2024-03-11,131,CD_NORTE
SKU_006,2024-03-18,126,CD_NORTE
SKU_006,2024-03-25,119,CD_NORTE
SKU_006,2024-04-01,103,CD_NORTE
SKU_006,2024-04-08,138,CD_NORTE
SKU_006,2024-04-15,133,CD_NORTE
SKU_006,2024-04-22,131,CD_NORTE
SKU_006,2024-04-29,145,CD_NORTE
SKU_006,2024-05-06,136,CD_NORTE
SKU_006,2024-05-13,132,CD_NORTE
SKU_006,2024-05-20,90,CD_NORTE
SKU_006,2024-05-27,140,CD_NORTE
SKU_006,2024-06-03,123,CD_NORTE
SKU_006,2024-06-10,127,CD_NORTE
SKU_006,2024-06-17,127,CD_NORTE
SKU_006,2024-06-24,133,CD_NORTE
SKU_006,2024-07-01,138,CD_NORTE
SKU_006,2024-07-08,131,CD_NORTE
SKU_006,2024-07-15,129,CD_NORTE
SKU_006,2024-07-22,125,CD_NORTE
SKU_006,2024-07-29,73,CD_NORTE
SKU_006,2024-08-05,118,CD_NORTE
SKU_006,2024-08-12,108,CD_NORTE
SKU_006,2024-08-19,140,CD_NORTE
SKU_006,2024-08-26,131,CD_NORTE
SKU_006,2024-09-02,115,CD_NORTE
SKU_006,2024-09-09,117,CD_NORTE
SKU_006,2024-09-16,116,CD_NORTE
SKU_006,2024-09-23,116,CD_NORTE
SKU_006,2024-09-30,101,CD_NORTE
SKU_006,2024-10-07,98,CD_NORTE
SKU_006,2024-10-14,122,CD_NORTE
SKU_006,2024-10-21,138,CD_NORTE
SKU_006,2024-10-28,114,CD_NORTE
SKU_006,2024-11-04,126,CD_NORTE
SKU_006,2024-11-11,133,CD_NORTE
SKU_006,2024-11-18,107,CD_NORTE
SKU_006,2024-11-25,122,CD_NORTE
SKU_006,2024-12-02,112,CD_NORTE
SKU_006,2024-12-09,146,CD_NORTE
SKU_006,2024-12-16,145,CD_NORTE
SKU_006,2024-12-23,107,CD_NORTE
SKU_006,2024-12-30,128,CD_NORTE
SKU_006,2025-01-06,138,CD_NORTE
SKU_006,2025-01-13,134,CD_NORTE
SKU_006,2025-01-20,123,CD_NORTE
SKU_006,2025-01-27,141,CD_NORTE
SKU_006,2025-02-03,109,CD_NORTE
SKU_006,2025-02-10,118,CD_NORTE
SKU_006,2025-02-17,109,CD_NORTE
SKU_006,2025-02-24,133,CD_NORTE
SKU_006,2025-03-03,113,CD_NORTE
SKU_006,2025-03-10,119,CD_NORTE
SKU_006,2025-03-17,131,CD_NORTE
SKU_006,2025-03-24,132,CD_NORTE
SKU_006,2025-03-31,109,CD_NORTE
SKU_006,2025-04-07,137,CD_NORTE
SKU_006,2025-04-14,129,CD_NORTE
SKU_006,2025-04-21,106,CD_NORTE
SKU_006,2025-04-28,103,CD_NORTE
SKU_006,2025-05-05,122,CD_NORTE
SKU_006,2025-05-12,134,CD_NORTE
SKU_006,2025-05-19,135,CD_NORTE
SKU_006,2025-05-26,127,CD_NORTE
SKU_006,2025-06-02,123,CD_NORTE
SKU_006,2025-06-09,129,CD_NORTE
SKU_006,2025-06-16,109,CD_NORTE
SKU_006,2025-06-23,147,CD_NORTE
SKU_006,2025-06-30,147,CD_NORTE
SKU_006,2025-07-07,128,CD_NORTE
SKU_006,2025-07-14,125,CD_NORTE
SKU_006,2025-07-21,116,CD_NORTE
SKU_006,2025-07-28,130,CD_NORTE
SKU_006,2025-08-04,112,CD_NORTE
SKU_006,2025-08-11,89,CD_NORTE
SKU_006,2025-08-18,82,CD_NORTE
SKU_006,2025-08-25,110,CD_NORTE
SKU_006,2025-09-01,124,CD_NORTE
SKU_006,2025-09-08,127,CD_NORTE
SKU_006,2025-09-15,115,CD_NORTE
SKU_006,2025-09-22,124,CD_NORTE
SKU_006,2025-09-29,118,CD_NORTE
SKU_006,2025-10-06,107,CD_NORTE
SKU_006,2025-10-13,121,CD_NORTE
SKU_006,2025-10-20,134,CD_NORTE
SKU_006,2025-10-27,108,CD_NORTE
SKU_006,2025-11-03,108,CD_NORTE
SKU_006,2025-11-10,106,CD_NORTE
SKU_006,2025-11-17,94,CD_NORTE
SKU_006,2025-11-24,115,CD_NORTE
SKU_006,2025-12-01,132,CD_NORTE
SKU_006,2025-12-08,125,CD_NORTE
SKU_006,2025-12-15,120,CD_NORTE
SKU_006,2025-12-22,124,CD_NORTE
SKU_006,2025-12-29,115,CD_NORTE
SKU_006,2024-01-08,168,CD_CENTRO
SKU_006,2024-01-15,143,CD_CENTRO
SKU_006,2024-01-22,131,CD_CENTRO
SKU_006,2024-01-29,146,CD_CENTRO
SKU_006,2024-02-05,171,CD_CENTRO
SKU_006,2024-02-12,168,CD_CENTRO
SKU_006,2024-02-19,180,CD_CENTRO
SKU_006,2024-02-26,168,CD_CENTRO
SKU_006,2024-03-04,164,CD_CENTRO
SKU_006,2024-03-11,154,CD_CENTRO
SKU_006,2024-03-18,184,CD_CENTRO
SKU_006,2024-03-25,148,CD_CENTRO
SKU_006,2024-04-01,144,CD_CENTRO
SKU_006,2024-04-08,177,CD_CENTRO
SKU_006,2024-04-15,139,CD_CENTRO
SKU_006,2024-04-22,214,CD_CENTRO
SKU_006,2024-04-29,168,CD_CENTRO
SKU_006,2024-05-06,173,CD_CENTRO
SKU_006,2024-05-13,150,CD_CENTRO
SKU_006,2024-05-20,160,CD_CENTRO
SKU_006,2024-05-27,157,CD_CENTRO
SKU_006,2024-06-03,155,CD_CENTRO
SKU_006,2024-06-10,179,CD_CENTRO
SKU_006,2024-06-17,157,CD_CENTRO
SKU_006,2024-06-24,186,CD_CENTRO
SKU_006,2024-07-01,219,CD_CENTRO
SKU_006,2024-07-08,160,CD_CENTRO
SKU_006,2024-07-15,169,CD_CENTRO
SKU_006,2024-07-22,174,CD_CENTRO
SKU_006,2024-07-29,202,CD_CENTRO
SKU_006,2024-08-05,164,CD_CENTRO
SKU_006,2024-08-12,149,CD_CENTRO
SKU_006,2024-08-19,141,CD_CENTRO
SKU_006,2024-08-26,165,CD_CENTRO
SKU_006,2024-09-02,157,CD_CENTRO
SKU_006,2024-09-09,206,CD_CENTRO
SKU_006,2024-09-16,201,CD_CENTRO
SKU_006,2024-09-23,145,CD_CENTRO
SKU_006,2024-09-30,152,CD_CENTRO
SKU_006,2024-10-07,167,CD_CENTRO
SKU_006,2024-10-14,194,CD_CENTRO
SKU_006,2024-10-21,167,CD_CENTRO
SKU_006,2024-10-28,153,CD_CENTRO
SKU_006,2024-11-04,165,CD_CENTRO
SKU_006,2024-11-11,153,CD_CENTRO
SKU_006,2024-11-18,178,CD_CENTRO
SKU_006,2024-11-25,152,CD_CENTRO
SKU_006,2024-12-02,156,CD_CENTRO
SKU_006,2024-12-09,189,CD_CENTRO
SKU_006,2024-12-16,151,CD_CENTRO
SKU_006,2024-12-23,137,CD_CENTRO
SKU_006,2024-12-30,168,CD_CENTRO
SKU_006,2025-01-06,159,CD_CENTRO
SKU_006,2025-01-13,176,CD_CENTRO
SKU_006,2025-01-20,172,CD_CENTRO
SKU_006,2025-01-27,165,CD_CENTRO
SKU_006,2025-02-03,165,CD_CENTRO
SKU_006,2025-02-10,151,CD_CENTRO
SKU_006,2025-02-17,168,CD_CENTRO
SKU_006,2025-02-24,184,CD_CENTRO
SKU_006,2025-03-03,147,CD_CENTRO
SKU_006,2025-03-10,166,CD_CENTRO
SKU_006,2025-03-17,187,CD_CENTRO
SKU_006,2025-03-24,176,CD_CENTRO
SKU_006,2025-03-31,192,CD_CENTRO
SKU_006,2025-04-07,155,CD_CENTRO
SKU_006,2025-04-14,130,CD_CENTRO
SKU_006,2025-04-21,170,CD_CENTRO
SKU_006,2025-04-28,173,CD_CENTRO
SKU_006,2025-05-05,193,CD_CENTRO
SKU_006,2025-05-12,190,CD_CENTRO
SKU_006,2025-05-19,177,CD_CENTRO
SKU_006,2025-05-26,181,CD_CENTRO
SKU_006,2025-06-02,162,CD_CENTRO
SKU_006,2025-06-09,142,CD_CENTRO
SKU_006,2025-06-16,168,CD_CENTRO
SKU_006,2025-06-23,186,CD_CENTRO
SKU_006,2025-06-30,179,CD_CENTRO
SKU_006,2025-07-07,183,CD_CENTRO
SKU_006,2025-07-14,157,CD_CENTRO
SKU_006,2025-07-21,161,CD_CENTRO
SKU_006,2025-07-28,176,CD_CENTRO
SKU_006,2025-08-04,155,CD_CENTRO
SKU_006,2025-08-11,156,CD_CENTRO
SKU_006,2025-08-18,172,CD_CENTRO
SKU_006,2025-08-25,181,CD_CENTRO
SKU_006,2025-09-01,162,CD_CENTRO
SKU_006,2025-09-08,143,CD_CENTRO
SKU_006,2025-09-15,151,CD_CENTRO
SKU_006,2025-09-22,170,CD_CENTRO
SKU_006,2025-09-29,170,CD_CENTRO
SKU_006,2025-10-06,171,CD_CENTRO
SKU_006,2025-10-13,176,CD_CENTRO
SKU_006,2025-10-20,166,CD_CENTRO
SKU_006,2025-10-27,171,CD_CENTRO
SKU_006,2025-11-03,165,CD_CENTRO
SKU_006,2025-11-10,189,CD_CENTRO
SKU_006,2025-11-17,195,CD_CENTRO
SKU_006,2025-11-24,142,CD_CENTRO
SKU_006,2025-12-01,161,CD_CENTRO
SKU_006,2025-12-08,167,CD_CENTRO
SKU_006,2025-12-15,161,CD_CENTRO
SKU_006,2025-12-22,202,CD_CENTRO
SKU_006,2025-12-29,170,CD_CENTRO
SKU_006,2024-01-08,87,CD_SUR
SKU_006,2024-01-15,79,CD_SUR
SKU_006,2024-01-22,98,CD_SUR
SKU_006,2024-01-29,90,CD_SUR
SKU_006,2024-02-05,96,CD_SUR
SKU_006,2024-02-12,88,CD_SUR
SKU_006,2024-02-19,78,CD_SUR
SKU_006,2024-02-26,105,CD_SUR
SKU_006,2024-03-04,101,CD_SUR
SKU_006,2024-03-11,87,CD_SUR
SKU_006,2024-03-18,94,CD_SUR
SKU_006,2024-03-25,105,CD_SUR
SKU_006,2024-04-01,88,CD_SUR
SKU_006,2024-04-08,90,CD_SUR
SKU_006,2024-04-15,96,CD_SUR
SKU_006,2024-04-22,88,CD_SUR
SKU_006,2024-04-29,103,CD_SUR
SKU_006,2024-05-06,91,CD_SUR
SKU_006,2024-05-13,84,CD_SUR
SKU_006,2024-05-20,100,CD_SUR
SKU_006,2024-05-27,80,CD_SUR
SKU_006,2024-06-03,115,CD_SUR
SKU_006,2024-06-10,111,CD_SUR
SKU_006,2024-06-17,99,CD_SUR
SKU_006,2024-06-24,98,CD_SUR
SKU_006,2024-07-01,97,CD_SUR
SKU_006,2024-07-08,88,CD_SUR
SKU_006,2024-07-15,96,CD_SUR
SKU_006,2024-07-22,83,CD_SUR
SKU_006,2024-07-29,99,CD_SUR
SKU_006,2024-08-05,103,CD_SUR
SKU_006,2024-08-12,89,CD_SUR
SKU_006,2024-08-19,86,CD_SUR
SKU_006,2024-08-26,79,CD_SUR
SKU_006,2024-09-02,109,CD_SUR
SKU_006,2024-09-09,87,CD_SUR
SKU_006,2024-09-16,91,CD_SUR
SKU_006,2024-09-23,96,CD_SUR
SKU_006,2024-09-30,96,CD_SUR
SKU_006,2024-10-07,101,CD_SUR
SKU_006,2024-10-14,89,CD_SUR
SKU_006,2024-10-21,80,CD_SUR
SKU_006,2024-10-28,78,CD_SUR
SKU_006,2024-11-04,87,CD_SUR
SKU_006,2024-11-11,82,CD_SUR
SKU_006,2024-11-18,90,CD_SUR
SKU_006,2024-11-25,108,CD_SUR
SKU_006,2024-12-02,89,CD_SUR
SKU_006,2024-12-09,89,CD_SUR
SKU_006,2024-12-16,93,CD_SUR
SKU_006,2024-12-23,88,CD_SUR
SKU_006,2024-12-30,92,CD_SUR
SKU_006,2025-01-06,99,CD_SUR
SKU_006,2025-01-13,103,CD_SUR
SKU_006,2025-01-20,104,CD_SUR
SKU_006,2025-01-27,116,CD_SUR
SKU_006,2025-02-03,99,CD_SUR
SKU_006,2025-02-10,118,CD_SUR
SKU_006,2025-02-17,84,CD_SUR
SKU_006,2025-02-24,116,CD_SUR
SKU_006,2025-03-03,89,CD_SUR
SKU_006,2025-03-10,90,CD_SUR
SKU_006,2025-03-17,92,CD_SUR
SKU_006,2025-03-24,91,CD_SUR
SKU_006,2025-03-31,94,CD_SUR
SKU_006,2025-04-07,87,CD_SUR
SKU_006,2025-04-14,102,CD_SUR
SKU_006,2025-04-21,87,CD_SUR
SKU_006,2025-04-28,100,CD_SUR
SKU_006,2025-05-05,110,CD_SUR
SKU_006,2025-05-12,89,CD_SUR
SKU_006,2025-05-19,102,CD_SUR
SKU_006,2025-05-26,99,CD_SUR
SKU_006,2025-06-02,118,CD_SUR
SKU_006,2025-06-09,87,CD_SUR
SKU_006,2025-06-16,102,CD_SUR
SKU_006,2025-06-23,75,CD_SUR
SKU_006,2025-06-30,87,CD_SUR
SKU_006,2025-07-07,97,CD_SUR
SKU_006,2025-07-14,109,CD_SUR
SKU_006,2025-07-21,79,CD_SUR
SKU_006,2025-07-28,102,CD_SUR
SKU_006,2025-08-04,92,CD_SUR
SKU_006,2025-08-11,76,CD_SUR
SKU_006,2025-08-18,95,CD_SUR
SKU_006,2025-08-25,112,CD_SUR
SKU_006,2025-09-01,80,CD_SUR
SKU_006,2025-09-08,92,CD_SUR
SKU_006,2025-09-15,82,CD_SUR
SKU_006,2025-09-22,88,CD_SUR
SKU_006,2025-09-29,109,CD_SUR
SKU_006,2025-10-06,90,CD_SUR
SKU_006,2025-10-13,109,CD_SUR
SKU_006,2025-10-20,105,CD_SUR
SKU_006,2025-10-27,89,CD_SUR
SKU_006,2025-11-03,87,CD_SUR
SKU_006,2025-11-10,83,CD_SUR
SKU_006,2025-11-17,83,CD_SUR
SKU_006,2025-11-24,97,CD_SUR
SKU_006,2025-12-01,93,CD_SUR
SKU_006,2025-12-08,86,CD_SUR
SKU_006,2025-12-15,76,CD_SUR
SKU_006,2025-12-22,94,CD_SUR
SKU_006,2025-12-29,88,CD_SUR
SKU_007,2024-01-08,82,CD_NORTE
SKU_007,2024-01-15,81,CD_NORTE
SKU_007,2024-01-22,75,CD_NORTE
SKU_007,2024-01-29,90,CD_NORTE
SKU_007,2024-02-05,77,CD_NORTE
SKU_007,2024-02-12,103,CD_NORTE
SKU_007,2024-02-19,97,CD_NORTE
SKU_007,2024-02-26,82,CD_NORTE
SKU_007,2024-03-04,95,CD_NORTE
SKU_007,2024-03-11,91,CD_NORTE
SKU_007,2024-03-18,103,CD_NORTE
SKU_007,2024-03-25,115,CD_NORTE
SKU_007,2024-04-01,82,CD_NORTE
SKU_007,2024-04-08,102,CD_NORTE
SKU_007,2024-04-15,99,CD_NORTE
SKU_007,2024-04-22,108,CD_NORTE
SKU_007,2024-04-29,102,CD_NORTE
SKU_007,2024-05-06,91,CD_NORTE
SKU_007,2024-05-13,95,CD_NORTE
SKU_007,2024-05-20,89,CD_NORTE
SKU_007,2024-05-27,107,CD_NORTE
SKU_007,2024-06-03,95,CD_NORTE
SKU_007,2024-06-10,113,CD_NORTE
SKU_007,2024-06-17,90,CD_NORTE
SKU_007,2024-06-24,83,CD_NORTE
SKU_007,2024-07-01,72,CD_NORTE
SKU_007,2024-07-08,67,CD_NORTE
SKU_007,2024-07-15,68,CD_NORTE
SKU_007,2024-07-22,85,CD_NORTE
SKU_007,2024-07-29,86,CD_NORTE
SKU_007,2024-08-05,63,CD_NORTE
SKU_007,2024-08-12,86,CD_NORTE
SKU_007,2024-08-19,71,CD_NORTE
SKU_007,2024-08-26,77,CD_NORTE
SKU_007,2024-09-02,91,CD_NORTE
SKU_007,2024-09-09,82,CD_NORTE
SKU_007,2024-09-16,69,CD_NORTE
SKU_007,2024-09-23,62,CD_NORTE
SKU_007,2024-09-30,49,CD_NORTE
SKU_007,2024-10-07,64,CD_NORTE
SKU_007,2024-10-14,69,CD_NORTE
SKU_007,2024-10-21,61,CD_NORTE
SKU_007,2024-10-28,71,CD_NORTE
SKU_007,2024-11-04,74,CD_NORTE
SKU_007,2024-11-11,72,CD_NORTE
SKU_007,2024-11-18,68,CD_NORTE
SKU_007,2024-11-25,78,CD_NORTE
SKU_007,2024-12-02,82,CD_NORTE
SKU_007,2024-12-09,68,CD_NORTE
SKU_007,2024-12-16,96,CD_NORTE
SKU_007,2024-12-23,81,CD_NORTE
SKU_007,2024-12-30,84,CD_NORTE
SKU_007,2025-01-06,93,CD_NORTE
SKU_007,2025-01-13,90,CD_NORTE
SKU_007,2025-01-20,100,CD_NORTE
SKU_007,2025-01-27,94,CD_NORTE
SKU_007,2025-02-03,87,CD_NORTE
SKU_007,2025-02-10,99,CD_NORTE
SKU_007,2025-02-17,84,CD_NORTE
SKU_007,2025-02-24,98,CD_NORTE
SKU_007,2025-03-03,98,CD_NORTE
SKU_007,2025-03-10,97,CD_NORTE
SKU_007,2025-03-17,99,CD_NORTE
SKU_007,2025-03-24,82,CD_NORTE
SKU_007,2025-03-31,95,CD_NORTE
SKU_007,2025-04-07,102,CD_NORTE
SKU_007,2025-04-14,103,CD_NORTE
SKU_007,2025-04-21,90,CD_NORTE
SKU_007,2025-04-28,113,CD_NORTE
SKU_007,2025-05-05,90,CD_NORTE
SKU_007,2025-05-12,108,CD_NORTE
SKU_007,2025-05-19,101,CD_NORTE
SKU_007,2025-05-26,89,CD_NORTE
SKU_007,2025-06-02,113,CD_NORTE
SKU_007,2025-06-09,81,CD_NORTE
SKU_007,2025-06-16,100,CD_NORTE
SKU_007,2025-06-23,100,CD_NORTE
SKU_007,2025-06-30,81,CD_NORTE
SKU_007,2025-07-07,100,CD_NORTE
SKU_007,2025-07-14,81,CD_NORTE
SKU_007,2025-07-21,85,CD_NORTE
SKU_007,2025-07-28,84,CD_NORTE
SKU_007,2025-08-04,78,CD_NORTE
SKU_007,2025-08-11,85,CD_NORTE
SKU_007,2025-08-18,84,CD_NORTE
SKU_007,2025-08-25,57,CD_NORTE
SKU_007,2025-09-01,87,CD_NORTE
SKU_007,2025-09-08,56,CD_NORTE
SKU_007,2025-09-15,83,CD_NORTE
SKU_007,2025-09-22,83,CD_NORTE
SKU_007,2025-09-29,60,CD_NORTE
SKU_007,2025-10-06,67,CD_NORTE
SKU_007,2025-10-13,60,CD_NORTE
SKU_007,2025-10-20,69,CD_NORTE
SKU_007,2025-10-27,69,CD_NORTE
SKU_007,2025-11-03,81,CD_NORTE
SKU_007,2025-11-10,88,CD_NORTE
SKU_007,2025-11-17,89,CD_NORTE
SKU_007,2025-11-24,70,CD_NORTE
SKU_007,2025-12-01,75,CD_NORTE
SKU_007,2025-12-08,62,CD_NORTE
SKU_007,2025-12-15,73,CD_NORTE
SKU_007,2025-12-22,92,CD_NORTE
SKU_007,2025-12-29,101,CD_NORTE
SKU_007,2024-01-08,96,CD_CENTRO
SKU_007,2024-01-15,108,CD_CENTRO
SKU_007,2024-01-22,87,CD_CENTRO
SKU_007,2024-01-29,100,CD_CENTRO
SKU_007,2024-02-05,88,CD_CENTRO
SKU_007,2024-02-12,103,CD_CENTRO
SKU_007,2024-02-19,102,CD_CENTRO
SKU_007,2024-02-26,102,CD_CENTRO
SKU_007,2024-03-04,103,CD_CENTRO
SKU_007,2024-03-11,114,CD_CENTRO
SKU_007,2024-03-18,89,CD_CENTRO
SKU_007,2024-03-25,98,CD_CENTRO
SKU_007,2024-04-01,108,CD_CENTRO
SKU_007,2024-04-08,95,CD_CENTRO
SKU_007,2024-04-15,109,CD_CENTRO
SKU_007,2024-04-22,107,CD_CENTRO
SKU_007,2024-04-29,91,CD_CENTRO
SKU_007,2024-05-06,90,CD_CENTRO
SKU_007,2024-05-13,76,CD_CENTRO
SKU_007,2024-05-20,90,CD_CENTRO
SKU_007,2024-05-27,103,CD_CENTRO
SKU_007,2024-06-03,104,CD_CENTRO
SKU_007,2024-06-10,102,CD_CENTRO
SKU_007,2024-06-17,89,CD_CENTRO
SKU_007,2024-06-24,97,CD_CENTRO
SKU_007,2024-07-01,99,CD_CENTRO
SKU_007,2024-07-08,79,CD_CENTRO
SKU_007,2024-07-15,92,CD_CENTRO
SKU_007,2024-07-22,96,CD_CENTRO
SKU_007,2024-07-29,83,CD_CENTRO
SKU_007,2024-08-05,98,CD_CENTRO
SKU_007,2024-08-12,79,CD_CENTRO
SKU_007,2024-08-19,73,CD_CENTRO
SKU_007,2024-08-26,88,CD_CENTRO
SKU_007,2024-09-02,104,CD_CENTRO
SKU_007,2024-09-09,81,CD_CENTRO
SKU_007,2024-09-16,86,CD_CENTRO
SKU_007,2024-09-23,72,CD_CENTRO
SKU_007,2024-09-30,64,CD_CENTRO
SKU_007,2024-10-07,80,CD_CENTRO
SKU_007,2024-10-14,82,CD_CENTRO
SKU_007,2024-10-21,74,CD_CENTRO
SKU_007,2024-10-28,86,CD_CENTRO
SKU_007,2024-11-04,73,CD_CENTRO
SKU_007,2024-11-11,71,CD_CENTRO
SKU_007,2024-11-18,94,CD_CENTRO
SKU_007,2024-11-25,95,CD_CENTRO
SKU_007,2024-12-02,77,CD_CENTRO
SKU_007,2024-12-09,105,CD_CENTRO
SKU_007,2024-12-16,85,CD_CENTRO
SKU_007,2024-12-23,90,CD_CENTRO
SKU_007,2024-12-30,90,CD_CENTRO
SKU_007,2025-01-06,99,CD_CENTRO
SKU_007,2025-01-13,98,CD_CENTRO
SKU_007,2025-01-20,100,CD_CENTRO
SKU_007,2025-01-27,87,CD_CENTRO
SKU_007,2025-02-03,81,CD_CENTRO
SKU_007,2025-02-10,115,CD_CENTRO
SKU_007,2025-02-17,97,CD_CENTRO
SKU_007,2025-02-24,103,CD_CENTRO
SKU_007,2025-03-03,109,CD_CENTRO
SKU_007,2025-03-10,124,CD_CENTRO
SKU_007,2025-03-17,109,CD_CENTRO
SKU_007,2025-03-24,104,CD_CENTRO
SKU_007,2025-03-31,102,CD_CENTRO
SKU_007,2025-04-07,108,CD_CENTRO
SKU_007,2025-04-14,98,CD_CENTRO
SKU_007,2025-04-21,108,CD_CENTRO
SKU_007,2025-04-28,106,CD_CENTRO
SKU_007,2025-05-05,124,CD_CENTRO
SKU_007,2025-05-12,104,CD_CENTRO
SKU_007,2025-05-19,83,CD_CENTRO
SKU_007,2025-05-26,133,CD_CENTRO
SKU_007,2025-06-02,113,CD_CENTRO
SKU_007,2025-06-09,123,CD_CENTRO
SKU_007,2025-06-16,85,CD_CENTRO
SKU_007,2025-06-23,95,CD_CENTRO
SKU_007,2025-06-30,103,CD_CENTRO
SKU_007,2025-07-07,99,CD_CENTRO
SKU_007,2025-07-14,94,CD_CENTRO
SKU_007,2025-07-21,64,CD_CENTRO
SKU_007,2025-07-28,69,CD_CENTRO
SKU_007,2025-08-04,103,CD_CENTRO
SKU_007,2025-08-11,103,CD_CENTRO
SKU_007,2025-08-18,82,CD_CENTRO
SKU_007,2025-08-25,98,CD_CENTRO
SKU_007,2025-09-01,70,CD_CENTRO
SKU_007,2025-09-08,71,CD_CENTRO
SKU_007,2025-09-15,67,CD_CENTRO
SKU_007,2025-09-22,69,CD_CENTRO
SKU_007,2025-09-29,86,CD_CENTRO
SKU_007,2025-10-06,68,CD_CENTRO
SKU_007,2025-10-13,103,CD_CENTRO
SKU_007,2025-10-20,83,CD_CENTRO
SKU_007,2025-10-27,91,CD_CENTRO
SKU_007,2025-11-03,85,CD_CENTRO
SKU_007,2025-11-10,95,CD_CENTRO
SKU_007,2025-11-17,72,CD_CENTRO
SKU_007,2025-11-24,99,CD_CENTRO
SKU_007,2025-12-01,86,CD_CENTRO
SKU_007,2025-12-08,99,CD_CENTRO
SKU_007,2025-12-15,72,CD_CENTRO
SKU_007,2025-12-22,91,CD_CENTRO
SKU_007,2025-12-29,93,CD_CENTRO
SKU_007,2024-01-08,85,CD_SUR
SKU_007,2024-01-15,98,CD_SUR
SKU_007,2024-01-22,89,CD_SUR
SKU_007,2024-01-29,99,CD_SUR
SKU_007,2024-02-05,82,CD_SUR
SKU_007,2024-02-12,85,CD_SUR
SKU_007,2024-02-19,102,CD_SUR
SKU_007,2024-02-26,99,CD_SUR
SKU_007,2024-03-04,107,CD_SUR
SKU_007,2024-03-11,105,CD_SUR
SKU_007,2024-03-18,108,CD_SUR
SKU_007,2024-03-25,116,CD_SUR
SKU_007,2024-04-01,104,CD_SUR
SKU_007,2024-04-08,107,CD_SUR
SKU_007,2024-04-15,125,CD_SUR
SKU_007,2024-04-22,109,CD_SUR
SKU_007,2024-04-29,106,CD_SUR
SKU_007,2024-05-06,108,CD_SUR
SKU_007,2024-05-13,104,CD_SUR
SKU_007,2024-05-20,97,CD_SUR
SKU_007,2024-05-27,93,CD_SUR
SKU_007,2024-06-03,94,CD_SUR
SKU_007,2024-06-10,111,CD_SUR
SKU_007,2024-06-17,92,CD_SUR
SKU_007,2024-06-24,96,CD_SUR
SKU_007,2024-07-01,104,CD_SUR
SKU_007,2024-07-08,91,CD_SUR
SKU_007,2024-07-15,99,CD_SUR
SKU_007,2024-07-22,73,CD_SUR
SKU_007,2024-07-29,88,CD_SUR
SKU_007,2024-08-05,88,CD_SUR
SKU_007,2024-08-12,85,CD_SUR
SKU_007,2024-08-19,65,CD_SUR
SKU_007,2024-08-26,97,CD_SUR
SKU_007,2024-09-02,72,CD_SUR
SKU_007,2024-09-09,85,CD_SUR
SKU_007,2024-09-16,80,CD_SUR
SKU_007,2024-09-23,90,CD_SUR
SKU_007,2024-09-30,104,CD_SUR
SKU_007,2024-10-07,64,CD_SUR
SKU_007,2024-10-14,72,CD_SUR
SKU_007,2024-10-21,81,CD_SUR
SKU_007,2024-10-28,68,CD_SUR
SKU_007,2024-11-04,90,CD_SUR
SKU_007,2024-11-11,92,CD_SUR
SKU_007,2024-11-18,89,CD_SUR
SKU_007,2024-11-25,87,CD_SUR
SKU_007,2024-12-02,100,CD_SUR
SKU_007,2024-12-09,74,CD_SUR
SKU_007,2024-12-16,90,CD_SUR
SKU_007,2024-12-23,82,CD_SUR
SKU_007,2024-12-30,102,CD_SUR
SKU_007,2025-01-06,73,CD_SUR
SKU_007,2025-01-13,96,CD_SUR
SKU_007,2025-01-20,102,CD_SUR
SKU_007,2025-01-27,88,CD_SUR
SKU_007,2025-02-03,94,CD_SUR
SKU_007,2025-02-10,103,CD_SUR
SKU_007,2025-02-17,115,CD_SUR
SKU_007,2025-02-24,93,CD_SUR
SKU_007,2025-03-03,96,CD_SUR
SKU_007,2025-03-10,120,CD_SUR
SKU_007,2025-03-17,105,CD_SUR
SKU_007,2025-03-24,100,CD_SUR
SKU_007,2025-03-31,117,CD_SUR
SKU_007,2025-04-07,103,CD_SUR
SKU_007,2025-04-14,121,CD_SUR
SKU_007,2025-04-21,102,CD_SUR
SKU_007,2025-04-28,106,CD_SUR
SKU_007,2025-05-05,118,CD_SUR
SKU_007,2025-05-12,103,CD_SUR
SKU_007,2025-05-19,114,CD_SUR
SKU_007,2025-05-26,103,CD_SUR
SKU_007,2025-06-02,125,CD_SUR
SKU_007,2025-06-09,119,CD_SUR
SKU_007,2025-06-16,84,CD_SUR
SKU_007,2025-06-23,104,CD_SUR
SKU_007,2025-06-30,87,CD_SUR
SKU_007,2025-07-07,96,CD_SUR
SKU_007,2025-07-14,93,CD_SUR
SKU_007,2025-07-21,78,CD_SUR
SKU_007,2025-07-28,101,CD_SUR
SKU_007,2025-08-04,89,CD_SUR
SKU_007,2025-08-11,82,CD_SUR
SKU_007,2025-08-18,79,CD_SUR
SKU_007,2025-08-25,85,CD_SUR
SKU_007,2025-09-01,87,CD_SUR
SKU_007,2025-09-08,80,CD_SUR
SKU_007,2025-09-15,48,CD_SUR
SKU_007,2025-09-22,79,CD_SUR
SKU_007,2025-09-29,63,CD_SUR
SKU_007,2025-10-06,77,CD_SUR
SKU_007,2025-10-13,63,CD_SUR
SKU_007,2025-10-20,63,CD_SUR
SKU_007,2025-10-27,94,CD_SUR
SKU_007,2025-11-03,77,CD_SUR
SKU_007,2025-11-10,78,CD_SUR
SKU_007,2025-11-17,88,CD_SUR
SKU_007,2025-11-24,80,CD_SUR
SKU_007,2025-12-01,109,CD_SUR
SKU_007,2025-12-08,84,CD_SUR
SKU_007,2025-12-15,93,CD_SUR
SKU_007,2025-12-22,101,CD_SUR
SKU_007,2025-12-29,110,CD_SUR
SKU_008,2024-01-08,101,CD_NORTE
SKU_008,2024-01-15,91,CD_NORTE
SKU_008,2024-01-22,97,CD_NORTE
SKU_008,2024-01-29,86,CD_NORTE
SKU_008,2024-02-05,89,CD_NORTE
SKU_008,2024-02-12,115,CD_NORTE
SKU_008,2024-02-19,84,CD_NORTE
SKU_008,2024-02-26,95,CD_NORTE
SKU_008,2024-03-04,94,CD_NORTE
SKU_008,2024-03-11,90,CD_NORTE
SKU_008,2024-03-18,99,CD_NORTE
SKU_008,2024-03-25,100,CD_NORTE
SKU_008,2024-04-01,83,CD_NORTE
SKU_008,2024-04-08,94,CD_NORTE
SKU_008,2024-04-15,81,CD_NORTE
SKU_008,2024-04-22,102,CD_NORTE
SKU_008,2024-04-29,95,CD_NORTE
SKU_008,2024-05-06,94,CD_NORTE
SKU_008,2024-05-13,100,CD_NORTE
SKU_008,2024-05-20,90,CD_NORTE
SKU_008,2024-05-27,103,CD_NORTE
SKU_008,2024-06-03,82,CD_NORTE
SKU_008,2024-06-10,109,CD_NORTE
SKU_008,2024-06-17,87,CD_NORTE
SKU_008,2024-06-24,74,CD_NORTE
SKU_008,2024-07-01,89,CD_NORTE
SKU_008,2024-07-08,88,CD_NORTE
SKU_008,2024-07-15,89,CD_NORTE
SKU_008,2024-07-22,96,CD_NORTE
SKU_008,2024-07-29,105,CD_NORTE
SKU_008,2024-08-05,91,CD_NORTE
SKU_008,2024-08-12,85,CD_NORTE
SKU_008,2024-08-19,80,CD_NORTE
SKU_008,2024-08-26,88,CD_NORTE
SKU_008,2024-09-02,72,CD_NORTE
SKU_008,2024-09-09,85,CD_NORTE
SKU_008,2024-09-16,107,CD_NORTE
SKU_008,2024-09-23,84,CD_NORTE
SKU_008,2024-09-30,100,CD_NORTE
SKU_008,2024-10-07,79,CD_NORTE
SKU_008,2024-10-14,113,CD_NORTE
SKU_008,2024-10-21,114,CD_NORTE
SKU_008,2024-10-28,100,CD_NORTE
SKU_008,2024-11-04,115,CD_NORTE
SKU_008,2024-11-11,97,CD_NORTE
SKU_008,2024-11-18,102,CD_NORTE
SKU_008,2024-11-25,107,CD_NORTE
SKU_008,2024-12-02,95,CD_NORTE
SKU_008,2024-12-09,76,CD_NORTE
SKU_008,2024-12-16,102,CD_NORTE
SKU_008,2024-12-23,88,CD_NORTE
SKU_008,2024-12-30,89,CD_NORTE
SKU_008,2025-01-06,96,CD_NORTE
SKU_008,2025-01-13,99,CD_NORTE
SKU_008,2025-01-20,95,CD_NORTE
SKU_008,2025-01-27,100,CD_NORTE
SKU_008,2025-02-03,85,CD_NORTE
SKU_008,2025-02-10,93,CD_NORTE
SKU_008,2025-02-17,102,CD_NORTE
SKU_008,2025-02-24,113,CD_NORTE
SKU_008,2025-03-03,117,CD_NORTE
SKU_008,2025-03-10,98,CD_NORTE
SKU_008,2025-03-17,102,CD_NORTE
SKU_008,2025-03-24,115,CD_NORTE
SKU_008,2025-03-31,86,CD_NORTE
SKU_008,2025-04-07,100,CD_NORTE
SKU_008,2025-04-14,102,CD_NORTE
SKU_008,2025-04-21,109,CD_NORTE
SKU_008,2025-04-28,80,CD_NORTE
SKU_008,2025-05-05,83,CD_NORTE
SKU_008,2025-05-12,93,CD_NORTE
SKU_008,2025-05-19,97,CD_NORTE
SKU_008,2025-05-26,106,CD_NORTE
SKU_008,2025-06-02,99,CD_NORTE
SKU_008,2025-06-09,91,CD_NORTE
SKU_008,2025-06-16,98,CD_NORTE
SKU_008,2025-06-23,96,CD_NORTE
SKU_008,2025-06-30,112,CD_NORTE
SKU_008,2025-07-07,95,CD_NORTE
SKU_008,2025-07-14,89,CD_NORTE
SKU_008,2025-07-21,98,CD_NORTE
SKU_008,2025-07-28,95,CD_NORTE
SKU_008,2025-08-04,75,CD_NORTE
SKU_008,2025-08-11,93,CD_NORTE
SKU_008,2025-08-18,92,CD_NORTE
SKU_008,2025-08-25,87,CD_NORTE
SKU_008,2025-09-01,105,CD_NORTE
SKU_008,2025-09-08,84,CD_NORTE
SKU_008,2025-09-15,98,CD_NORTE
SKU_008,2025-09-22,91,CD_NORTE
SKU_008,2025-09-29,94,CD_NORTE
SKU_008,2025-10-06,98,CD_NORTE
SKU_008,2025-10-13,78,CD_NORTE
SKU_008,2025-10-20,95,CD_NORTE
SKU_008,2025-10-27,119,CD_NORTE
SKU_008,2025-11-03,76,CD_NORTE
SKU_008,2025-11-10,92,CD_NORTE
SKU_008,2025-11-17,106,CD_NORTE
SKU_008,2025-11-24,96,CD_NORTE
SKU_008,2025-12-01,101,CD_NORTE
SKU_008,2025-12-08,66,CD_NORTE
SKU_008,2025-12-15,100,CD_NORTE
SKU_008,2025-12-22,84,CD_NORTE
SKU_008,2025-12-29,96,CD_NORTE
SKU_008,2024-01-08,103,CD_CENTRO
SKU_008,2024-01-15,134,CD_CENTRO
SKU_008,2024-01-22,158,CD_CENTRO
SKU_008,2024-01-29,106,CD_CENTRO
SKU_008,2024-02-05,130,CD_CENTRO
SKU_008,2024-02-12,117,CD_CENTRO
SKU_008,2024-02-19,133,CD_CENTRO
SKU_008,2024-02-26,127,CD_CENTRO
SKU_008,2024-03-04,117,CD_CENTRO
SKU_008,2024-03-11,134,CD_CENTRO
SKU_008,2024-03-18,154,CD_CENTRO
SKU_008,2024-03-25,124,CD_CENTRO
SKU_008,2024-04-01,138,CD_CENTRO
SKU_008,2024-04-08,107,CD_CENTRO
SKU_008,2024-04-15,112,CD_CENTRO
SKU_008,2024-04-22,134,CD_CENTRO
SKU_008,2024-04-29,150,CD_CENTRO
SKU_008,2024-05-06,132,CD_CENTRO
SKU_008,2024-05-13,122,CD_CENTRO
SKU_008,2024-05-20,127,CD_CENTRO
SKU_008,2024-05-27,108,CD_CENTRO
SKU_008,2024-06-03,136,CD_CENTRO
SKU_008,2024-06-10,140,CD_CENTRO
SKU_008,2024-06-17,120,CD_CENTRO
SKU_008,2024-06-24,120,CD_CENTRO
SKU_008,2024-07-01,131,CD_CENTRO
SKU_008,2024-07-08,120,CD_CENTRO
SKU_008,2024-07-15,126,CD_CENTRO
SKU_008,2024-07-22,159,CD_CENTRO
SKU_008,2024-07-29,123,CD_CENTRO
SKU_008,2024-08-05,122,CD_CENTRO
SKU_008,2024-08-12,117,CD_CENTRO
SKU_008,2024-08-19,138,CD_CENTRO
SKU_008,2024-08-26,124,CD_CENTRO
SKU_008,2024-09-02,117,CD_CENTRO
SKU_008,2024-09-09,147,CD_CENTRO
SKU_008,2024-09-16,149,CD_CENTRO
SKU_008,2024-09-23,118,CD_CENTRO
SKU_008,2024-09-30,99,CD_CENTRO
SKU_008,2024-10-07,142,CD_CENTRO
SKU_008,2024-10-14,117,CD_CENTRO
SKU_008,2024-10-21,139,CD_CENTRO
SKU_008,2024-10-28,97,CD_CENTRO
SKU_008,2024-11-04,141,CD_CENTRO
SKU_008,2024-11-11,109,CD_CENTRO
SKU_008,2024-11-18,138,CD_CENTRO
SKU_008,2024-11-25,127,CD_CENTRO
SKU_008,2024-12-02,112,CD_CENTRO
SKU_008,2024-12-09,121,CD_CENTRO
SKU_008,2024-12-16,137,CD_CENTRO
SKU_008,2024-12-23,129,CD_CENTRO
SKU_008,2024-12-30,136,CD_CENTRO
SKU_008,2025-01-06,157,CD_CENTRO
SKU_008,2025-01-13,103,CD_CENTRO
SKU_008,2025-01-20,152,CD_CENTRO
SKU_008,2025-01-27,129,CD_CENTRO
SKU_008,2025-02-03,113,CD_CENTRO
SKU_008,2025-02-10,107,CD_CENTRO
SKU_008,2025-02-17,124,CD_CENTRO
SKU_008,2025-02-24,141,CD_CENTRO
SKU_008,2025-03-03,125,CD_CENTRO
SKU_008,2025-03-10,150,CD_CENTRO
SKU_008,2025-03-17,105,CD_CENTRO
SKU_008,2025-03-24,127,CD_CENTRO
SKU_008,2025-03-31,108,CD_CENTRO
SKU_008,2025-04-07,133,CD_CENTRO
SKU_008,2025-04-14,141,CD_CENTRO
SKU_008,2025-04-21,121,CD_CENTRO
SKU_008,2025-04-28,87,CD_CENTRO
SKU_008,2025-05-05,130,CD_CENTRO
SKU_008,2025-05-12,134,CD_CENTRO
SKU_008,2025-05-19,133,CD_CENTRO
SKU_008,2025-05-26,146,CD_CENTRO
SKU_008,2025-06-02,111,CD_CENTRO
SKU_008,2025-06-09,137,CD_CENTRO
SKU_008,2025-06-16,145,CD_CENTRO
SKU_008,2025-06-23,100,CD_CENTRO
SKU_008,2025-06-30,132,CD_CENTRO
SKU_008,2025-07-07,119,CD_CENTRO
SKU_008,2025-07-14,126,CD_CENTRO
SKU_008,2025-07-21,132,CD_CENTRO
SKU_008,2025-07-28,120,CD_CENTRO
SKU_008,2025-08-04,117,CD_CENTRO
SKU_008,2025-08-11,128,CD_CENTRO
SKU_008,2025-08-18,110,CD_CENTRO
SKU_008,2025-08-25,110,CD_CENTRO
SKU_008,2025-09-01,137,CD_CENTRO
SKU_008,2025-09-08,109,CD_CENTRO
SKU_008,2025-09-15,137,CD_CENTRO
SKU_008,2025-09-22,134,CD_CENTRO
SKU_008,2025-09-29,101,CD_CENTRO
SKU_008,2025-10-06,117,CD_CENTRO
SKU_008,2025-10-13,145,CD_CENTRO
SKU_008,2025-10-20,112,CD_CENTRO
SKU_008,2025-10-27,120,CD_CENTRO
SKU_008,2025-11-03,134,CD_CENTRO
SKU_008,2025-11-10,139,CD_CENTRO
SKU_008,2025-11-17,123,CD_CENTRO
SKU_008,2025-11-24,118,CD_CENTRO
SKU_008,2025-12-01,149,CD_CENTRO
SKU_008,2025-12-08,154,CD_CENTRO
SKU_008,2025-12-15,142,CD_CENTRO
SKU_008,2025-12-22,128,CD_CENTRO
SKU_008,2025-12-29,115,CD_CENTRO
SKU_008,2024-01-08,105,CD_SUR
SKU_008,2024-01-15,135,CD_SUR
SKU_008,2024-01-22,128,CD_SUR
SKU_008,2024-01-29,170,CD_SUR
SKU_008,2024-02-05,141,CD_SUR
SKU_008,2024-02-12,131,CD_SUR
SKU_008,2024-02-19,118,CD_SUR
SKU_008,2024-02-26,138,CD_SUR
SKU_008,2024-03-04,156,CD_SUR
SKU_008,2024-03-11,138,CD_SUR
SKU_008,2024-03-18,119,CD_SUR
SKU_008,2024-03-25,142,CD_SUR
SKU_008,2024-04-01,132,CD_SUR
SKU_008,2024-04-08,140,CD_SUR
SKU_008,2024-04-15,127,CD_SUR
SKU_008,2024-04-22,127,CD_SUR
SKU_008,2024-04-29,126,CD_SUR
SKU_008,2024-05-06,148,CD_SUR
SKU_008,2024-05-13,127,CD_SUR
SKU_008,2024-05-20,126,CD_SUR
SKU_008,2024-05-27,118,CD_SUR
SKU_008,2024-06-03,140,CD_SUR
SKU_008,2024-06-10,138,CD_SUR
SKU_008,2024-06-17,126,CD_SUR
SKU_008,2024-06-24,122,CD_SUR
SKU_008,2024-07-01,163,CD_SUR
SKU_008,2024-07-08,103,CD_SUR
SKU_008,2024-07-15,141,CD_SUR
SKU_008,2024-07-22,154,CD_SUR
SKU_008,2024-07-29,79,CD_SUR
SKU_008,2024-08-05,146,CD_SUR
SKU_008,2024-08-12,129,CD_SUR
SKU_008,2024-08-19,137,CD_SUR
SKU_008,2024-08-26,128,CD_SUR
SKU_008,2024-09-02,150,CD_SUR
SKU_008,2024-09-09,139,CD_SUR
SKU_008,2024-09-16,135,CD_SUR
SKU_008,2024-09-23,119,CD_SUR
SKU_008,2024-09-30,163,CD_SUR
SKU_008,2024-10-07,133,CD_SUR
SKU_008,2024-10-14,170,CD_SUR
SKU_008,2024-10-21,164,CD_SUR
SKU_008,2024-10-28,105,CD_SUR
SKU_008,2024-11-04,123,CD_SUR
SKU_008,2024-11-11,116,CD_SUR
SKU_008,2024-11-18,132,CD_SUR
SKU_008,2024-11-25,136,CD_SUR
SKU_008,2024-12-02,137,CD_SUR
SKU_008,2024-12-09,150,CD_SUR
SKU_008,2024-12-16,157,CD_SUR
SKU_008,2024-12-23,148,CD_SUR
SKU_008,2024-12-30,124,CD_SUR
SKU_008,2025-01-06,121,CD_SUR
SKU_008,2025-01-13,133,CD_SUR
SKU_008,2025-01-20,140,CD_SUR
SKU_008,2025-01-27,130,CD_SUR
SKU_008,2025-02-03,112,CD_SUR
SKU_008,2025-02-10,144,CD_SUR
SKU_008,2025-02-17,127,CD_SUR
SKU_008,2025-02-24,126,CD_SUR
SKU_008,2025-03-03,132,CD_SUR
SKU_008,2025-03-10,129,CD_SUR
SKU_008,2025-03-17,127,CD_SUR
SKU_008,2025-03-24,113,CD_SUR
SKU_008,2025-03-31,131,CD_SUR
SKU_008,2025-04-07,144,CD_SUR
SKU_008,2025-04-14,137,CD_SUR
SKU_008,2025-04-21,148,CD_SUR
SKU_008,2025-04-28,121,CD_SUR
SKU_008,2025-05-05,113,CD_SUR
SKU_008,2025-05-12,129,CD_SUR
SKU_008,2025-05-19,123,CD_SUR
SKU_008,2025-05-26,125,CD_SUR
SKU_008,2025-06-02,136,CD_SUR
SKU_008,2025-06-09,125,CD_SUR
SKU_008,2025-06-16,113,CD_SUR
SKU_008,2025-06-23,124,CD_SUR
SKU_008,2025-06-30,138,CD_SUR
SKU_008,2025-07-07,144,CD_SUR
SKU_008,2025-07-14,144,CD_SUR
SKU_008,2025-07-21,140,CD_SUR
SKU_008,2025-07-28,130,CD_SUR
SKU_008,2025-08-04,139,CD_SUR
SKU_008,2025-08-11,132,CD_SUR
SKU_008,2025-08-18,135,CD_SUR
SKU_008,2025-08-25,118,CD_SUR
SKU_008,2025-09-01,134,CD_SUR
SKU_008,2025-09-08,139,CD_SUR
SKU_008,2025-09-15,138,CD_SUR
SKU_008,2025-09-22,112,CD_SUR
SKU_008,2025-09-29,135,CD_SUR
SKU_008,2025-10-06,110,CD_SUR
SKU_008,2025-10-13,136,CD_SUR
SKU_008,2025-10-20,122,CD_SUR
SKU_008,2025-10-27,160,CD_SUR
SKU_008,2025-11-03,135,CD_SUR
SKU_008,2025-11-10,146,CD_SUR
SKU_008,2025-11-17,167,CD_SUR
SKU_008,2025-11-24,120,CD_SUR
SKU_008,2025-12-01,140,CD_SUR
SKU_008,2025-12-08,114,CD_SUR
SKU_008,2025-12-15,139,CD_SUR
SKU_008,2025-12-22,161,CD_SUR
SKU_008,2025-12-29,123,CD_SUR
SKU_009,2024-01-08,92,CD_NORTE
SKU_009,2024-01-15,90,CD_NORTE
SKU_009,2024-01-22,89,CD_NORTE
SKU_009,2024-01-29,87,CD_NORTE
SKU_009,2024-02-05,63,CD_NORTE
SKU_009,2024-02-12,87,CD_NORTE
SKU_009,2024-02-19,84,CD_NORTE
SKU_009,2024-02-26,64,CD_NORTE
SKU_009,2024-03-04,76,CD_NORTE
SKU_009,2024-03-11,81,CD_NORTE
SKU_009,2024-03-18,94,CD_NORTE
SKU_009,2024-03-25,85,CD_NORTE
SKU_009,2024-04-01,70,CD_NORTE
SKU_009,2024-04-08,94,CD_NORTE
SKU_009,2024-04-15,78,CD_NORTE
SKU_009,2024-04-22,76,CD_NORTE
SKU_009,2024-04-29,75,CD_NORTE
SKU_009,2024-05-06,63,CD_NORTE
SKU_009,2024-05-13,77,CD_NORTE
SKU_009,2024-05-20,83,CD_NORTE
SKU_009,2024-05-27,74,CD_NORTE
SKU_009,2024-06-03,82,CD_NORTE
SKU_009,2024-06-10,70,CD_NORTE
SKU_009,2024-06-17,77,CD_NORTE
SKU_009,2024-06-24,81,CD_NORTE
SKU_009,2024-07-01,80,CD_NORTE
SKU_009,2024-07-08,63,CD_NORTE
SKU_009,2024-07-15,74,CD_NORTE
SKU_009,2024-07-22,94,CD_NORTE
SKU_009,2024-07-29,73,CD_NORTE
SKU_009,2024-08-05,78,CD_NORTE
SKU_009,2024-08-12,77,CD_NORTE
SKU_009,2024-08-19,93,CD_NORTE
SKU_009,2024-08-26,90,CD_NORTE
SKU_009,2024-09-02,86,CD_NORTE
SKU_009,2024-09-09,69,CD_NORTE
SKU_009,2024-09-16,81,CD_NORTE
SKU_009,2024-09-23,83,CD_NORTE
SKU_009,2024-09-30,71,CD_NORTE
SKU_009,2024-10-07,70,CD_NORTE
SKU_009,2024-10-14,94,CD_NORTE
SKU_009,2024-10-21,75,CD_NORTE
SKU_009,2024-10-28,93,CD_NORTE
SKU_009,2024-11-04,87,CD_NORTE
SKU_009,2024-11-11,82,CD_NORTE
SKU_009,2024-11-18,82,CD_NORTE
SKU_009,2024-11-25,65,CD_NORTE
SKU_009,2024-12-02,80,CD_NORTE
SKU_009,2024-12-09,91,CD_NORTE
SKU_009,2024-12-16,84,CD_NORTE
SKU_009,2024-12-23,79,CD_NORTE
SKU_009,2024-12-30,94,CD_NORTE
SKU_009,2025-01-06,76,CD_NORTE
SKU_009,2025-01-13,72,CD_NORTE
SKU_009,2025-01-20,79,CD_NORTE
SKU_009,2025-01-27,85,CD_NORTE
SKU_009,2025-02-03,62,CD_NORTE
SKU_009,2025-02-10,81,CD_NORTE
SKU_009,2025-02-17,86,CD_NORTE
SKU_009,2025-02-24,75,CD_NORTE
SKU_009,2025-03-03,88,CD_NORTE
SKU_009,2025-03-10,84,CD_NORTE
SKU_009,2025-03-17,98,CD_NORTE
SKU_009,2025-03-24,71,CD_NORTE
SKU_009,2025-03-31,86,CD_NORTE
SKU_009,2025-04-07,68,CD_NORTE
SKU_009,2025-04-14,63,CD_NORTE
SKU_009,2025-04-21,59,CD_NORTE
SKU_009,2025-04-28,83,CD_NORTE
SKU_009,2025-05-05,80,CD_NORTE
SKU_009,2025-05-12,74,CD_NORTE
SKU_009,2025-05-19,61,CD_NORTE
SKU_009,2025-05-26,72,CD_NORTE
SKU_009,2025-06-02,78,CD_NORTE
SKU_009,2025-06-09,85,CD_NORTE
SKU_009,2025-06-16,78,CD_NORTE
SKU_009,2025-06-23,80,CD_NORTE
SKU_009,2025-06-30,74,CD_NORTE
SKU_009,2025-07-07,94,CD_NORTE
SKU_009,2025-07-14,68,CD_NORTE
SKU_009,2025-07-21,71,CD_NORTE
SKU_009,2025-07-28,73,CD_NORTE
SKU_009,2025-08-04,83,CD_NORTE
SKU_009,2025-08-11,68,CD_NORTE
SKU_009,2025-08-18,79,CD_NORTE
SKU_009,2025-08-25,80,CD_NORTE
SKU_009,2025-09-01,72,CD_NORTE
SKU_009,2025-09-08,81,CD_NORTE
SKU_009,2025-09-15,69,CD_NORTE
SKU_009,2025-09-22,68,CD_NORTE
SKU_009,2025-09-29,79,CD_NORTE
SKU_009,2025-10-06,62,CD_NORTE
SKU_009,2025-10-13,58,CD_NORTE
SKU_009,2025-10-20,83,CD_NORTE
SKU_009,2025-10-27,88,CD_NORTE
SKU_009,2025-11-03,74,CD_NORTE
SKU_009,2025-11-10,72,CD_NORTE
SKU_009,2025-11-17,87,CD_NORTE
SKU_009,2025-11-24,67,CD_NORTE
SKU_009,2025-12-01,65,CD_NORTE
SKU_009,2025-12-08,85,CD_NORTE
SKU_009,2025-12-15,78,CD_NORTE
SKU_009,2025-12-22,88,CD_NORTE
SKU_009,2025-12-29,58,CD_NORTE
SKU_009,2024-01-08,97,CD_CENTRO
SKU_009,2024-01-15,70,CD_CENTRO
SKU_009,2024-01-22,97,CD_CENTRO
SKU_009,2024-01-29,96,CD_CENTRO
SKU_009,2024-02-05,88,CD_CENTRO
SKU_009,2024-02-12,71,CD_CENTRO
SKU_009,2024-02-19,92,CD_CENTRO
SKU_009,2024-02-26,94,CD_CENTRO
SKU_009,2024-03-04,90,CD_CENTRO
SKU_009,2024-03-11,73,CD_CENTRO
SKU_009,2024-03-18,112,CD_CENTRO
SKU_009,2024-03-25,87,CD_CENTRO
SKU_009,2024-04-01,91,CD_CENTRO
SKU_009,2024-04-08,67,CD_CENTRO
SKU_009,2024-04-15,112,CD_CENTRO
SKU_009,2024-04-22,89,CD_CENTRO
SKU_009,2024-04-29,95,CD_CENTRO
SKU_009,2024-05-06,107,CD_CENTRO
SKU_009,2024-05-13,86,CD_CENTRO
SKU_009,2024-05-20,105,CD_CENTRO
SKU_009,2024-05-27,71,CD_CENTRO
SKU_009,2024-06-03,100,CD_CENTRO
SKU_009,2024-06-10,112,CD_CENTRO
SKU_009,2024-06-17,87,CD_CENTRO
SKU_009,2024-06-24,107,CD_CENTRO
SKU_009,2024-07-01,115,CD_CENTRO
SKU_009,2024-07-08,91,CD_CENTRO
SKU_009,2024-07-15,90,CD_CENTRO
SKU_009,2024-07-22,84,CD_CENTRO
SKU_009,2024-07-29,88,CD_CENTRO
SKU_009,2024-08-05,85,CD_CENTRO
SKU_009,2024-08-12,84,CD_CENTRO
SKU_009,2024-08-19,108,CD_CENTRO
SKU_009,2024-08-26,85,CD_CENTRO
SKU_009,2024-09-02,97,CD_CENTRO
SKU_009,2024-09-09,94,CD_CENTRO
SKU_009,2024-09-16,111,CD_CENTRO
SKU_009,2024-09-23,88,CD_CENTRO
SKU_009,2024-09-30,98,CD_CENTRO
SKU_009,2024-10-07,103,CD_CENTRO
SKU_009,2024-10-14,111,CD_CENTRO
SKU_009,2024-10-21,88,CD_CENTRO
SKU_009,2024-10-28,87,CD_CENTRO
SKU_009,2024-11-04,82,CD_CENTRO
SKU_009,2024-11-11,119,CD_CENTRO
SKU_009,2024-11-18,110,CD_CENTRO
SKU_009,2024-11-25,94,CD_CENTRO
SKU_009,2024-12-02,116,CD_CENTRO
SKU_009,2024-12-09,93,CD_CENTRO
SKU_009,2024-12-16,102,CD_CENTRO
SKU_009,2024-12-23,94,CD_CENTRO
SKU_009,2024-12-30,98,CD_CENTRO
SKU_009,2025-01-06,97,CD_CENTRO
SKU_009,2025-01-13,89,CD_CENTRO
SKU_009,2025-01-20,106,CD_CENTRO
SKU_009,2025-01-27,102,CD_CENTRO
SKU_009,2025-02-03,106,CD_CENTRO
SKU_009,2025-02-10,98,CD_CENTRO
SKU_009,2025-02-17,84,CD_CENTRO
SKU_009,2025-02-24,113,CD_CENTRO
SKU_009,2025-03-03,91,CD_CENTRO
SKU_009,2025-03-10,98,CD_CENTRO
SKU_009,2025-03-17,101,CD_CENTRO
SKU_009,2025-03-24,98,CD_CENTRO
SKU_009,2025-03-31,104,CD_CENTRO
SKU_009,2025-04-07,106,CD_CENTRO
SKU_009,2025-04-14,91,CD_CENTRO
SKU_009,2025-04-21,112,CD_CENTRO
SKU_009,2025-04-28,91,CD_CENTRO
SKU_009,2025-05-05,98,CD_CENTRO
SKU_009,2025-05-12,90,CD_CENTRO
SKU_009,2025-05-19,86,CD_CENTRO
SKU_009,2025-05-26,106,CD_CENTRO
SKU_009,2025-06-02,129,CD_CENTRO
SKU_009,2025-06-09,90,CD_CENTRO
SKU_009,2025-06-16,108,CD_CENTRO
SKU_009,2025-06-23,90,CD_CENTRO
SKU_009,2025-06-30,94,CD_CENTRO
SKU_009,2025-07-07,114,CD_CENTRO
SKU_009,2025-07-14,82,CD_CENTRO
SKU_009,2025-07-21,79,CD_CENTRO
SKU_009,2025-07-28,93,CD_CENTRO
SKU_009,2025-08-04,101,CD_CENTRO
SKU_009,2025-08-11,99,CD_CENTRO
SKU_009,2025-08-18,98,CD_CENTRO
SKU_009,2025-08-25,94,CD_CENTRO
SKU_009,2025-09-01,103,CD_CENTRO
SKU_009,2025-09-08,61,CD_CENTRO
SKU_009,2025-09-15,86,CD_CENTRO
SKU_009,2025-09-22,93,CD_CENTRO
SKU_009,2025-09-29,102,CD_CENTRO
SKU_009,2025-10-06,111,CD_CENTRO
SKU_009,2025-10-13,84,CD_CENTRO
SKU_009,2025-10-20,110,CD_CENTRO
SKU_009,2025-10-27,89,CD_CENTRO
SKU_009,2025-11-03,93,CD_CENTRO
SKU_009,2025-11-10,101,CD_CENTRO
SKU_009,2025-11-17,92,CD_CENTRO
SKU_009,2025-11-24,107,CD_CENTRO
SKU_009,2025-12-01,89,CD_CENTRO
SKU_009,2025-12-08,90,CD_CENTRO
SKU_009,2025-12-15,106,CD_CENTRO
SKU_009,2025-12-22,85,CD_CENTRO
SKU_009,2025-12-29,97,CD_CENTRO
SKU_009,2024-01-08,163,CD_SUR
SKU_009,2024-01-15,181,CD_SUR
SKU_009,2024-01-22,189,CD_SUR
SKU_009,2024-01-29,210,CD_SUR
SKU_009,2024-02-05,194,CD_SUR
SKU_009,2024-02-12,196,CD_SUR
SKU_009,2024-02-19,181,CD_SUR
SKU_009,2024-02-26,209,CD_SUR
SKU_009,2024-03-04,188,CD_SUR
SKU_009,2024-03-11,161,CD_SUR
SKU_009,2024-03-18,209,CD_SUR
SKU_009,2024-03-25,194,CD_SUR
SKU_009,2024-04-01,169,CD_SUR
SKU_009,2024-04-08,169,CD_SUR
SKU_009,2024-04-15,185,CD_SUR
SKU_009,2024-04-22,189,CD_SUR
SKU_009,2024-04-29,183,CD_SUR
SKU_009,2024-05-06,186,CD_SUR
SKU_009,2024-05-13,216,CD_SUR
SKU_009,2024-05-20,202,CD_SUR
SKU_009,2024-05-27,183,CD_SUR
SKU_009,2024-06-03,199,CD_SUR
SKU_009,2024-06-10,157,CD_SUR
SKU_009,2024-06-17,188,CD_SUR
SKU_009,2024-06-24,218,CD_SUR
SKU_009,2024-07-01,174,CD_SUR
SKU_009,2024-07-08,161,CD_SUR
SKU_009,2024-07-15,165,CD_SUR
SKU_009,2024-07-22,156,CD_SUR
SKU_009,2024-07-29,162,CD_SUR
SKU_009,2024-08-05,171,CD_SUR
SKU_009,2024-08-12,149,CD_SUR
SKU_009,2024-08-19,179,CD_SUR
SKU_009,2024-08-26,198,CD_SUR
SKU_009,2024-09-02,160,CD_SUR
SKU_009,2024-09-09,212,CD_SUR
SKU_009,2024-09-16,190,CD_SUR
SKU_009,2024-09-23,201,CD_SUR
SKU_009,2024-09-30,165,CD_SUR
SKU_009,2024-10-07,197,CD_SUR
SKU_009,2024-10-14,156,CD_SUR
SKU_009,2024-10-21,198,CD_SUR
SKU_009,2024-10-28,183,CD_SUR
SKU_009,2024-11-04,191,CD_SUR
SKU_009,2024-11-11,154,CD_SUR
SKU_009,2024-11-18,160,CD_SUR
SKU_009,2024-11-25,192,CD_SUR
SKU_009,2024-12-02,159,CD_SUR
SKU_009,2024-12-09,189,CD_SUR
SKU_009,2024-12-16,150,CD_SUR
SKU_009,2024-12-23,197,CD_SUR
SKU_009,2024-12-30,153,CD_SUR
SKU_009,2025-01-06,191,CD_SUR
SKU_009,2025-01-13,192,CD_SUR
SKU_009,2025-01-20,164,CD_SUR
SKU_009,2025-01-27,192,CD_SUR
SKU_009,2025-02-03,185,CD_SUR
SKU_009,2025-02-10,167,CD_SUR
SKU_009,2025-02-17,157,CD_SUR
SKU_009,2025-02-24,137,CD_SUR
SKU_009,2025-03-03,187,CD_SUR
SKU_009,2025-03-10,145,CD_SUR
SKU_009,2025-03-17,181,CD_SUR
SKU_009,2025-03-24,173,CD_SUR
SKU_009,2025-03-31,194,CD_SUR
SKU_009,2025-04-07,173,CD_SUR
SKU_009,2025-04-14,172,CD_SUR
SKU_009,2025-04-21,195,CD_SUR
SKU_009,2025-04-28,186,CD_SUR
SKU_009,2025-05-05,186,CD_SUR
SKU_009,2025-05-12,189,CD_SUR
SKU_009,2025-05-19,146,CD_SUR
SKU_009,2025-05-26,195,CD_SUR
SKU_009,2025-06-02,192,CD_SUR
SKU_009,2025-06-09,157,CD_SUR
SKU_009,2025-06-16,174,CD_SUR
SKU_009,2025-06-23,178,CD_SUR
SKU_009,2025-06-30,176,CD_SUR
SKU_009,2025-07-07,186,CD_SUR
SKU_009,2025-07-14,210,CD_SUR
SKU_009,2025-07-21,202,CD_SUR
SKU_009,2025-07-28,151,CD_SUR
SKU_009,2025-08-04,192,CD_SUR
SKU_009,2025-08-11,208,CD_SUR
SKU_009,2025-08-18,187,CD_SUR
SKU_009,2025-08-25,202,CD_SUR
SKU_009,2025-09-01,222,CD_SUR
SKU_009,2025-09-08,201,CD_SUR
SKU_009,2025-09-15,184,CD_SUR
SKU_009,2025-09-22,201,CD_SUR
SKU_009,2025-09-29,182,CD_SUR
SKU_009,2025-10-06,180,CD_SUR
SKU_009,2025-10-13,171,CD_SUR
SKU_009,2025-10-20,213,CD_SUR
SKU_009,2025-10-27,161,CD_SUR
SKU_009,2025-11-03,212,CD_SUR
SKU_009,2025-11-10,190,CD_SUR
SKU_009,2025-11-17,149,CD_SUR
SKU_009,2025-11-24,187,CD_SUR
SKU_009,2025-12-01,134,CD_SUR
SKU_009,2025-12-08,192,CD_SUR
SKU_009,2025-12-15,198,CD_SUR
SKU_009,2025-12-22,166,CD_SUR
SKU_009,2025-12-29,182,CD_SUR
SKU_010,2024-01-08,66,CD_NORTE
SKU_010,2024-01-15,81,CD_NORTE
SKU_010,2024-01-22,76,CD_NORTE
SKU_010,2024-01-29,80,CD_NORTE
SKU_010,2024-02-05,78,CD_NORTE
SKU_010,2024-02-12,75,CD_NORTE
SKU_010,2024-02-19,94,CD_NORTE
SKU_010,2024-02-26,84,CD_NORTE
SKU_010,2024-03-04,79,CD_NORTE
SKU_010,2024-03-11,94,CD_NORTE
SKU_010,2024-03-18,73,CD_NORTE
SKU_010,2024-03-25,104,CD_NORTE
SKU_010,2024-04-01,83,CD_NORTE
SKU_010,2024-04-08,74,CD_NORTE
SKU_010,2024-04-15,101,CD_NORTE
SKU_010,2024-04-22,81,CD_NORTE
SKU_010,2024-04-29,86,CD_NORTE
SKU_010,2024-05-06,89,CD_NORTE
SKU_010,2024-05-13,92,CD_NORTE
SKU_010,2024-05-20,84,CD_NORTE
SKU_010,2024-05-27,75,CD_NORTE
SKU_010,2024-06-03,81,CD_NORTE
SKU_010,2024-06-10,73,CD_NORTE
SKU_010,2024-06-17,77,CD_NORTE
SKU_010,2024-06-24,88,CD_NORTE
SKU_010,2024-07-01,78,CD_NORTE
SKU_010,2024-07-08,72,CD_NORTE
SKU_010,2024-07-15,74,CD_NORTE
SKU_010,2024-07-22,73,CD_NORTE
SKU_010,2024-07-29,56,CD_NORTE
SKU_010,2024-08-05,63,CD_NORTE
SKU_010,2024-08-12,83,CD_NORTE
SKU_010,2024-08-19,70,CD_NORTE
SKU_010,2024-08-26,55,CD_NORTE
SKU_010,2024-09-02,53,CD_NORTE
SKU_010,2024-09-09,52,CD_NORTE
SKU_010,2024-09-16,63,CD_NORTE
SKU_010,2024-09-23,69,CD_NORTE
SKU_010,2024-09-30,60,CD_NORTE
SKU_010,2024-10-07,56,CD_NORTE
SKU_010,2024-10-14,51,CD_NORTE
SKU_010,2024-10-21,58,CD_NORTE
SKU_010,2024-10-28,49,CD_NORTE
SKU_010,2024-11-04,41,CD_NORTE
SKU_010,2024-11-11,72,CD_NORTE
SKU_010,2024-11-18,51,CD_NORTE
SKU_010,2024-11-25,57,CD_NORTE
SKU_010,2024-12-02,67,CD_NORTE
SKU_010,2024-12-09,75,CD_NORTE
SKU_010,2024-12-16,67,CD_NORTE
SKU_010,2024-12-23,56,CD_NORTE
SKU_010,2024-12-30,65,CD_NORTE
SKU_010,2025-01-06,64,CD_NORTE
SKU_010,2025-01-13,72,CD_NORTE
SKU_010,2025-01-20,84,CD_NORTE
SKU_010,2025-01-27,54,CD_NORTE
SKU_010,2025-02-03,74,CD_NORTE
SKU_010,2025-02-10,75,CD_NORTE
SKU_010,2025-02-17,69,CD_NORTE
SKU_010,2025-02-24,86,CD_NORTE
SKU_010,2025-03-03,70,CD_NORTE
SKU_010,2025-03-10,72,CD_NORTE
SKU_010,2025-03-17,91,CD_NORTE
SKU_010,2025-03-24,98,CD_NORTE
SKU_010,2025-03-31,84,CD_NORTE
SKU_010,2025-04-07,75,CD_NORTE
SKU_010,2025-04-14,79,CD_NORTE
SKU_010,2025-04-21,93,CD_NORTE
SKU_010,2025-04-28,85,CD_NORTE
SKU_010,2025-05-05,82,CD_NORTE
SKU_010,2025-05-12,85,CD_NORTE
SKU_010,2025-05-19,81,CD_NORTE
SKU_010,2025-05-26,93,CD_NORTE
SKU_010,2025-06-02,73,CD_NORTE
SKU_010,2025-06-09,70,CD_NORTE
SKU_010,2025-06-16,63,CD_NORTE
SKU_010,2025-06-23,69,CD_NORTE
SKU_010,2025-06-30,63,CD_NORTE
SKU_010,2025-07-07,72,CD_NORTE
SKU_010,2025-07-14,68,CD_NORTE
SKU_010,2025-07-21,57,CD_NORTE
SKU_010,2025-07-28,70,CD_NORTE
SKU_010,2025-08-04,76,CD_NORTE
SKU_010,2025-08-11,64,CD_NORTE
SKU_010,2025-08-18,39,CD_NORTE
SKU_010,2025-08-25,76,CD_NORTE
SKU_010,2025-09-01,64,CD_NORTE
SKU_010,2025-09-08,73,CD_NORTE
SKU_010,2025-09-15,65,CD_NORTE
SKU_010,2025-09-22,66,CD_NORTE
SKU_010,2025-09-29,57,CD_NORTE
SKU_010,2025-10-06,53,CD_NORTE
SKU_010,2025-10-13,58,CD_NORTE
SKU_010,2025-10-20,49,CD_NORTE
SKU_010,2025-10-27,60,CD_NORTE
SKU_010,2025-11-03,35,CD_NORTE
SKU_010,2025-11-10,58,CD_NORTE
SKU_010,2025-11-17,70,CD_NORTE
SKU_010,2025-11-24,61,CD_NORTE
SKU_010,2025-12-01,76,CD_NORTE
SKU_010,2025-12-08,61,CD_NORTE
SKU_010,2025-12-15,73,CD_NORTE
SKU_010,2025-12-22,59,CD_NORTE
SKU_010,2025-12-29,76,CD_NORTE
SKU_010,2024-01-08,103,CD_CENTRO
SKU_010,2024-01-15,128,CD_CENTRO
SKU_010,2024-01-22,113,CD_CENTRO
SKU_010,2024-01-29,117,CD_CENTRO
SKU_010,2024-02-05,135,CD_CENTRO
SKU_010,2024-02-12,125,CD_CENTRO
SKU_010,2024-02-19,138,CD_CENTRO
SKU_010,2024-02-26,130,CD_CENTRO
SKU_010,2024-03-04,135,CD_CENTRO
SKU_010,2024-03-11,142,CD_CENTRO
SKU_010,2024-03-18,131,CD_CENTRO
SKU_010,2024-03-25,122,CD_CENTRO
SKU_010,2024-04-01,129,CD_CENTRO
SKU_010,2024-04-08,154,CD_CENTRO
SKU_010,2024-04-15,139,CD_CENTRO
SKU_010,2024-04-22,125,CD_CENTRO
SKU_010,2024-04-29,142,CD_CENTRO
SKU_010,2024-05-06,142,CD_CENTRO
SKU_010,2024-05-13,142,CD_CENTRO
SKU_010,2024-05-20,119,CD_CENTRO
SKU_010,2024-05-27,122,CD_CENTRO
SKU_010,2024-06-03,121,CD_CENTRO
SKU_010,2024-06-10,124,CD_CENTRO
SKU_010,2024-06-17,135,CD_CENTRO
SKU_010,2024-06-24,130,CD_CENTRO
SKU_010,2024-07-01,129,CD_CENTRO
SKU_010,2024-07-08,142,CD_CENTRO
SKU_010,2024-07-15,130,CD_CENTRO
SKU_010,2024-07-22,116,CD_CENTRO
SKU_010,2024-07-29,100,CD_CENTRO
SKU_010,2024-08-05,105,CD_CENTRO
SKU_010,2024-08-12,109,CD_CENTRO
SKU_010,2024-08-19,124,CD_CENTRO
SKU_010,2024-08-26,111,CD_CENTRO
SKU_010,2024-09-02,100,CD_CENTRO
SKU_010,2024-09-09,98,CD_CENTRO
SKU_010,2024-09-16,107,CD_CENTRO
SKU_010,2024-09-23,120,CD_CENTRO
SKU_010,2024-09-30,130,CD_CENTRO
SKU_010,2024-10-07,104,CD_CENTRO
SKU_010,2024-10-14,106,CD_CENTRO
SKU_010,2024-10-21,89,CD_CENTRO
SKU_010,2024-10-28,136,CD_CENTRO
SKU_010,2024-11-04,88,CD_CENTRO
SKU_010,2024-11-11,127,CD_CENTRO
SKU_010,2024-11-18,106,CD_CENTRO
SKU_010,2024-11-25,103,CD_CENTRO
SKU_010,2024-12-02,97,CD_CENTRO
SKU_010,2024-12-09,150,CD_CENTRO
SKU_010,2024-12-16,120,CD_CENTRO
SKU_010,2024-12-23,118,CD_CENTRO
SKU_010,2024-12-30,133,CD_CENTRO
SKU_010,2025-01-06,112,CD_CENTRO
SKU_010,2025-01-13,124,CD_CENTRO
SKU_010,2025-01-20,127,CD_CENTRO
SKU_010,2025-01-27,120,CD_CENTRO
SKU_010,2025-02-03,147,CD_CENTRO
SKU_010,2025-02-10,128,CD_CENTRO
SKU_010,2025-02-17,109,CD_CENTRO
SKU_010,2025-02-24,129,CD_CENTRO
SKU_010,2025-03-03,138,CD_CENTRO
SKU_010,2025-03-10,122,CD_CENTRO
SKU_010,2025-03-17,124,CD_CENTRO
SKU_010,2025-03-24,129,CD_CENTRO
SKU_010,2025-03-31,155,CD_CENTRO
SKU_010,2025-04-07,130,CD_CENTRO
SKU_010,2025-04-14,158,CD_CENTRO
SKU_010,2025-04-21,128,CD_CENTRO
SKU_010,2025-04-28,141,CD_CENTRO
SKU_010,2025-05-05,128,CD_CENTRO
SKU_010,2025-05-12,145,CD_CENTRO
SKU_010,2025-05-19,117,CD_CENTRO
SKU_010,2025-05-26,143,CD_CENTRO
SKU_010,2025-06-02,133,CD_CENTRO
SKU_010,2025-06-09,120,CD_CENTRO
SKU_010,2025-06-16,125,CD_CENTRO
SKU_010,2025-06-23,148,CD_CENTRO
SKU_010,2025-06-30,126,CD_CENTRO
SKU_010,2025-07-07,112,CD_CENTRO
SKU_010,2025-07-14,102,CD_CENTRO
SKU_010,2025-07-21,125,CD_CENTRO
SKU_010,2025-07-28,120,CD_CENTRO
SKU_010,2025-08-04,125,CD_CENTRO
SKU_010,2025-08-11,92,CD_CENTRO
SKU_010,2025-08-18,95,CD_CENTRO
SKU_010,2025-08-25,128,CD_CENTRO
SKU_010,2025-09-01,115,CD_CENTRO
SKU_010,2025-09-08,117,CD_CENTRO
SKU_010,2025-09-15,94,CD_CENTRO
SKU_010,2025-09-22,93,CD_CENTRO
SKU_010,2025-09-29,122,CD_CENTRO
SKU_010,2025-10-06,122,CD_CENTRO
SKU_010,2025-10-13,91,CD_CENTRO
SKU_010,2025-10-20,88,CD_CENTRO
SKU_010,2025-10-27,106,CD_CENTRO
SKU_010,2025-11-03,97,CD_CENTRO
SKU_010,2025-11-10,98,CD_CENTRO
SKU_010,2025-11-17,93,CD_CENTRO
SKU_010,2025-11-24,105,CD_CENTRO
SKU_010,2025-12-01,96,CD_CENTRO
SKU_010,2025-12-08,99,CD_CENTRO
SKU_010,2025-12-15,121,CD_CENTRO
SKU_010,2025-12-22,117,CD_CENTRO
SKU_010,2025-12-29,127,CD_CENTRO
SKU_010,2024-01-08,78,CD_SUR
SKU_010,2024-01-15,105,CD_SUR
SKU_010,2024-01-22,91,CD_SUR
SKU_010,2024-01-29,88,CD_SUR
SKU_010,2024-02-05,98,CD_SUR
SKU_010,2024-02-12,119,CD_SUR
SKU_010,2024-02-19,99,CD_SUR
SKU_010,2024-02-26,110,CD_SUR
SKU_010,2024-03-04,113,CD_SUR
SKU_010,2024-03-11,111,CD_SUR
SKU_010,2024-03-18,121,CD_SUR
SKU_010,2024-03-25,100,CD_SUR
SKU_010,2024-04-01,96,CD_SUR
SKU_010,2024-04-08,96,CD_SUR
SKU_010,2024-04-15,106,CD_SUR
SKU_010,2024-04-22,97,CD_SUR
SKU_010,2024-04-29,109,CD_SUR
SKU_010,2024-05-06,107,CD_SUR
SKU_010,2024-05-13,116,CD_SUR
SKU_010,2024-05-20,107,CD_SUR
SKU_010,2024-05-27,98,CD_SUR
SKU_010,2024-06-03,107,CD_SUR
SKU_010,2024-06-10,89,CD_SUR
SKU_010,2024-06-17,98,CD_SUR
SKU_010,2024-06-24,101,CD_SUR
SKU_010,2024-07-01,96,CD_SUR
SKU_010,2024-07-08,98,CD_SUR
SKU_010,2024-07-15,84,CD_SUR
SKU_010,2024-07-22,102,CD_SUR
SKU_010,2024-07-29,108,CD_SUR
SKU_010,2024-08-05,68,CD_SUR
SKU_010,2024-08-12,70,CD_SUR
SKU_010,2024-08-19,83,CD_SUR
SKU_010,2024-08-26,79,CD_SUR
SKU_010,2024-09-02,102,CD_SUR
SKU_010,2024-09-09,82,CD_SUR
SKU_010,2024-09-16,95,CD_SUR
SKU_010,2024-09-23,55,CD_SUR
SKU_010,2024-09-30,87,CD_SUR
SKU_010,2024-10-07,70,CD_SUR
SKU_010,2024-10-14,70,CD_SUR
SKU_010,2024-10-21,75,CD_SUR
SKU_010,2024-10-28,63,CD_SUR
SKU_010,2024-11-04,85,CD_SUR
SKU_010,2024-11-11,83,CD_SUR
SKU_010,2024-11-18,85,CD_SUR
SKU_010,2024-11-25,93,CD_SUR
SKU_010,2024-12-02,101,CD_SUR
SKU_010,2024-12-09,82,CD_SUR
SKU_010,2024-12-16,93,CD_SUR
SKU_010,2024-12-23,92,CD_SUR
SKU_010,2024-12-30,95,CD_SUR
SKU_010,2025-01-06,97,CD_SUR
SKU_010,2025-01-13,113,CD_SUR
SKU_010,2025-01-20,92,CD_SUR
SKU_010,2025-01-27,81,CD_SUR
SKU_010,2025-02-03,92,CD_SUR
SKU_010,2025-02-10,110,CD_SUR
SKU_010,2025-02-17,103,CD_SUR
SKU_010,2025-02-24,99,CD_SUR
SKU_010,2025-03-03,93,CD_SUR
SKU_010,2025-03-10,108,CD_SUR
SKU_010,2025-03-17,114,CD_SUR
SKU_010,2025-03-24,111,CD_SUR
SKU_010,2025-03-31,105,CD_SUR
SKU_010,2025-04-07,110,CD_SUR
SKU_010,2025-04-14,110,CD_SUR
SKU_010,2025-04-21,110,CD_SUR
SKU_010,2025-04-28,94,CD_SUR
SKU_010,2025-05-05,108,CD_SUR
SKU_010,2025-05-12,100,CD_SUR
SKU_010,2025-05-19,116,CD_SUR
SKU_010,2025-05-26,104,CD_SUR
SKU_010,2025-06-02,111,CD_SUR
SKU_010,2025-06-09,97,CD_SUR
SKU_010,2025-06-16,95,CD_SUR
SKU_010,2025-06-23,114,CD_SUR
SKU_010,2025-06-30,100,CD_SUR
SKU_010,2025-07-07,85,CD_SUR
SKU_010,2025-07-14,101,CD_SUR
SKU_010,2025-07-21,83,CD_SUR
SKU_010,2025-07-28,91,CD_SUR
SKU_010,2025-08-04,106,CD_SUR
SKU_010,2025-08-11,68,CD_SUR
SKU_010,2025-08-18,81,CD_SUR
SKU_010,2025-08-25,87,CD_SUR
SKU_010,2025-09-01,90,CD_SUR
SKU_010,2025-09-08,66,CD_SUR
SKU_010,2025-09-15,62,CD_SUR
SKU_010,2025-09-22,90,CD_SUR
SKU_010,2025-09-29,70,CD_SUR
SKU_010,2025-10-06,69,CD_SUR
SKU_010,2025-10-13,95,CD_SUR
SKU_010,2025-10-20,79,CD_SUR
SKU_010,2025-10-27,80,CD_SUR
SKU_010,2025-11-03,78,CD_SUR
SKU_010,2025-11-10,67,CD_SUR
SKU_010,2025-11-17,90,CD_SUR
SKU_010,2025-11-24,88,CD_SUR
SKU_010,2025-12-01,86,CD_SUR
SKU_010,2025-12-08,85,CD_SUR
SKU_010,2025-12-15,85,CD_SUR
SKU_010,2025-12-22,99,CD_SUR
SKU_010,2025-12-29,89,CD_SUR
SKU_011,2024-01-08,105,CD_CENTRO
SKU_011,2024-01-15,99,CD_CENTRO
SKU_011,2024-01-22,132,CD_CENTRO
SKU_011,2024-01-29,98,CD_CENTRO
SKU_011,2024-02-05,102,CD_CENTRO
SKU_011,2024-02-12,112,CD_CENTRO
SKU_011,2024-02-19,93,CD_CENTRO
SKU_011,2024-02-26,104,CD_CENTRO
SKU_011,2024-03-04,113,CD_CENTRO
SKU_011,2024-03-11,105,CD_CENTRO
SKU_011,2024-03-18,108,CD_CENTRO
SKU_011,2024-03-25,102,CD_CENTRO
SKU_011,2024-04-01,89,CD_CENTRO
SKU_011,2024-04-08,113,CD_CENTRO
SKU_011,2024-04-15,132,CD_CENTRO
SKU_011,2024-04-22,109,CD_CENTRO
SKU_011,2024-04-29,112,CD_CENTRO
SKU_011,2024-05-06,118,CD_CENTRO
SKU_011,2024-05-13,92,CD_CENTRO
SKU_011,2024-05-20,131,CD_CENTRO
SKU_011,2024-05-27,112,CD_CENTRO
SKU_011,2024-06-03,130,CD_CENTRO
SKU_011,2024-06-10,99,CD_CENTRO
SKU_011,2024-06-17,133,CD_CENTRO
SKU_011,2024-06-24,119,CD_CENTRO
SKU_011,2024-07-01,116,CD_CENTRO
SKU_011,2024-07-08,112,CD_CENTRO
SKU_011,2024-07-15,106,CD_CENTRO
SKU_011,2024-07-22,125,CD_CENTRO
SKU_011,2024-07-29,111,CD_CENTRO
SKU_011,2024-08-05,83,CD_CENTRO
SKU_011,2024-08-12,94,CD_CENTRO
SKU_011,2024-08-19,107,CD_CENTRO
SKU_011,2024-08-26,113,CD_CENTRO
SKU_011,2024-09-02,108,CD_CENTRO
SKU_011,2024-09-09,125,CD_CENTRO
SKU_011,2024-09-16,83,CD_CENTRO
SKU_011,2024-09-23,111,CD_CENTRO
SKU_011,2024-09-30,85,CD_CENTRO
SKU_011,2024-10-07,119,CD_CENTRO
SKU_011,2024-10-14,108,CD_CENTRO
SKU_011,2024-10-21,114,CD_CENTRO
SKU_011,2024-10-28,98,CD_CENTRO
SKU_011,2024-11-04,126,CD_CENTRO
SKU_011,2024-11-11,123,CD_CENTRO
SKU_011,2024-11-18,117,CD_CENTRO
SKU_011,2024-11-25,107,CD_CENTRO
SKU_011,2024-12-02,117,CD_CENTRO
SKU_011,2024-12-09,100,CD_CENTRO
SKU_011,2024-12-16,120,CD_CENTRO
SKU_011,2024-12-23,131,CD_CENTRO
SKU_011,2024-12-30,123,CD_CENTRO
SKU_011,2025-01-06,99,CD_CENTRO
SKU_011,2025-01-13,114,CD_CENTRO
SKU_011,2025-01-20,92,CD_CENTRO
SKU_011,2025-01-27,116,CD_CENTRO
SKU_011,2025-02-03,115,CD_CENTRO
SKU_011,2025-02-10,85,CD_CENTRO
SKU_011,2025-02-17,94,CD_CENTRO
SKU_011,2025-02-24,105,CD_CENTRO
SKU_011,2025-03-03,105,CD_CENTRO
SKU_011,2025-03-10,93,CD_CENTRO
SKU_011,2025-03-17,114,CD_CENTRO
SKU_011,2025-03-24,112,CD_CENTRO
SKU_011,2025-03-31,106,CD_CENTRO
SKU_011,2025-04-07,99,CD_CENTRO
SKU_011,2025-04-14,123,CD_CENTRO
SKU_011,2025-04-21,131,CD_CENTRO
SKU_011,2025-04-28,103,CD_CENTRO
SKU_011,2025-05-05,101,CD_CENTRO
SKU_011,2025-05-12,115,CD_CENTRO
SKU_011,2025-05-19,104,CD_CENTRO
SKU_011,2025-05-26,107,CD_CENTRO
SKU_011,2025-06-02,119,CD_CENTRO
SKU_011,2025-06-09,84,CD_CENTRO
SKU_011,2025-06-16,126,CD_CENTRO
SKU_011,2025-06-23,110,CD_CENTRO
SKU_011,2025-06-30,104,CD_CENTRO
SKU_011,2025-07-07,108,CD_CENTRO
SKU_011,2025-07-14,109,CD_CENTRO
SKU_011,2025-07-21,86,CD_CENTRO
SKU_011,2025-07-28,129,CD_CENTRO
SKU_011,2025-08-04,110,CD_CENTRO
SKU_011,2025-08-11,115,CD_CENTRO
SKU_011,2025-08-18,121,CD_CENTRO
SKU_011,2025-08-25,96,CD_CENTRO
SKU_011,2025-09-01,115,CD_CENTRO
SKU_011,2025-09-08,105,CD_CENTRO
SKU_011,2025-09-15,120,CD_CENTRO
SKU_011,2025-09-22,81,CD_CENTRO
SKU_011,2025-09-29,108,CD_CENTRO
SKU_011,2025-10-06,101,CD_CENTRO
SKU_011,2025-10-13,115,CD_CENTRO
SKU_011,2025-10-20,115,CD_CENTRO
SKU_011,2025-10-27,100,CD_CENTRO
SKU_011,2025-11-03,100,CD_CENTRO
SKU_011,2025-11-10,108,CD_CENTRO
SKU_011,2025-11-17,97,CD_CENTRO
SKU_011,2025-11-24,120,CD_CENTRO
SKU_011,2025-12-01,104,CD_CENTRO
SKU_011,2025-12-08,71,CD_CENTRO
SKU_011,2025-12-15,104,CD_CENTRO
SKU_011,2025-12-22,95,CD_CENTRO
SKU_011,2025-12-29,88,CD_CENTRO
SKU_011,2024-01-08,87,CD_SUR
SKU_011,2024-01-15,108,CD_SUR
SKU_011,2024-01-22,97,CD_SUR
SKU_011,2024-01-29,93,CD_SUR
SKU_011,2024-02-05,106,CD_SUR
SKU_011,2024-02-12,116,CD_SUR
SKU_011,2024-02-19,94,CD_SUR
SKU_011,2024-02-26,121,CD_SUR
SKU_011,2024-03-04,93,CD_SUR
SKU_011,2024-03-11,102,CD_SUR
SKU_011,2024-03-18,110,CD_SUR
SKU_011,2024-03-25,100,CD_SUR
SKU_011,2024-04-01,83,CD_SUR
SKU_011,2024-04-08,117,CD_SUR
SKU_011,2024-04-15,97,CD_SUR
SKU_011,2024-04-22,114,CD_SUR
SKU_011,2024-04-29,89,CD_SUR
SKU_011,2024-05-06,91,CD_SUR
SKU_011,2024-05-13,116,CD_SUR
SKU_011,2024-05-20,109,CD_SUR
SKU_011,2024-05-27,99,CD_SUR
SKU_011,2024-06-03,109,CD_SUR
SKU_011,2024-06-10,93,CD_SUR
SKU_011,2024-06-17,106,CD_SUR
SKU_011,2024-06-24,107,CD_SUR
SKU_011,2024-07-01,100,CD_SUR
SKU_011,2024-07-08,94,CD_SUR
SKU_011,2024-07-15,106,CD_SUR
SKU_011,2024-07-22,104,CD_SUR
SKU_011,2024-07-29,99,CD_SUR
SKU_011,2024-08-05,92,CD_SUR
SKU_011,2024-08-12,105,CD_SUR
SKU_011,2024-08-19,99,CD_SUR
SKU_011,2024-08-26,92,CD_SUR
SKU_011,2024-09-02,106,CD_SUR
SKU_011,2024-09-09,125,CD_SUR
SKU_011,2024-09-16,100,CD_SUR
SKU_011,2024-09-23,124,CD_SUR
SKU_011,2024-09-30,132,CD_SUR
SKU_011,2024-10-07,93,CD_SUR
SKU_011,2024-10-14,105,CD_SUR
SKU_011,2024-10-21,132,CD_SUR
SKU_011,2024-10-28,103,CD_SUR
SKU_011,2024-11-04,105,CD_SUR
SKU_011,2024-11-11,84,CD_SUR
SKU_011,2024-11-18,98,CD_SUR
SKU_011,2024-11-25,112,CD_SUR
SKU_011,2024-12-02,136,CD_SUR
SKU_011,2024-12-09,103,CD_SUR
SKU_011,2024-12-16,84,CD_SUR
SKU_011,2024-12-23,87,CD_SUR
SKU_011,2024-12-30,105,CD_SUR
SKU_011,2025-01-06,120,CD_SUR
SKU_011,2025-01-13,113,CD_SUR
SKU_011,2025-01-20,111,CD_SUR
SKU_011,2025-01-27,121,CD_SUR
SKU_011,2025-02-03,96,CD_SUR
SKU_011,2025-02-10,105,CD_SUR
SKU_011,2025-02-17,98,CD_SUR
SKU_011,2025-02-24,102,CD_SUR
SKU_011,2025-03-03,92,CD_SUR
SKU_011,2025-03-10,101,CD_SUR
SKU_011,2025-03-17,105,CD_SUR
SKU_011,2025-03-24,100,CD_SUR
SKU_011,2025-03-31,103,CD_SUR
SKU_011,2025-04-07,110,CD_SUR
SKU_011,2025-04-14,121,CD_SUR
SKU_011,2025-04-21,122,CD_SUR
SKU_011,2025-04-28,115,CD_SUR
SKU_011,2025-05-05,89,CD_SUR
SKU_011,2025-05-12,100,CD_SUR
SKU_011,2025-05-19,102,CD_SUR
SKU_011,2025-05-26,97,CD_SUR
SKU_011,2025-06-02,109,CD_SUR
SKU_011,2025-06-09,85,CD_SUR
SKU_011,2025-06-16,126,CD_SUR
SKU_011,2025-06-23,120,CD_SUR
SKU_011,2025-06-30,111,CD_SUR
SKU_011,2025-07-07,104,CD_SUR
SKU_011,2025-07-14,120,CD_SUR
SKU_011,2025-07-21,114,CD_SUR
SKU_011,2025-07-28,119,CD_SUR
SKU_011,2025-08-04,104,CD_SUR
SKU_011,2025-08-11,128,CD_SUR
SKU_011,2025-08-18,120,CD_SUR
SKU_011,2025-08-25,111,CD_SUR
SKU_011,2025-09-01,121,CD_SUR
SKU_011,2025-09-08,100,CD_SUR
SKU_011,2025-09-15,90,CD_SUR
SKU_011,2025-09-22,109,CD_SUR
SKU_011,2025-09-29,104,CD_SUR
SKU_011,2025-10-06,103,CD_SUR
SKU_011,2025-10-13,120,CD_SUR
SKU_011,2025-10-20,107,CD_SUR
SKU_011,2025-10-27,108,CD_SUR
SKU_011,2025-11-03,101,CD_SUR
SKU_011,2025-11-10,116,CD_SUR
SKU_011,2025-11-17,114,CD_SUR
SKU_011,2025-11-24,116,CD_SUR
SKU_011,2025-12-01,99,CD_SUR
SKU_011,2025-12-08,121,CD_SUR
SKU_011,2025-12-15,128,CD_SUR
SKU_011,2025-12-22,116,CD_SUR
SKU_011,2025-12-29,95,CD_SUR
SKU_012,2024-01-08,81,CD_NORTE
SKU_012,2024-01-15,65,CD_NORTE
SKU_012,2024-01-22,86,CD_NORTE
SKU_012,2024-01-29,91,CD_NORTE
SKU_012,2024-02-05,85,CD_NORTE
SKU_012,2024-02-12,64,CD_NORTE
SKU_012,2024-02-19,57,CD_NORTE
SKU_012,2024-02-26,81,CD_NORTE
SKU_012,2024-03-04,68,CD_NORTE
SKU_012,2024-03-11,78,CD_NORTE
SKU_012,2024-03-18,89,CD_NORTE
SKU_012,2024-03-25,69,CD_NORTE
SKU_012,2024-04-01,72,CD_NORTE
SKU_012,2024-04-08,77,CD_NORTE
SKU_012,2024-04-15,63,CD_NORTE
SKU_012,2024-04-22,68,CD_NORTE
SKU_012,2024-04-29,75,CD_NORTE
SKU_012,2024-05-06,72,CD_NORTE
SKU_012,2024-05-13,80,CD_NORTE
SKU_012,2024-05-20,100,CD_NORTE
SKU_012,2024-05-27,76,CD_NORTE
SKU_012,2024-06-03,67,CD_NORTE
SKU_012,2024-06-10,88,CD_NORTE
SKU_012,2024-06-17,61,CD_NORTE
SKU_012,2024-06-24,62,CD_NORTE
SKU_012,2024-07-01,70,CD_NORTE
SKU_012,2024-07-08,72,CD_NORTE
SKU_012,2024-07-15,69,CD_NORTE
SKU_012,2024-07-22,75,CD_NORTE
SKU_012,2024-07-29,77,CD_NORTE
SKU_012,2024-08-05,85,CD_NORTE
SKU_012,2024-08-12,76,CD_NORTE
SKU_012,2024-08-19,70,CD_NORTE
SKU_012,2024-08-26,84,CD_NORTE
SKU_012,2024-09-02,68,CD_NORTE
SKU_012,2024-09-09,60,CD_NORTE
SKU_012,2024-09-16,86,CD_NORTE
SKU_012,2024-09-23,85,CD_NORTE
SKU_012,2024-09-30,68,CD_NORTE
SKU_012,2024-10-07,71,CD_NORTE
SKU_012,2024-10-14,67,CD_NORTE
SKU_012,2024-10-21,78,CD_NORTE
SKU_012,2024-10-28,91,CD_NORTE
SKU_012,2024-11-04,81,CD_NORTE
SKU_012,2024-11-11,84,CD_NORTE
SKU_012,2024-11-18,82,CD_NORTE
SKU_012,2024-11-25,75,CD_NORTE
SKU_012,2024-12-02,85,CD_NORTE
SKU_012,2024-12-09,82,CD_NORTE
SKU_012,2024-12-16,88,CD_NORTE
SKU_012,2024-12-23,71,CD_NORTE
SKU_012,2024-12-30,59,CD_NORTE
SKU_012,2025-01-06,84,CD_NORTE
SKU_012,2025-01-13,78,CD_NORTE
SKU_012,2025-01-20,72,CD_NORTE
SKU_012,2025-01-27,73,CD_NORTE
SKU_012,2025-02-03,98,CD_NORTE
SKU_012,2025-02-10,69,CD_NORTE
SKU_012,2025-02-17,67,CD_NORTE
SKU_012,2025-02-24,76,CD_NORTE
SKU_012,2025-03-03,86,CD_NORTE
SKU_012,2025-03-10,96,CD_NORTE
SKU_012,2025-03-17,81,CD_NORTE
SKU_012,2025-03-24,64,CD_NORTE
SKU_012,2025-03-31,93,CD_NORTE
SKU_012,2025-04-07,75,CD_NORTE
SKU_012,2025-04-14,67,CD_NORTE
SKU_012,2025-04-21,65,CD_NORTE
SKU_012,2025-04-28,83,CD_NORTE
SKU_012,2025-05-05,77,CD_NORTE
SKU_012,2025-05-12,78,CD_NORTE
SKU_012,2025-05-19,87,CD_NORTE
SKU_012,2025-05-26,68,CD_NORTE
SKU_012,2025-06-02,87,CD_NORTE
SKU_012,2025-06-09,70,CD_NORTE
SKU_012,2025-06-16,94,CD_NORTE
SKU_012,2025-06-23,80,CD_NORTE
SKU_012,2025-06-30,67,CD_NORTE
SKU_012,2025-07-07,57,CD_NORTE
SKU_012,2025-07-14,82,CD_NORTE
SKU_012,2025-07-21,72,CD_NORTE
SKU_012,2025-07-28,74,CD_NORTE
SKU_012,2025-08-04,82,CD_NORTE
SKU_012,2025-08-11,84,CD_NORTE
SKU_012,2025-08-18,86,CD_NORTE
SKU_012,2025-08-25,64,CD_NORTE
SKU_012,2025-09-01,88,CD_NORTE
SKU_012,2025-09-08,70,CD_NORTE
SKU_012,2025-09-15,55,CD_NORTE
SKU_012,2025-09-22,64,CD_NORTE
SKU_012,2025-09-29,77,CD_NORTE
SKU_012,2025-10-06,66,CD_NORTE
SKU_012,2025-10-13,74,CD_NORTE
SKU_012,2025-10-20,78,CD_NORTE
SKU_012,2025-10-27,73,CD_NORTE
SKU_012,2025-11-03,71,CD_NORTE
SKU_012,2025-11-10,64,CD_NORTE
SKU_012,2025-11-17,75,CD_NORTE
SKU_012,2025-11-24,56,CD_NORTE
SKU_012,2025-12-01,69,CD_NORTE
SKU_012,2025-12-08,67,CD_NORTE
SKU_012,2025-12-15,73,CD_NORTE
SKU_012,2025-12-22,73,CD_NORTE
SKU_012,2025-12-29,84,CD_NORTE
SKU_012,2024-01-08,195,CD_CENTRO
SKU_012,2024-01-15,194,CD_CENTRO
SKU_012,2024-01-22,120,CD_CENTRO
SKU_012,2024-01-29,146,CD_CENTRO
SKU_012,2024-02-05,120,CD_CENTRO
SKU_012,2024-02-12,141,CD_CENTRO
SKU_012,2024-02-19,152,CD_CENTRO
SKU_012,2024-02-26,173,CD_CENTRO
SKU_012,2024-03-04,155,CD_CENTRO
SKU_012,2024-03-11,155,CD_CENTRO
SKU_012,2024-03-18,169,CD_CENTRO
SKU_012,2024-03-25,131,CD_CENTRO
SKU_012,2024-04-01,148,CD_CENTRO
SKU_012,2024-04-08,155,CD_CENTRO
SKU_012,2024-04-15,161,CD_CENTRO
SKU_012,2024-04-22,167,CD_CENTRO
SKU_012,2024-04-29,195,CD_CENTRO
SKU_012,2024-05-06,183,CD_CENTRO
SKU_012,2024-05-13,150,CD_CENTRO
SKU_012,2024-05-20,160,CD_CENTRO
SKU_012,2024-05-27,158,CD_CENTRO
SKU_012,2024-06-03,155,CD_CENTRO
SKU_012,2024-06-10,170,CD_CENTRO
SKU_012,2024-06-17,128,CD_CENTRO
SKU_012,2024-06-24,182,CD_CENTRO
SKU_012,2024-07-01,199,CD_CENTRO
SKU_012,2024-07-08,160,CD_CENTRO
SKU_012,2024-07-15,159,CD_CENTRO
SKU_012,2024-07-22,168,CD_CENTRO
SKU_012,2024-07-29,185,CD_CENTRO
SKU_012,2024-08-05,159,CD_CENTRO
SKU_012,2024-08-12,183,CD_CENTRO
SKU_012,2024-08-19,175,CD_CENTRO
SKU_012,2024-08-26,212,CD_CENTRO
SKU_012,2024-09-02,158,CD_CENTRO
SKU_012,2024-09-09,126,CD_CENTRO
SKU_012,2024-09-16,137,CD_CENTRO
SKU_012,2024-09-23,165,CD_CENTRO
SKU_012,2024-09-30,185,CD_CENTRO
SKU_012,2024-10-07,152,CD_CENTRO
SKU_012,2024-10-14,160,CD_CENTRO
SKU_012,2024-10-21,179,CD_CENTRO
SKU_012,2024-10-28,146,CD_CENTRO
SKU_012,2024-11-04,153,CD_CENTRO
SKU_012,2024-11-11,142,CD_CENTRO
SKU_012,2024-11-18,188,CD_CENTRO
SKU_012,2024-11-25,196,CD_CENTRO
SKU_012,2024-12-02,134,CD_CENTRO
SKU_012,2024-12-09,162,CD_CENTRO
SKU_012,2024-12-16,193,CD_CENTRO
SKU_012,2024-12-23,173,CD_CENTRO
SKU_012,2024-12-30,155,CD_CENTRO
SKU_012,2025-01-06,134,CD_CENTRO
SKU_012,2025-01-13,188,CD_CENTRO
SKU_012,2025-01-20,172,CD_CENTRO
SKU_012,2025-01-27,136,CD_CENTRO
SKU_012,2025-02-03,189,CD_CENTRO
SKU_012,2025-02-10,133,CD_CENTRO
SKU_012,2025-02-17,161,CD_CENTRO
SKU_012,2025-02-24,160,CD_CENTRO
SKU_012,2025-03-03,197,CD_CENTRO
SKU_012,2025-03-10,160,CD_CENTRO
SKU_012,2025-03-17,160,CD_CENTRO
SKU_012,2025-03-24,138,CD_CENTRO
SKU_012,2025-03-31,152,CD_CENTRO
SKU_012,2025-04-07,149,CD_CENTRO
SKU_012,2025-04-14,150,CD_CENTRO
SKU_012,2025-04-21,165,CD_CENTRO
SKU_012,2025-04-28,117,CD_CENTRO
SKU_012,2025-05-05,135,CD_CENTRO
SKU_012,2025-05-12,163,CD_CENTRO
SKU_012,2025-05-19,167,CD_CENTRO
SKU_012,2025-05-26,160,CD_CENTRO
SKU_012,2025-06-02,164,CD_CENTRO
SKU_012,2025-06-09,157,CD_CENTRO
SKU_012,2025-06-16,165,CD_CENTRO
SKU_012,2025-06-23,174,CD_CENTRO
SKU_012,2025-06-30,173,CD_CENTRO
SKU_012,2025-07-07,151,CD_CENTRO
SKU_012,2025-07-14,183,CD_CENTRO
SKU_012,2025-07-21,168,CD_CENTRO
SKU_012,2025-07-28,189,CD_CENTRO
SKU_012,2025-08-04,193,CD_CENTRO
SKU_012,2025-08-11,136,CD_CENTRO
SKU_012,2025-08-18,148,CD_CENTRO
SKU_012,2025-08-25,181,CD_CENTRO
SKU_012,2025-09-01,132,CD_CENTRO
SKU_012,2025-09-08,193,CD_CENTRO
SKU_012,2025-09-15,158,CD_CENTRO
SKU_012,2025-09-22,176,CD_CENTRO
SKU_012,2025-09-29,163,CD_CENTRO
SKU_012,2025-10-06,137,CD_CENTRO
SKU_012,2025-10-13,186,CD_CENTRO
SKU_012,2025-10-20,219,CD_CENTRO
SKU_012,2025-10-27,155,CD_CENTRO
SKU_012,2025-11-03,159,CD_CENTRO
SKU_012,2025-11-10,113,CD_CENTRO
SKU_012,2025-11-17,192,CD_CENTRO
SKU_012,2025-11-24,183,CD_CENTRO
SKU_012,2025-12-01,131,CD_CENTRO
SKU_012,2025-12-08,124,CD_CENTRO
SKU_012,2025-12-15,126,CD_CENTRO
SKU_012,2025-12-22,178,CD_CENTRO
SKU_012,2025-12-29,180,CD_CENTRO
SKU_012,2024-01-08,125,CD_SUR
SKU_012,2024-01-15,116,CD_SUR
SKU_012,2024-01-22,153,CD_SUR
SKU_012,2024-01-29,102,CD_SUR
SKU_012,2024-02-05,156,CD_SUR
SKU_012,2024-02-12,160,CD_SUR
SKU_012,2024-02-19,132,CD_SUR
SKU_012,2024-02-26,94,CD_SUR
SKU_012,2024-03-04,131,CD_SUR
SKU_012,2024-03-11,136,CD_SUR
SKU_012,2024-03-18,120,CD_SUR
SKU_012,2024-03-25,129,CD_SUR
SKU_012,2024-04-01,162,CD_SUR
SKU_012,2024-04-08,148,CD_SUR
SKU_012,2024-04-15,122,CD_SUR
SKU_012,2024-04-22,111,CD_SUR
SKU_012,2024-04-29,132,CD_SUR
SKU_012,2024-05-06,133,CD_SUR
SKU_012,2024-05-13,145,CD_SUR
SKU_012,2024-05-20,128,CD_SUR
SKU_012,2024-05-27,145,CD_SUR
SKU_012,2024-06-03,169,CD_SUR
SKU_012,2024-06-10,150,CD_SUR
SKU_012,2024-06-17,136,CD_SUR
SKU_012,2024-06-24,134,CD_SUR
SKU_012,2024-07-01,131,CD_SUR
SKU_012,2024-07-08,156,CD_SUR
SKU_012,2024-07-15,127,CD_SUR
SKU_012,2024-07-22,138,CD_SUR
SKU_012,2024-07-29,138,CD_SUR
SKU_012,2024-08-05,129,CD_SUR
SKU_012,2024-08-12,114,CD_SUR
SKU_012,2024-08-19,142,CD_SUR
SKU_012,2024-08-26,136,CD_SUR
SKU_012,2024-09-02,145,CD_SUR
SKU_012,2024-09-09,128,CD_SUR
SKU_012,2024-09-16,157,CD_SUR
SKU_012,2024-09-23,123,CD_SUR
SKU_012,2024-09-30,165,CD_SUR
SKU_012,2024-10-07,108,CD_SUR
SKU_012,2024-10-14,144,CD_SUR
SKU_012,2024-10-21,145,CD_SUR
SKU_012,2024-10-28,124,CD_SUR
SKU_012,2024-11-04,144,CD_SUR
SKU_012,2024-11-11,158,CD_SUR
SKU_012,2024-11-18,101,CD_SUR
SKU_012,2024-11-25,145,CD_SUR
SKU_012,2024-12-02,96,CD_SUR
SKU_012,2024-12-09,121,CD_SUR
SKU_012,2024-12-16,164,CD_SUR
SKU_012,2024-12-23,127,CD_SUR
SKU_012,2024-12-30,118,CD_SUR
SKU_012,2025-01-06,134,CD_SUR
SKU_012,2025-01-13,171,CD_SUR
SKU_012,2025-01-20,107,CD_SUR
SKU_012,2025-01-27,120,CD_SUR
SKU_012,2025-02-03,162,CD_SUR
SKU_012,2025-02-10,168,CD_SUR
SKU_012,2025-02-17,135,CD_SUR
SKU_012,2025-02-24,117,CD_SUR
SKU_012,2025-03-03,171,CD_SUR
SKU_012,2025-03-10,163,CD_SUR
SKU_012,2025-03-17,148,CD_SUR
SKU_012,2025-03-24,124,CD_SUR
SKU_012,2025-03-31,136,CD_SUR
SKU_012,2025-04-07,134,CD_SUR
SKU_012,2025-04-14,142,CD_SUR
SKU_012,2025-04-21,161,CD_SUR
SKU_012,2025-04-28,151,CD_SUR
SKU_012,2025-05-05,119,CD_SUR
SKU_012,2025-05-12,160,CD_SUR
SKU_012,2025-05-19,142,CD_SUR
SKU_012,2025-05-26,148,CD_SUR
SKU_012,2025-06-02,161,CD_SUR
SKU_012,2025-06-09,119,CD_SUR
SKU_012,2025-06-16,136,CD_SUR
SKU_012,2025-06-23,128,CD_SUR
SKU_012,2025-06-30,111,CD_SUR
SKU_012,2025-07-07,143,CD_SUR
SKU_012,2025-07-14,178,CD_SUR
SKU_012,2025-07-21,107,CD_SUR
SKU_012,2025-07-28,136,CD_SUR
SKU_012,2025-08-04,148,CD_SUR
SKU_012,2025-08-11,139,CD_SUR
SKU_012,2025-08-18,135,CD_SUR
SKU_012,2025-08-25,116,CD_SUR
SKU_012,2025-09-01,141,CD_SUR
SKU_012,2025-09-08,125,CD_SUR
SKU_012,2025-09-15,101,CD_SUR
SKU_012,2025-09-22,157,CD_SUR
SKU_012,2025-09-29,153,CD_SUR
SKU_012,2025-10-06,138,CD_SUR
SKU_012,2025-10-13,141,CD_SUR
SKU_012,2025-10-20,155,CD_SUR
SKU_012,2025-10-27,141,CD_SUR
SKU_012,2025-11-03,152,CD_SUR
SKU_012,2025-11-10,132,CD_SUR
SKU_012,2025-11-17,159,CD_SUR
SKU_012,2025-11-24,142,CD_SUR
SKU_012,2025-12-01,140,CD_SUR
SKU_012,2025-12-08,116,CD_SUR
SKU_012,2025-12-15,142,CD_SUR
SKU_012,2025-12-22,123,CD_SUR
SKU_012,2025-12-29,127,CD_SUR
SKU_013,2024-01-08,99,CD_NORTE
SKU_013,2024-01-15,88,CD_NORTE
SKU_013,2024-01-22,140,CD_NORTE
SKU_013,2024-01-29,142,CD_NORTE
SKU_013,2024-02-05,129,CD_NORTE
SKU_013,2024-02-12,112,CD_NORTE
SKU_013,2024-02-19,134,CD_NORTE
SKU_013,2024-02-26,138,CD_NORTE
SKU_013,2024-03-04,123,CD_NORTE
SKU_013,2024-03-11,128,CD_NORTE
SKU_013,2024-03-18,145,CD_NORTE
SKU_013,2024-03-25,107,CD_NORTE
SKU_013,2024-04-01,143,CD_NORTE
SKU_013,2024-04-08,125,CD_NORTE
SKU_013,2024-04-15,114,CD_NORTE
SKU_013,2024-04-22,115,CD_NORTE
SKU_013,2024-04-29,116,CD_NORTE
SKU_013,2024-05-06,110,CD_NORTE
SKU_013,2024-05-13,150,CD_NORTE
SKU_013,2024-05-20,132,CD_NORTE
SKU_013,2024-05-27,139,CD_NORTE
SKU_013,2024-06-03,131,CD_NORTE
SKU_013,2024-06-10,122,CD_NORTE
SKU_013,2024-06-17,120,CD_NORTE
SKU_013,2024-06-24,113,CD_NORTE
SKU_013,2024-07-01,112,CD_NORTE
SKU_013,2024-07-08,95,CD_NORTE
SKU_013,2024-07-15,127,CD_NORTE
SKU_013,2024-07-22,85,CD_NORTE
SKU_013,2024-07-29,95,CD_NORTE
SKU_013,2024-08-05,135,CD_NORTE
SKU_013,2024-08-12,107,CD_NORTE
SKU_013,2024-08-19,106,CD_NORTE
SKU_013,2024-08-26,112,CD_NORTE
SKU_013,2024-09-02,81,CD_NORTE
SKU_013,2024-09-09,82,CD_NORTE
SKU_013,2024-09-16,94,CD_NORTE
SKU_013,2024-09-23,87,CD_NORTE
SKU_013,2024-09-30,98,CD_NORTE
SKU_013,2024-10-07,106,CD_NORTE
SKU_013,2024-10-14,118,CD_NORTE
SKU_013,2024-10-21,110,CD_NORTE
SKU_013,2024-10-28,86,CD_NORTE
SKU_013,2024-11-04,96,CD_NORTE
SKU_013,2024-11-11,93,CD_NORTE
SKU_013,2024-11-18,89,CD_NORTE
SKU_013,2024-11-25,87,CD_NORTE
SKU_013,2024-12-02,128,CD_NORTE
SKU_013,2024-12-09,107,CD_NORTE
SKU_013,2024-12-16,106,CD_NORTE
SKU_013,2024-12-23,117,CD_NORTE
SKU_013,2024-12-30,119,CD_NORTE
SKU_013,2025-01-06,129,CD_NORTE
SKU_013,2025-01-13,106,CD_NORTE
SKU_013,2025-01-20,124,CD_NORTE
SKU_013,2025-01-27,107,CD_NORTE
SKU_013,2025-02-03,118,CD_NORTE
SKU_013,2025-02-10,124,CD_NORTE
SKU_013,2025-02-17,126,CD_NORTE
SKU_013,2025-02-24,127,CD_NORTE
SKU_013,2025-03-03,137,CD_NORTE
SKU_013,2025-03-10,119,CD_NORTE
SKU_013,2025-03-17,130,CD_NORTE
SKU_013,2025-03-24,119,CD_NORTE
SKU_013,2025-03-31,169,CD_NORTE
SKU_013,2025-04-07,117,CD_NORTE
SKU_013,2025-04-14,119,CD_NORTE
SKU_013,2025-04-21,141,CD_NORTE
SKU_013,2025-04-28,122,CD_NORTE
SKU_013,2025-05-05,139,CD_NORTE
SKU_013,2025-05-12,128,CD_NORTE
SKU_013,2025-05-19,119,CD_NORTE
SKU_013,2025-05-26,114,CD_NORTE
SKU_013,2025-06-02,112,CD_NORTE
SKU_013,2025-06-09,116,CD_NORTE
SKU_013,2025-06-16,117,CD_NORTE
SKU_013,2025-06-23,107,CD_NORTE
SKU_013,2025-06-30,115,CD_NORTE
SKU_013,2025-07-07,99,CD_NORTE
SKU_013,2025-07-14,122,CD_NORTE
SKU_013,2025-07-21,123,CD_NORTE
SKU_013,2025-07-28,99,CD_NORTE
SKU_013,2025-08-04,97,CD_NORTE
SKU_013,2025-08-11,107,CD_NORTE
SKU_013,2025-08-18,121,CD_NORTE
SKU_013,2025-08-25,123,CD_NORTE
SKU_013,2025-09-01,83,CD_NORTE
SKU_013,2025-09-08,115,CD_NORTE
SKU_013,2025-09-15,99,CD_NORTE
SKU_013,2025-09-22,98,CD_NORTE
SKU_013,2025-09-29,106,CD_NORTE
SKU_013,2025-10-06,92,CD_NORTE
SKU_013,2025-10-13,114,CD_NORTE
SKU_013,2025-10-20,118,CD_NORTE
SKU_013,2025-10-27,120,CD_NORTE
SKU_013,2025-11-03,76,CD_NORTE
SKU_013,2025-11-10,99,CD_NORTE
SKU_013,2025-11-17,77,CD_NORTE
SKU_013,2025-11-24,94,CD_NORTE
SKU_013,2025-12-01,72,CD_NORTE
SKU_013,2025-12-08,113,CD_NORTE
SKU_013,2025-12-15,112,CD_NORTE
SKU_013,2025-12-22,104,CD_NORTE
SKU_013,2025-12-29,101,CD_NORTE
SKU_013,2024-01-08,170,CD_CENTRO
SKU_013,2024-01-15,158,CD_CENTRO
SKU_013,2024-01-22,181,CD_CENTRO
SKU_013,2024-01-29,184,CD_CENTRO
SKU_013,2024-02-05,153,CD_CENTRO
SKU_013,2024-02-12,201,CD_CENTRO
SKU_013,2024-02-19,206,CD_CENTRO
SKU_013,2024-02-26,171,CD_CENTRO
SKU_013,2024-03-04,166,CD_CENTRO
SKU_013,2024-03-11,182,CD_CENTRO
SKU_013,2024-03-18,190,CD_CENTRO
SKU_013,2024-03-25,184,CD_CENTRO
SKU_013,2024-04-01,189,CD_CENTRO
SKU_013,2024-04-08,195,CD_CENTRO
SKU_013,2024-04-15,161,CD_CENTRO
SKU_013,2024-04-22,164,CD_CENTRO
SKU_013,2024-04-29,132,CD_CENTRO
SKU_013,2024-05-06,208,CD_CENTRO
SKU_013,2024-05-13,187,CD_CENTRO
SKU_013,2024-05-20,208,CD_CENTRO
SKU_013,2024-05-27,161,CD_CENTRO
SKU_013,2024-06-03,185,CD_CENTRO
SKU_013,2024-06-10,187,CD_CENTRO
SKU_013,2024-06-17,168,CD_CENTRO
SKU_013,2024-06-24,146,CD_CENTRO
SKU_013,2024-07-01,214,CD_CENTRO
SKU_013,2024-07-08,204,CD_CENTRO
SKU_013,2024-07-15,165,CD_CENTRO
SKU_013,2024-07-22,182,CD_CENTRO
SKU_013,2024-07-29,160,CD_CENTRO
SKU_013,2024-08-05,147,CD_CENTRO
SKU_013,2024-08-12,204,CD_CENTRO
SKU_013,2024-08-19,130,CD_CENTRO
SKU_013,2024-08-26,158,CD_CENTRO
SKU_013,2024-09-02,165,CD_CENTRO
SKU_013,2024-09-09,197,CD_CENTRO
SKU_013,2024-09-16,180,CD_CENTRO
SKU_013,2024-09-23,125,CD_CENTRO
SKU_013,2024-09-30,160,CD_CENTRO
SKU_013,2024-10-07,160,CD_CENTRO
SKU_013,2024-10-14,155,CD_CENTRO
SKU_013,2024-10-21,173,CD_CENTRO
SKU_013,2024-10-28,131,CD_CENTRO
SKU_013,2024-11-04,153,CD_CENTRO
SKU_013,2024-11-11,173,CD_CENTRO
SKU_013,2024-11-18,178,CD_CENTRO
SKU_013,2024-11-25,168,CD_CENTRO
SKU_013,2024-12-02,160,CD_CENTRO
SKU_013,2024-12-09,165,CD_CENTRO
SKU_013,2024-12-16,186,CD_CENTRO
SKU_013,2024-12-23,172,CD_CENTRO
SKU_013,2024-12-30,151,CD_CENTRO
SKU_013,2025-01-06,149,CD_CENTRO
SKU_013,2025-01-13,146,CD_CENTRO
SKU_013,2025-01-20,210,CD_CENTRO
SKU_013,2025-01-27,197,CD_CENTRO
SKU_013,2025-02-03,180,CD_CENTRO
SKU_013,2025-02-10,174,CD_CENTRO
SKU_013,2025-02-17,173,CD_CENTRO
SKU_013,2025-02-24,209,CD_CENTRO
SKU_013,2025-03-03,227,CD_CENTRO
SKU_013,2025-03-10,175,CD_CENTRO
SKU_013,2025-03-17,213,CD_CENTRO
SKU_013,2025-03-24,191,CD_CENTRO
SKU_013,2025-03-31,186,CD_CENTRO
SKU_013,2025-04-07,222,CD_CENTRO
SKU_013,2025-04-14,190,CD_CENTRO
SKU_013,2025-04-21,196,CD_CENTRO
SKU_013,2025-04-28,194,CD_CENTRO
SKU_013,2025-05-05,154,CD_CENTRO
SKU_013,2025-05-12,193,CD_CENTRO
SKU_013,2025-05-19,174,CD_CENTRO
SKU_013,2025-05-26,155,CD_CENTRO
SKU_013,2025-06-02,173,CD_CENTRO
SKU_013,2025-06-09,171,CD_CENTRO
SKU_013,2025-06-16,202,CD_CENTRO
SKU_013,2025-06-23,157,CD_CENTRO
SKU_013,2025-06-30,160,CD_CENTRO
SKU_013,2025-07-07,180,CD_CENTRO
SKU_013,2025-07-14,145,CD_CENTRO
SKU_013,2025-07-21,157,CD_CENTRO
SKU_013,2025-07-28,135,CD_CENTRO
SKU_013,2025-08-04,187,CD_CENTRO
SKU_013,2025-08-11,160,CD_CENTRO
SKU_013,2025-08-18,165,CD_CENTRO
SKU_013,2025-08-25,183,CD_CENTRO
SKU_013,2025-09-01,148,CD_CENTRO
SKU_013,2025-09-08,155,CD_CENTRO
SKU_013,2025-09-15,139,CD_CENTRO
SKU_013,2025-09-22,138,CD_CENTRO
SKU_013,2025-09-29,141,CD_CENTRO
SKU_013,2025-10-06,150,CD_CENTRO
SKU_013,2025-10-13,152,CD_CENTRO
SKU_013,2025-10-20,166,CD_CENTRO
SKU_013,2025-10-27,142,CD_CENTRO
SKU_013,2025-11-03,169,CD_CENTRO
SKU_013,2025-11-10,173,CD_CENTRO
SKU_013,2025-11-17,154,CD_CENTRO
SKU_013,2025-11-24,148,CD_CENTRO
SKU_013,2025-12-01,168,CD_CENTRO
SKU_013,2025-12-08,164,CD_CENTRO
SKU_013,2025-12-15,175,CD_CENTRO
SKU_013,2025-12-22,204,CD_CENTRO
SKU_013,2025-12-29,174,CD_CENTRO
SKU_013,2024-01-08,128,CD_SUR
SKU_013,2024-01-15,135,CD_SUR
SKU_013,2024-01-22,138,CD_SUR
SKU_013,2024-01-29,178,CD_SUR
SKU_013,2024-02-05,135,CD_SUR
SKU_013,2024-02-12,167,CD_SUR
SKU_013,2024-02-19,169,CD_SUR
SKU_013,2024-02-26,156,CD_SUR
SKU_013,2024-03-04,141,CD_SUR
SKU_013,2024-03-11,124,CD_SUR
SKU_013,2024-03-18,155,CD_SUR
SKU_013,2024-03-25,164,CD_SUR
SKU_013,2024-04-01,176,CD_SUR
SKU_013,2024-04-08,133,CD_SUR
SKU_013,2024-04-15,144,CD_SUR
SKU_013,2024-04-22,133,CD_SUR
SKU_013,2024-04-29,137,CD_SUR
SKU_013,2024-05-06,157,CD_SUR
SKU_013,2024-05-13,134,CD_SUR
SKU_013,2024-05-20,131,CD_SUR
SKU_013,2024-05-27,156,CD_SUR
SKU_013,2024-06-03,149,CD_SUR
SKU_013,2024-06-10,146,CD_SUR
SKU_013,2024-06-17,128,CD_SUR
SKU_013,2024-06-24,158,CD_SUR
SKU_013,2024-07-01,135,CD_SUR
SKU_013,2024-07-08,171,CD_SUR
SKU_013,2024-07-15,134,CD_SUR
SKU_013,2024-07-22,92,CD_SUR
SKU_013,2024-07-29,90,CD_SUR
SKU_013,2024-08-05,136,CD_SUR
SKU_013,2024-08-12,145,CD_SUR
SKU_013,2024-08-19,110,CD_SUR
SKU_013,2024-08-26,156,CD_SUR
SKU_013,2024-09-02,148,CD_SUR
SKU_013,2024-09-09,123,CD_SUR
SKU_013,2024-09-16,128,CD_SUR
SKU_013,2024-09-23,132,CD_SUR
SKU_013,2024-09-30,148,CD_SUR
SKU_013,2024-10-07,129,CD_SUR
SKU_013,2024-10-14,121,CD_SUR
SKU_013,2024-10-21,129,CD_SUR
SKU_013,2024-10-28,128,CD_SUR
SKU_013,2024-11-04,135,CD_SUR
SKU_013,2024-11-11,96,CD_SUR
SKU_013,2024-11-18,127,CD_SUR
SKU_013,2024-11-25,130,CD_SUR
SKU_013,2024-12-02,123,CD_SUR
SKU_013,2024-12-09,139,CD_SUR
SKU_013,2024-12-16,159,CD_SUR
SKU_013,2024-12-23,131,CD_SUR
SKU_013,2024-12-30,142,CD_SUR
SKU_013,2025-01-06,159,CD_SUR
SKU_013,2025-01-13,138,CD_SUR
SKU_013,2025-01-20,123,CD_SUR
SKU_013,2025-01-27,148,CD_SUR
SKU_013,2025-02-03,105,CD_SUR
SKU_013,2025-02-10,105,CD_SUR
SKU_013,2025-02-17,148,CD_SUR
SKU_013,2025-02-24,107,CD_SUR
SKU_013,2025-03-03,124,CD_SUR
SKU_013,2025-03-10,140,CD_SUR
SKU_013,2025-03-17,135,CD_SUR
SKU_013,2025-03-24,146,CD_SUR
SKU_013,2025-03-31,166,CD_SUR
SKU_013,2025-04-07,152,CD_SUR
SKU_013,2025-04-14,135,CD_SUR
SKU_013,2025-04-21,170,CD_SUR
SKU_013,2025-04-28,124,CD_SUR
SKU_013,2025-05-05,150,CD_SUR
SKU_013,2025-05-12,120,CD_SUR
SKU_013,2025-05-19,148,CD_SUR
SKU_013,2025-05-26,138,CD_SUR
SKU_013,2025-06-02,159,CD_SUR
SKU_013,2025-06-09,152,CD_SUR
SKU_013,2025-06-16,129,CD_SUR
SKU_013,2025-06-23,125,CD_SUR
SKU_013,2025-06-30,130,CD_SUR
SKU_013,2025-07-07,163,CD_SUR
SKU_013,2025-07-14,157,CD_SUR
SKU_013,2025-07-21,114,CD_SUR
SKU_013,2025-07-28,141,CD_SUR
SKU_013,2025-08-04,98,CD_SUR
SKU_013,2025-08-11,117,CD_SUR
SKU_013,2025-08-18,108,CD_SUR
SKU_013,2025-08-25,139,CD_SUR
SKU_013,2025-09-01,100,CD_SUR
SKU_013,2025-09-08,127,CD_SUR
SKU_013,2025-09-15,119,CD_SUR
SKU_013,2025-09-22,115,CD_SUR
SKU_013,2025-09-29,145,CD_SUR
SKU_013,2025-10-06,146,CD_SUR
SKU_013,2025-10-13,116,CD_SUR
SKU_013,2025-10-20,112,CD_SUR
SKU_013,2025-10-27,95,CD_SUR
SKU_013,2025-11-03,120,CD_SUR
SKU_013,2025-11-10,152,CD_SUR
SKU_013,2025-11-17,120,CD_SUR
SKU_013,2025-11-24,135,CD_SUR
SKU_013,2025-12-01,102,CD_SUR
SKU_013,2025-12-08,119,CD_SUR
SKU_013,2025-12-15,135,CD_SUR
SKU_013,2025-12-22,131,CD_SUR
SKU_013,2025-12-29,144,CD_SUR
SKU_014,2024-01-08,181,CD_NORTE
SKU_014,2024-01-15,179,CD_NORTE
SKU_014,2024-01-22,151,CD_NORTE
SKU_014,2024-01-29,129,CD_NORTE
SKU_014,2024-02-05,159,CD_NORTE
SKU_014,2024-02-12,187,CD_NORTE
SKU_014,2024-02-19,195,CD_NORTE
SKU_014,2024-02-26,181,CD_NORTE
SKU_014,2024-03-04,176,CD_NORTE
SKU_014,2024-03-11,175,CD_NORTE
SKU_014,2024-03-18,156,CD_NORTE
SKU_014,2024-03-25,164,CD_NORTE
SKU_014,2024-04-01,200,CD_NORTE
SKU_014,2024-04-08,148,CD_NORTE
SKU_014,2024-04-15,199,CD_NORTE
SKU_014,2024-04-22,161,CD_NORTE
SKU_014,2024-04-29,194,CD_NORTE
SKU_014,2024-05-06,139,CD_NORTE
SKU_014,2024-05-13,179,CD_NORTE
SKU_014,2024-05-20,152,CD_NORTE
SKU_014,2024-05-27,139,CD_NORTE
SKU_014,2024-06-03,171,CD_NORTE
SKU_014,2024-06-10,187,CD_NORTE
SKU_014,2024-06-17,150,CD_NORTE
SKU_014,2024-06-24,137,CD_NORTE
SKU_014,2024-07-01,165,CD_NORTE
SKU_014,2024-07-08,165,CD_NORTE
SKU_014,2024-07-15,178,CD_NORTE
SKU_014,2024-07-22,186,CD_NORTE
SKU_014,2024-07-29,166,CD_NORTE
SKU_014,2024-08-05,204,CD_NORTE
SKU_014,2024-08-12,171,CD_NORTE
SKU_014,2024-08-19,160,CD_NORTE
SKU_014,2024-08-26,135,CD_NORTE
SKU_014,2024-09-02,162,CD_NORTE
SKU_014,2024-09-09,160,CD_NORTE
SKU_014,2024-09-16,186,CD_NORTE
SKU_014,2024-09-23,176,CD_NORTE
SKU_014,2024-09-30,143,CD_NORTE
SKU_014,2024-10-07,170,CD_NORTE
SKU_014,2024-10-14,180,CD_NORTE
SKU_014,2024-10-21,198,CD_NORTE
SKU_014,2024-10-28,185,CD_NORTE
SKU_014,2024-11-04,182,CD_NORTE
SKU_014,2024-11-11,168,CD_NORTE
SKU_014,2024-11-18,175,CD_NORTE
SKU_014,2024-11-25,192,CD_NORTE
SKU_014,2024-12-02,140,CD_NORTE
SKU_014,2024-12-09,160,CD_NORTE
SKU_014,2024-12-16,152,CD_NORTE
SKU_014,2024-12-23,175,CD_NORTE
SKU_014,2024-12-30,192,CD_NORTE
SKU_014,2025-01-06,155,CD_NORTE
SKU_014,2025-01-13,119,CD_NORTE
SKU_014,2025-01-20,159,CD_NORTE
SKU_014,2025-01-27,185,CD_NORTE
SKU_014,2025-02-03,178,CD_NORTE
SKU_014,2025-02-10,176,CD_NORTE
SKU_014,2025-02-17,161,CD_NORTE
SKU_014,2025-02-24,141,CD_NORTE
SKU_014,2025-03-03,177,CD_NORTE
SKU_014,2025-03-10,150,CD_NORTE
SKU_014,2025-03-17,211,CD_NORTE
SKU_014,2025-03-24,178,CD_NORTE
SKU_014,2025-03-31,155,CD_NORTE
SKU_014,2025-04-07,155,CD_NORTE
SKU_014,2025-04-14,165,CD_NORTE
SKU_014,2025-04-21,162,CD_NORTE
SKU_014,2025-04-28,189,CD_NORTE
SKU_014,2025-05-05,171,CD_NORTE
SKU_014,2025-05-12,152,CD_NORTE
SKU_014,2025-05-19,205,CD_NORTE
SKU_014,2025-05-26,168,CD_NORTE
SKU_014,2025-06-02,182,CD_NORTE
SKU_014,2025-06-09,155,CD_NORTE
SKU_014,2025-06-16,174,CD_NORTE
SKU_014,2025-06-23,173,CD_NORTE
SKU_014,2025-06-30,129,CD_NORTE
SKU_014,2025-07-07,207,CD_NORTE
SKU_014,2025-07-14,193,CD_NORTE
SKU_014,2025-07-21,159,CD_NORTE
SKU_014,2025-07-28,145,CD_NORTE
SKU_014,2025-08-04,174,CD_NORTE
SKU_014,2025-08-11,169,CD_NORTE
SKU_014,2025-08-18,174,CD_NORTE
SKU_014,2025-08-25,171,CD_NORTE
SKU_014,2025-09-01,177,CD_NORTE
SKU_014,2025-09-08,196,CD_NORTE
SKU_014,2025-09-15,178,CD_NORTE
SKU_014,2025-09-22,146,CD_NORTE
SKU_014,2025-09-29,194,CD_NORTE
SKU_014,2025-10-06,200,CD_NORTE
SKU_014,2025-10-13,230,CD_NORTE
SKU_014,2025-10-20,144,CD_NORTE
SKU_014,2025-10-27,172,CD_NORTE
SKU_014,2025-11-03,125,CD_NORTE
SKU_014,2025-11-10,178,CD_NORTE
SKU_014,2025-11-17,156,CD_NORTE
SKU_014,2025-11-24,206,CD_NORTE
SKU_014,2025-12-01,151,CD_NORTE
SKU_014,2025-12-08,133,CD_NORTE
SKU_014,2025-12-15,158,CD_NORTE
SKU_014,2025-12-22,127,CD_NORTE
SKU_014,2025-12-29,182,CD_NORTE
SKU_014,2024-01-08,95,CD_CENTRO
SKU_014,2024-01-15,108,CD_CENTRO
SKU_014,2024-01-22,110,CD_CENTRO
SKU_014,2024-01-29,87,CD_CENTRO
SKU_014,2024-02-05,100,CD_CENTRO
SKU_014,2024-02-12,100,CD_CENTRO
SKU_014,2024-02-19,108,CD_CENTRO
SKU_014,2024-02-26,93,CD_CENTRO
SKU_014,2024-03-04,91,CD_CENTRO
SKU_014,2024-03-11,100,CD_CENTRO
SKU_014,2024-03-18,112,CD_CENTRO
SKU_014,2024-03-25,84,CD_CENTRO
SKU_014,2024-04-01,86,CD_CENTRO
SKU_014,2024-04-08,92,CD_CENTRO
SKU_014,2024-04-15,94,CD_CENTRO
SKU_014,2024-04-22,77,CD_CENTRO
SKU_014,2024-04-29,116,CD_CENTRO
SKU_014,2024-05-06,96,CD_CENTRO
SKU_014,2024-05-13,95,CD_CENTRO
SKU_014,2024-05-20,117,CD_CENTRO
SKU_014,2024-05-27,106,CD_CENTRO
SKU_014,2024-06-03,92,CD_CENTRO
SKU_014,2024-06-10,100,CD_CENTRO
SKU_014,2024-06-17,98,CD_CENTRO
SKU_014,2024-06-24,115,CD_CENTRO
SKU_014,2024-07-01,96,CD_CENTRO
SKU_014,2024-07-08,81,CD_CENTRO
SKU_014,2024-07-15,76,CD_CENTRO
SKU_014,2024-07-22,115,CD_CENTRO
SKU_014,2024-07-29,89,CD_CENTRO
SKU_014,2024-08-05,106,CD_CENTRO
SKU_014,2024-08-12,99,CD_CENTRO
SKU_014,2024-08-19,93,CD_CENTRO
SKU_014,2024-08-26,95,CD_CENTRO
SKU_014,2024-09-02,117,CD_CENTRO
SKU_014,2024-09-09,81,CD_CENTRO
SKU_014,2024-09-16,93,CD_CENTRO
SKU_014,2024-09-23,109,CD_CENTRO
SKU_014,2024-09-30,83,CD_CENTRO
SKU_014,2024-10-07,113,CD_CENTRO
SKU_014,2024-10-14,108,CD_CENTRO
SKU_014,2024-10-21,101,CD_CENTRO
SKU_014,2024-10-28,92,CD_CENTRO
SKU_014,2024-11-04,81,CD_CENTRO
SKU_014,2024-11-11,106,CD_CENTRO
SKU_014,2024-11-18,130,CD_CENTRO
SKU_014,2024-11-25,100,CD_CENTRO
SKU_014,2024-12-02,77,CD_CENTRO
SKU_014,2024-12-09,103,CD_CENTRO
SKU_014,2024-12-16,108,CD_CENTRO
SKU_014,2024-12-23,87,CD_CENTRO
SKU_014,2024-12-30,90,CD_CENTRO
SKU_014,2025-01-06,89,CD_CENTRO
SKU_014,2025-01-13,92,CD_CENTRO
SKU_014,2025-01-20,96,CD_CENTRO
SKU_014,2025-01-27,88,CD_CENTRO
SKU_014,2025-02-03,83,CD_CENTRO
SKU_014,2025-02-10,100,CD_CENTRO
SKU_014,2025-02-17,96,CD_CENTRO
SKU_014,2025-02-24,93,CD_CENTRO
SKU_014,2025-03-03,99,CD_CENTRO
SKU_014,2025-03-10,80,CD_CENTRO
SKU_014,2025-03-17,101,CD_CENTRO
SKU_014,2025-03-24,93,CD_CENTRO
SKU_014,2025-03-31,101,CD_CENTRO
SKU_014,2025-04-07,103,CD_CENTRO
SKU_014,2025-04-14,111,CD_CENTRO
SKU_014,2025-04-21,99,CD_CENTRO
SKU_014,2025-04-28,111,CD_CENTRO
SKU_014,2025-05-05,94,CD_CENTRO
SKU_014,2025-05-12,95,CD_CENTRO
SKU_014,2025-05-19,97,CD_CENTRO
SKU_014,2025-05-26,107,CD_CENTRO
SKU_014,2025-06-02,105,CD_CENTRO
SKU_014,2025-06-09,100,CD_CENTRO
SKU_014,2025-06-16,84,CD_CENTRO
SKU_014,2025-06-23,105,CD_CENTRO
SKU_014,2025-06-30,88,CD_CENTRO
SKU_014,2025-07-07,87,CD_CENTRO
SKU_014,2025-07-14,85,CD_CENTRO
SKU_014,2025-07-21,97,CD_CENTRO
SKU_014,2025-07-28,112,CD_CENTRO
SKU_014,2025-08-04,87,CD_CENTRO
SKU_014,2025-08-11,118,CD_CENTRO
SKU_014,2025-08-18,109,CD_CENTRO
SKU_014,2025-08-25,81,CD_CENTRO
SKU_014,2025-09-01,93,CD_CENTRO
SKU_014,2025-09-08,86,CD_CENTRO
SKU_014,2025-09-15,106,CD_CENTRO
SKU_014,2025-09-22,86,CD_CENTRO
SKU_014,2025-09-29,79,CD_CENTRO
SKU_014,2025-10-06,94,CD_CENTRO
SKU_014,2025-10-13,112,CD_CENTRO
SKU_014,2025-10-20,96,CD_CENTRO
SKU_014,2025-10-27,103,CD_CENTRO
SKU_014,2025-11-03,103,CD_CENTRO
SKU_014,2025-11-10,80,CD_CENTRO
SKU_014,2025-11-17,87,CD_CENTRO
SKU_014,2025-11-24,98,CD_CENTRO
SKU_014,2025-12-01,91,CD_CENTRO
SKU_014,2025-12-08,118,CD_CENTRO
SKU_014,2025-12-15,84,CD_CENTRO
SKU_014,2025-12-22,87,CD_CENTRO
SKU_014,2025-12-29,101,CD_CENTRO
SKU_014,2024-01-08,160,CD_SUR
SKU_014,2024-01-15,165,CD_SUR
SKU_014,2024-01-22,168,CD_SUR
SKU_014,2024-01-29,154,CD_SUR
SKU_014,2024-02-05,140,CD_SUR
SKU_014,2024-02-12,134,CD_SUR
SKU_014,2024-02-19,176,CD_SUR
SKU_014,2024-02-26,172,CD_SUR
SKU_014,2024-03-04,169,CD_SUR
SKU_014,2024-03-11,172,CD_SUR
SKU_014,2024-03-18,154,CD_SUR
SKU_014,2024-03-25,145,CD_SUR
SKU_014,2024-04-01,139,CD_SUR
SKU_014,2024-04-08,136,CD_SUR
SKU_014,2024-04-15,180,CD_SUR
SKU_014,2024-04-22,148,CD_SUR
SKU_014,2024-04-29,177,CD_SUR
SKU_014,2024-05-06,153,CD_SUR
SKU_014,2024-05-13,144,CD_SUR
SKU_014,2024-05-20,136,CD_SUR
SKU_014,2024-05-27,146,CD_SUR
SKU_014,2024-06-03,184,CD_SUR
SKU_014,2024-06-10,137,CD_SUR
SKU_014,2024-06-17,197,CD_SUR
SKU_014,2024-06-24,141,CD_SUR
SKU_014,2024-07-01,171,CD_SUR
SKU_014,2024-07-08,154,CD_SUR
SKU_014,2024-07-15,151,CD_SUR
SKU_014,2024-07-22,133,CD_SUR
SKU_014,2024-07-29,155,CD_SUR
SKU_014,2024-08-05,135,CD_SUR
SKU_014,2024-08-12,125,CD_SUR
SKU_014,2024-08-19,159,CD_SUR
SKU_014,2024-08-26,145,CD_SUR
SKU_014,2024-09-02,189,CD_SUR
SKU_014,2024-09-09,176,CD_SUR
SKU_014,2024-09-16,189,CD_SUR
SKU_014,2024-09-23,144,CD_SUR
SKU_014,2024-09-30,160,CD_SUR
SKU_014,2024-10-07,108,CD_SUR
SKU_014,2024-10-14,152,CD_SUR
SKU_014,2024-10-21,159,CD_SUR
SKU_014,2024-10-28,160,CD_SUR
SKU_014,2024-11-04,156,CD_SUR
SKU_014,2024-11-11,158,CD_SUR
SKU_014,2024-11-18,106,CD_SUR
SKU_014,2024-11-25,162,CD_SUR
SKU_014,2024-12-02,166,CD_SUR
SKU_014,2024-12-09,182,CD_SUR
SKU_014,2024-12-16,164,CD_SUR
SKU_014,2024-12-23,155,CD_SUR
SKU_014,2024-12-30,178,CD_SUR
SKU_014,2025-01-06,113,CD_SUR
SKU_014,2025-01-13,147,CD_SUR
SKU_014,2025-01-20,143,CD_SUR
SKU_014,2025-01-27,156,CD_SUR
SKU_014,2025-02-03,116,CD_SUR
SKU_014,2025-02-10,182,CD_SUR
SKU_014,2025-02-17,152,CD_SUR
SKU_014,2025-02-24,163,CD_SUR
SKU_014,2025-03-03,161,CD_SUR
SKU_014,2025-03-10,181,CD_SUR
SKU_014,2025-03-17,122,CD_SUR
SKU_014,2025-03-24,159,CD_SUR
SKU_014,2025-03-31,179,CD_SUR
SKU_014,2025-04-07,155,CD_SUR
SKU_014,2025-04-14,139,CD_SUR
SKU_014,2025-04-21,146,CD_SUR
SKU_014,2025-04-28,150,CD_SUR
SKU_014,2025-05-05,143,CD_SUR
SKU_014,2025-05-12,154,CD_SUR
SKU_014,2025-05-19,185,CD_SUR
SKU_014,2025-05-26,146,CD_SUR
SKU_014,2025-06-02,148,CD_SUR
SKU_014,2025-06-09,166,CD_SUR
SKU_014,2025-06-16,154,CD_SUR
SKU_014,2025-06-23,132,CD_SUR
SKU_014,2025-06-30,156,CD_SUR
SKU_014,2025-07-07,155,CD_SUR
SKU_014,2025-07-14,175,CD_SUR
SKU_014,2025-07-21,139,CD_SUR
SKU_014,2025-07-28,176,CD_SUR
SKU_014,2025-08-04,155,CD_SUR
SKU_014,2025-08-11,136,CD_SUR
SKU_014,2025-08-18,132,CD_SUR
SKU_014,2025-08-25,193,CD_SUR
SKU_014,2025-09-01,154,CD_SUR
SKU_014,2025-09-08,175,CD_SUR
SKU_014,2025-09-15,125,CD_SUR
SKU_014,2025-09-22,207,CD_SUR
SKU_014,2025-09-29,174,CD_SUR
SKU_014,2025-10-06,152,CD_SUR
SKU_014,2025-10-13,151,CD_SUR
SKU_014,2025-10-20,171,CD_SUR
SKU_014,2025-10-27,170,CD_SUR
SKU_014,2025-11-03,160,CD_SUR
SKU_014,2025-11-10,157,CD_SUR
SKU_014,2025-11-17,168,CD_SUR
SKU_014,2025-11-24,124,CD_SUR
SKU_014,2025-12-01,150,CD_SUR
SKU_014,2025-12-08,126,CD_SUR
SKU_014,2025-12-15,168,CD_SUR
SKU_014,2025-12-22,144,CD_SUR
SKU_014,2025-12-29,127,CD_SUR
SKU_015,2024-01-08,142,CD_NORTE
SKU_015,2024-01-15,129,CD_NORTE
SKU_015,2024-01-22,108,CD_NORTE
SKU_015,2024-01-29,92,CD_NORTE
SKU_015,2024-02-05,112,CD_NORTE
SKU_015,2024-02-12,144,CD_NORTE
SKU_015,2024-02-19,151,CD_NORTE
SKU_015,2024-02-26,120,CD_NORTE
SKU_015,2024-03-04,102,CD_NORTE
SKU_015,2024-03-11,114,CD_NORTE
SKU_015,2024-03-18,141,CD_NORTE
SKU_015,2024-03-25,115,CD_NORTE
SKU_015,2024-04-01,133,CD_NORTE
SKU_015,2024-04-08,127,CD_NORTE
SKU_015,2024-04-15,135,CD_NORTE
SKU_015,2024-04-22,151,CD_NORTE
SKU_015,2024-04-29,133,CD_NORTE
SKU_015,2024-05-06,126,CD_NORTE
SKU_015,2024-05-13,153,CD_NORTE
SKU_015,2024-05-20,129,CD_NORTE
SKU_015,2024-05-27,112,CD_NORTE
SKU_015,2024-06-03,134,CD_NORTE
SKU_015,2024-06-10,131,CD_NORTE
SKU_015,2024-06-17,119,CD_NORTE
SKU_015,2024-06-24,116,CD_NORTE
SKU_015,2024-07-01,120,CD_NORTE
SKU_015,2024-07-08,116,CD_NORTE
SKU_015,2024-07-15,120,CD_NORTE
SKU_015,2024-07-22,111,CD_NORTE
SKU_015,2024-07-29,130,CD_NORTE
SKU_015,2024-08-05,129,CD_NORTE
SKU_015,2024-08-12,129,CD_NORTE
SKU_015,2024-08-19,123,CD_NORTE
SKU_015,2024-08-26,121,CD_NORTE
SKU_015,2024-09-02,145,CD_NORTE
SKU_015,2024-09-09,125,CD_NORTE
SKU_015,2024-09-16,143,CD_NORTE
SKU_015,2024-09-23,109,CD_NORTE
SKU_015,2024-09-30,133,CD_NORTE
SKU_015,2024-10-07,113,CD_NORTE
SKU_015,2024-10-14,116,CD_NORTE
SKU_015,2024-10-21,118,CD_NORTE
SKU_015,2024-10-28,117,CD_NORTE
SKU_015,2024-11-04,117,CD_NORTE
SKU_015,2024-11-11,142,CD_NORTE
SKU_015,2024-11-18,125,CD_NORTE
SKU_015,2024-11-25,127,CD_NORTE
SKU_015,2024-12-02,117,CD_NORTE
SKU_015,2024-12-09,137,CD_NORTE
SKU_015,2024-12-16,129,CD_NORTE
SKU_015,2024-12-23,119,CD_NORTE
SKU_015,2024-12-30,100,CD_NORTE
SKU_015,2025-01-06,127,CD_NORTE
SKU_015,2025-01-13,133,CD_NORTE
SKU_015,2025-01-20,109,CD_NORTE
SKU_015,2025-01-27,120,CD_NORTE
SKU_015,2025-02-03,132,CD_NORTE
SKU_015,2025-02-10,101,CD_NORTE
SKU_015,2025-02-17,114,CD_NORTE
SKU_015,2025-02-24,130,CD_NORTE
SKU_015,2025-03-03,140,CD_NORTE
SKU_015,2025-03-10,157,CD_NORTE
SKU_015,2025-03-17,153,CD_NORTE
SKU_015,2025-03-24,126,CD_NORTE
SKU_015,2025-03-31,117,CD_NORTE
SKU_015,2025-04-07,138,CD_NORTE
SKU_015,2025-04-14,116,CD_NORTE
SKU_015,2025-04-21,113,CD_NORTE
SKU_015,2025-04-28,119,CD_NORTE
SKU_015,2025-05-05,118,CD_NORTE
SKU_015,2025-05-12,130,CD_NORTE
SKU_015,2025-05-19,115,CD_NORTE
SKU_015,2025-05-26,125,CD_NORTE
SKU_015,2025-06-02,148,CD_NORTE
SKU_015,2025-06-09,126,CD_NORTE
SKU_015,2025-06-16,147,CD_NORTE
SKU_015,2025-06-23,142,CD_NORTE
SKU_015,2025-06-30,133,CD_NORTE
SKU_015,2025-07-07,119,CD_NORTE
SKU_015,2025-07-14,139,CD_NORTE
SKU_015,2025-07-21,120,CD_NORTE
SKU_015,2025-07-28,124,CD_NORTE
SKU_015,2025-08-04,129,CD_NORTE
SKU_015,2025-08-11,124,CD_NORTE
SKU_015,2025-08-18,113,CD_NORTE
SKU_015,2025-08-25,101,CD_NORTE
SKU_015,2025-09-01,138,CD_NORTE
SKU_015,2025-09-08,132,CD_NORTE
SKU_015,2025-09-15,98,CD_NORTE
SKU_015,2025-09-22,113,CD_NORTE
SKU_015,2025-09-29,127,CD_NORTE
SKU_015,2025-10-06,131,CD_NORTE
SKU_015,2025-10-13,101,CD_NORTE
SKU_015,2025-10-20,123,CD_NORTE
SKU_015,2025-10-27,132,CD_NORTE
SKU_015,2025-11-03,119,CD_NORTE
SKU_015,2025-11-10,128,CD_NORTE
SKU_015,2025-11-17,117,CD_NORTE
SKU_015,2025-11-24,138,CD_NORTE
SKU_015,2025-12-01,112,CD_NORTE
SKU_015,2025-12-08,107,CD_NORTE
SKU_015,2025-12-15,124,CD_NORTE
SKU_015,2025-12-22,103,CD_NORTE
SKU_015,2025-12-29,93,CD_NORTE
SKU_015,2024-01-08,156,CD_CENTRO
SKU_015,2024-01-15,151,CD_CENTRO
SKU_015,2024-01-22,161,CD_CENTRO
SKU_015,2024-01-29,126,CD_CENTRO
SKU_015,2024-02-05,169,CD_CENTRO
SKU_015,2024-02-12,167,CD_CENTRO
SKU_015,2024-02-19,152,CD_CENTRO
SKU_015,2024-02-26,179,CD_CENTRO
SKU_015,2024-03-04,138,CD_CENTRO
SKU_015,2024-03-11,182,CD_CENTRO
SKU_015,2024-03-18,163,CD_CENTRO
SKU_015,2024-03-25,154,CD_CENTRO
SKU_015,2024-04-01,160,CD_CENTRO
SKU_015,2024-04-08,158,CD_CENTRO
SKU_015,2024-04-15,183,CD_CENTRO
SKU_015,2024-04-22,139,CD_CENTRO
SKU_015,2024-04-29,145,CD_CENTRO
SKU_015,2024-05-06,180,CD_CENTRO
SKU_015,2024-05-13,149,CD_CENTRO
SKU_015,2024-05-20,177,CD_CENTRO
SKU_015,2024-05-27,193,CD_CENTRO
SKU_015,2024-06-03,152,CD_CENTRO
SKU_015,2024-06-10,173,CD_CENTRO
SKU_015,2024-06-17,138,CD_CENTRO
SKU_015,2024-06-24,174,CD_CENTRO
SKU_015,2024-07-01,164,CD_CENTRO
SKU_015,2024-07-08,169,CD_CENTRO
SKU_015,2024-07-15,148,CD_CENTRO
SKU_015,2024-07-22,128,CD_CENTRO
SKU_015,2024-07-29,170,CD_CENTRO
SKU_015,2024-08-05,120,CD_CENTRO
SKU_015,2024-08-12,154,CD_CENTRO
SKU_015,2024-08-19,178,CD_CENTRO
SKU_015,2024-08-26,164,CD_CENTRO
SKU_015,2024-09-02,197,CD_CENTRO
SKU_015,2024-09-09,180,CD_CENTRO
SKU_015,2024-09-16,147,CD_CENTRO
SKU_015,2024-09-23,161,CD_CENTRO
SKU_015,2024-09-30,159,CD_CENTRO
SKU_015,2024-10-07,130,CD_CENTRO
SKU_015,2024-10-14,142,CD_CENTRO
SKU_015,2024-10-21,149,CD_CENTRO
SKU_015,2024-10-28,121,CD_CENTRO
SKU_015,2024-11-04,161,CD_CENTRO
SKU_015,2024-11-11,155,CD_CENTRO
SKU_015,2024-11-18,128,CD_CENTRO
SKU_015,2024-11-25,168,CD_CENTRO
SKU_015,2024-12-02,174,CD_CENTRO
SKU_015,2024-12-09,164,CD_CENTRO
SKU_015,2024-12-16,154,CD_CENTRO
SKU_015,2024-12-23,171,CD_CENTRO
SKU_015,2024-12-30,173,CD_CENTRO
SKU_015,2025-01-06,166,CD_CENTRO
SKU_015,2025-01-13,144,CD_CENTRO
SKU_015,2025-01-20,165,CD_CENTRO
SKU_015,2025-01-27,183,CD_CENTRO
SKU_015,2025-02-03,149,CD_CENTRO
SKU_015,2025-02-10,200,CD_CENTRO
SKU_015,2025-02-17,150,CD_CENTRO
SKU_015,2025-02-24,161,CD_CENTRO
SKU_015,2025-03-03,147,CD_CENTRO
SKU_015,2025-03-10,164,CD_CENTRO
SKU_015,2025-03-17,127,CD_CENTRO
SKU_015,2025-03-24,150,CD_CENTRO
SKU_015,2025-03-31,139,CD_CENTRO
SKU_015,2025-04-07,163,CD_CENTRO
SKU_015,2025-04-14,179,CD_CENTRO
SKU_015,2025-04-21,172,CD_CENTRO
SKU_015,2025-04-28,114,CD_CENTRO
SKU_015,2025-05-05,199,CD_CENTRO
SKU_015,2025-05-12,166,CD_CENTRO
SKU_015,2025-05-19,145,CD_CENTRO
SKU_015,2025-05-26,163,CD_CENTRO
SKU_015,2025-06-02,163,CD_CENTRO
SKU_015,2025-06-09,147,CD_CENTRO
SKU_015,2025-06-16,164,CD_CENTRO
SKU_015,2025-06-23,148,CD_CENTRO
SKU_015,2025-06-30,152,CD_CENTRO
SKU_015,2025-07-07,147,CD_CENTRO
SKU_015,2025-07-14,132,CD_CENTRO
SKU_015,2025-07-21,163,CD_CENTRO
SKU_015,2025-07-28,171,CD_CENTRO
SKU_015,2025-08-04,170,CD_CENTRO
SKU_015,2025-08-11,176,CD_CENTRO
SKU_015,2025-08-18,166,CD_CENTRO
SKU_015,2025-08-25,150,CD_CENTRO
SKU_015,2025-09-01,176,CD_CENTRO
SKU_015,2025-09-08,134,CD_CENTRO
SKU_015,2025-09-15,143,CD_CENTRO
SKU_015,2025-09-22,141,CD_CENTRO
SKU_015,2025-09-29,181,CD_CENTRO
SKU_015,2025-10-06,178,CD_CENTRO
SKU_015,2025-10-13,169,CD_CENTRO
SKU_015,2025-10-20,181,CD_CENTRO
SKU_015,2025-10-27,143,CD_CENTRO
SKU_015,2025-11-03,167,CD_CENTRO
SKU_015,2025-11-10,158,CD_CENTRO
SKU_015,2025-11-17,176,CD_CENTRO
SKU_015,2025-11-24,158,CD_CENTRO
SKU_015,2025-12-01,153,CD_CENTRO
SKU_015,2025-12-08,170,CD_CENTRO
SKU_015,2025-12-15,177,CD_CENTRO
SKU_015,2025-12-22,147,CD_CENTRO
SKU_015,2025-12-29,159,CD_CENTRO
SKU_015,2024-01-08,72,CD_SUR
SKU_015,2024-01-15,60,CD_SUR
SKU_015,2024-01-22,66,CD_SUR
SKU_015,2024-01-29,60,CD_SUR
SKU_015,2024-02-05,66,CD_SUR
SKU_015,2024-02-12,59,CD_SUR
SKU_015,2024-02-19,65,CD_SUR
SKU_015,2024-02-26,66,CD_SUR
SKU_015,2024-03-04,53,CD_SUR
SKU_015,2024-03-11,69,CD_SUR
SKU_015,2024-03-18,60,CD_SUR
SKU_015,2024-03-25,58,CD_SUR
SKU_015,2024-04-01,56,CD_SUR
SKU_015,2024-04-08,63,CD_SUR
SKU_015,2024-04-15,61,CD_SUR
SKU_015,2024-04-22,64,CD_SUR
SKU_015,2024-04-29,64,CD_SUR
SKU_015,2024-05-06,65,CD_SUR
SKU_015,2024-05-13,81,CD_SUR
SKU_015,2024-05-20,61,CD_SUR
SKU_015,2024-05-27,56,CD_SUR
SKU_015,2024-06-03,46,CD_SUR
SKU_015,2024-06-10,52,CD_SUR
SKU_015,2024-06-17,70,CD_SUR
SKU_015,2024-06-24,66,CD_SUR
SKU_015,2024-07-01,51,CD_SUR
SKU_015,2024-07-08,79,CD_SUR
SKU_015,2024-07-15,63,CD_SUR
SKU_015,2024-07-22,64,CD_SUR
SKU_015,2024-07-29,77,CD_SUR
SKU_015,2024-08-05,74,CD_SUR
SKU_015,2024-08-12,67,CD_SUR
SKU_015,2024-08-19,67,CD_SUR
SKU_015,2024-08-26,68,CD_SUR
SKU_015,2024-09-02,59,CD_SUR
SKU_015,2024-09-09,63,CD_SUR
SKU_015,2024-09-16,65,CD_SUR
SKU_015,2024-09-23,60,CD_SUR
SKU_015,2024-09-30,54,CD_SUR
SKU_015,2024-10-07,59,CD_SUR
SKU_015,2024-10-14,54,CD_SUR
SKU_015,2024-10-21,61,CD_SUR
SKU_015,2024-10-28,48,CD_SUR
SKU_015,2024-11-04,63,CD_SUR
SKU_015,2024-11-11,49,CD_SUR
SKU_015,2024-11-18,58,CD_SUR
SKU_015,2024-11-25,65,CD_SUR
SKU_015,2024-12-02,67,CD_SUR
SKU_015,2024-12-09,66,CD_SUR
SKU_015,2024-12-16,63,CD_SUR
SKU_015,2024-12-23,53,CD_SUR
SKU_015,2024-12-30,68,CD_SUR
SKU_015,2025-01-06,53,CD_SUR
SKU_015,2025-01-13,69,CD_SUR
SKU_015,2025-01-20,66,CD_SUR
SKU_015,2025-01-27,71,CD_SUR
SKU_015,2025-02-03,61,CD_SUR
SKU_015,2025-02-10,55,CD_SUR
SKU_015,2025-02-17,52,CD_SUR
SKU_015,2025-02-24,52,CD_SUR
SKU_015,2025-03-03,49,CD_SUR
SKU_015,2025-03-10,68,CD_SUR
SKU_015,2025-03-17,69,CD_SUR
SKU_015,2025-03-24,65,CD_SUR
SKU_015,2025-03-31,61,CD_SUR
SKU_015,2025-04-07,76,CD_SUR
SKU_015,2025-04-14,60,CD_SUR
SKU_015,2025-04-21,63,CD_SUR
SKU_015,2025-04-28,61,CD_SUR
SKU_015,2025-05-05,59,CD_SUR
SKU_015,2025-05-12,66,CD_SUR
SKU_015,2025-05-19,56,CD_SUR
SKU_015,2025-05-26,56,CD_SUR
SKU_015,2025-06-02,66,CD_SUR
SKU_015,2025-06-09,57,CD_SUR
SKU_015,2025-06-16,62,CD_SUR
SKU_015,2025-06-23,59,CD_SUR
SKU_015,2025-06-30,61,CD_SUR
SKU_015,2025-07-07,56,CD_SUR
SKU_015,2025-07-14,56,CD_SUR
SKU_015,2025-07-21,55,CD_SUR
SKU_015,2025-07-28,67,CD_SUR
SKU_015,2025-08-04,62,CD_SUR
SKU_015,2025-08-11,68,CD_SUR
SKU_015,2025-08-18,69,CD_SUR
SKU_015,2025-08-25,58,CD_SUR
SKU_015,2025-09-01,67,CD_SUR
SKU_015,2025-09-08,61,CD_SUR
SKU_015,2025-09-15,60,CD_SUR
SKU_015,2025-09-22,70,CD_SUR
SKU_015,2025-09-29,65,CD_SUR
SKU_015,2025-10-06,58,CD_SUR
SKU_015,2025-10-13,65,CD_SUR
SKU_015,2025-10-20,52,CD_SUR
SKU_015,2025-10-27,63,CD_SUR
SKU_015,2025-11-03,50,CD_SUR
SKU_015,2025-11-10,54,CD_SUR
SKU_015,2025-11-17,65,CD_SUR
SKU_015,2025-11-24,41,CD_SUR
SKU_015,2025-12-01,74,CD_SUR
SKU_015,2025-12-08,67,CD_SUR
SKU_015,2025-12-15,48,CD_SUR
SKU_015,2025-12-22,79,CD_SUR
SKU_015,2025-12-29,81,CD_SUR
SKU_016,2024-01-08,105,CD_NORTE
SKU_016,2024-01-15,0,CD_NORTE
SKU_016,2024-01-22,78,CD_NORTE
SKU_016,2024-01-29,100,CD_NORTE
SKU_016,2024-02-05,102,CD_NORTE
SKU_016,2024-02-12,0,CD_NORTE
SKU_016,2024-02-19,0,CD_NORTE
SKU_016,2024-02-26,0,CD_NORTE
SKU_016,2024-03-04,0,CD_NORTE
SKU_016,2024-03-11,0,CD_NORTE
SKU_016,2024-03-18,0,CD_NORTE
SKU_016,2024-03-25,0,CD_NORTE
SKU_016,2024-04-01,0,CD_NORTE
SKU_016,2024-04-08,0,CD_NORTE
SKU_016,2024-04-15,97,CD_NORTE
SKU_016,2024-04-22,0,CD_NORTE
SKU_016,2024-04-29,0,CD_NORTE
SKU_016,2024-05-06,0,CD_NORTE
SKU_016,2024-05-13,0,CD_NORTE
SKU_016,2024-05-20,0,CD_NORTE
SKU_016,2024-05-27,113,CD_NORTE
SKU_016,2024-06-03,0,CD_NORTE
SKU_016,2024-06-10,0,CD_NORTE
SKU_016,2024-06-17,0,CD_NORTE
SKU_016,2024-06-24,0,CD_NORTE
SKU_016,2024-07-01,0,CD_NORTE
SKU_016,2024-07-08,0,CD_NORTE
SKU_016,2024-07-15,0,CD_NORTE
SKU_016,2024-07-22,104,CD_NORTE
SKU_016,2024-07-29,0,CD_NORTE
SKU_016,2024-08-05,0,CD_NORTE
SKU_016,2024-08-12,0,CD_NORTE
SKU_016,2024-08-19,0,CD_NORTE
SKU_016,2024-08-26,0,CD_NORTE
SKU_016,2024-09-02,0,CD_NORTE
SKU_016,2024-09-09,0,CD_NORTE
SKU_016,2024-09-16,0,CD_NORTE
SKU_016,2024-09-23,0,CD_NORTE
SKU_016,2024-09-30,0,CD_NORTE
SKU_016,2024-10-07,113,CD_NORTE
SKU_016,2024-10-14,0,CD_NORTE
SKU_016,2024-10-21,0,CD_NORTE
SKU_016,2024-10-28,0,CD_NORTE
SKU_016,2024-11-04,98,CD_NORTE
SKU_016,2024-11-11,0,CD_NORTE
SKU_016,2024-11-18,0,CD_NORTE
SKU_016,2024-11-25,0,CD_NORTE
SKU_016,2024-12-02,0,CD_NORTE
SKU_016,2024-12-09,0,CD_NORTE
SKU_016,2024-12-16,0,CD_NORTE
SKU_016,2024-12-23,109,CD_NORTE
SKU_016,2024-12-30,0,CD_NORTE
SKU_016,2025-01-06,0,CD_NORTE
SKU_016,2025-01-13,116,CD_NORTE
SKU_016,2025-01-20,0,CD_NORTE
SKU_016,2025-01-27,0,CD_NORTE
SKU_016,2025-02-03,0,CD_NORTE
SKU_016,2025-02-10,0,CD_NORTE
SKU_016,2025-02-17,0,CD_NORTE
SKU_016,2025-02-24,113,CD_NORTE
SKU_016,2025-03-03,89,CD_NORTE
SKU_016,2025-03-10,0,CD_NORTE
SKU_016,2025-03-17,0,CD_NORTE
SKU_016,2025-03-24,0,CD_NORTE
SKU_016,2025-03-31,0,CD_NORTE
SKU_016,2025-04-07,97,CD_NORTE
SKU_016,2025-04-14,0,CD_NORTE
SKU_016,2025-04-21,0,CD_NORTE
SKU_016,2025-04-28,0,CD_NORTE
SKU_016,2025-05-05,0,CD_NORTE
SKU_016,2025-05-12,0,CD_NORTE
SKU_016,2025-05-19,0,CD_NORTE
SKU_016,2025-05-26,97,CD_NORTE
SKU_016,2025-06-02,0,CD_NORTE
SKU_016,2025-06-09,0,CD_NORTE
SKU_016,2025-06-16,105,CD_NORTE
SKU_016,2025-06-23,0,CD_NORTE
SKU_016,2025-06-30,107,CD_NORTE
SKU_016,2025-07-07,0,CD_NORTE
SKU_016,2025-07-14,0,CD_NORTE
SKU_016,2025-07-21,0,CD_NORTE
SKU_016,2025-07-28,92,CD_NORTE
SKU_016,2025-08-04,0,CD_NORTE
SKU_016,2025-08-11,0,CD_NORTE
SKU_016,2025-08-18,0,CD_NORTE
SKU_016,2025-08-25,0,CD_NORTE
SKU_016,2025-09-01,101,CD_NORTE
SKU_016,2025-09-08,0,CD_NORTE
SKU_016,2025-09-15,0,CD_NORTE
SKU_016,2025-09-22,0,CD_NORTE
SKU_016,2025-09-29,80,CD_NORTE
SKU_016,2025-10-06,114,CD_NORTE
SKU_016,2025-10-13,95,CD_NORTE
SKU_016,2025-10-20,0,CD_NORTE
SKU_016,2025-10-27,0,CD_NORTE
SKU_016,2025-11-03,0,CD_NORTE
SKU_016,2025-11-10,0,CD_NORTE
SKU_016,2025-11-17,0,CD_NORTE
SKU_016,2025-11-24,0,CD_NORTE
SKU_016,2025-12-01,0,CD_NORTE
SKU_016,2025-12-08,101,CD_NORTE
SKU_016,2025-12-15,0,CD_NORTE
SKU_016,2025-12-22,0,CD_NORTE
SKU_016,2025-12-29,97,CD_NORTE
SKU_016,2024-01-08,93,CD_CENTRO
SKU_016,2024-01-15,0,CD_CENTRO
SKU_016,2024-01-22,0,CD_CENTRO
SKU_016,2024-01-29,0,CD_CENTRO
SKU_016,2024-02-05,0,CD_CENTRO
SKU_016,2024-02-12,105,CD_CENTRO
SKU_016,2024-02-19,0,CD_CENTRO
SKU_016,2024-02-26,0,CD_CENTRO
SKU_016,2024-03-04,103,CD_CENTRO
SKU_016,2024-03-11,103,CD_CENTRO
SKU_016,2024-03-18,0,CD_CENTRO
SKU_016,2024-03-25,0,CD_CENTRO
SKU_016,2024-04-01,0,CD_CENTRO
SKU_016,2024-04-08,100,CD_CENTRO
SKU_016,2024-04-15,0,CD_CENTRO
SKU_016,2024-04-22,0,CD_CENTRO
SKU_016,2024-04-29,0,CD_CENTRO
SKU_016,2024-05-06,0,CD_CENTRO
SKU_016,2024-05-13,99,CD_CENTRO
SKU_016,2024-05-20,0,CD_CENTRO
SKU_016,2024-05-27,0,CD_CENTRO
SKU_016,2024-06-03,0,CD_CENTRO
SKU_016,2024-06-10,0,CD_CENTRO
SKU_016,2024-06-17,0,CD_CENTRO
SKU_016,2024-06-24,0,CD_CENTRO
SKU_016,2024-07-01,0,CD_CENTRO
SKU_016,2024-07-08,0,CD_CENTRO
SKU_016,2024-07-15,0,CD_CENTRO
SKU_016,2024-07-22,0,CD_CENTRO
SKU_016,2024-07-29,0,CD_CENTRO
SKU_016,2024-08-05,0,CD_CENTRO
SKU_016,2024-08-12,123,CD_CENTRO
SKU_016,2024-08-19,0,CD_CENTRO
SKU_016,2024-08-26,111,CD_CENTRO
SKU_016,2024-09-02,0,CD_CENTRO
SKU_016,2024-09-09,0,CD_CENTRO
SKU_016,2024-09-16,0,CD_CENTRO
SKU_016,2024-09-23,0,CD_CENTRO
SKU_016,2024-09-30,0,CD_CENTRO
SKU_016,2024-10-07,0,CD_CENTRO
SKU_016,2024-10-14,106,CD_CENTRO
SKU_016,2024-10-21,0,CD_CENTRO
SKU_016,2024-10-28,100,CD_CENTRO
SKU_016,2024-11-04,0,CD_CENTRO
SKU_016,2024-11-11,0,CD_CENTRO
SKU_016,2024-11-18,0,CD_CENTRO
SKU_016,2024-11-25,109,CD_CENTRO
SKU_016,2024-12-02,104,CD_CENTRO
SKU_016,2024-12-09,0,CD_CENTRO
SKU_016,2024-12-16,0,CD_CENTRO
SKU_016,2024-12-23,0,CD_CENTRO
SKU_016,2024-12-30,0,CD_CENTRO
SKU_016,2025-01-06,0,CD_CENTRO
SKU_016,2025-01-13,99,CD_CENTRO
SKU_016,2025-01-20,0,CD_CENTRO
SKU_016,2025-01-27,0,CD_CENTRO
SKU_016,2025-02-03,0,CD_CENTRO
SKU_016,2025-02-10,0,CD_CENTRO
SKU_016,2025-02-17,96,CD_CENTRO
SKU_016,2025-02-24,0,CD_CENTRO
SKU_016,2025-03-03,98,CD_CENTRO
SKU_016,2025-03-10,0,CD_CENTRO
SKU_016,2025-03-17,69,CD_CENTRO
SKU_016,2025-03-24,0,CD_CENTRO
SKU_016,2025-03-31,0,CD_CENTRO
SKU_016,2025-04-07,0,CD_CENTRO
SKU_016,2025-04-14,0,CD_CENTRO
SKU_016,2025-04-21,0,CD_CENTRO
SKU_016,2025-04-28,101,CD_CENTRO
SKU_016,2025-05-05,0,CD_CENTRO
SKU_016,2025-05-12,94,CD_CENTRO
SKU_016,2025-05-19,0,CD_CENTRO
SKU_016,2025-05-26,0,CD_CENTRO
SKU_016,2025-06-02,0,CD_CENTRO
SKU_016,2025-06-09,0,CD_CENTRO
SKU_016,2025-06-16,115,CD_CENTRO
SKU_016,2025-06-23,99,CD_CENTRO
SKU_016,2025-06-30,0,CD_CENTRO
SKU_016,2025-07-07,0,CD_CENTRO
SKU_016,2025-07-14,87,CD_CENTRO
SKU_016,2025-07-21,99,CD_CENTRO
SKU_016,2025-07-28,0,CD_CENTRO
SKU_016,2025-08-04,0,CD_CENTRO
SKU_016,2025-08-11,0,CD_CENTRO
SKU_016,2025-08-18,0,CD_CENTRO
SKU_016,2025-08-25,89,CD_CENTRO
SKU_016,2025-09-01,0,CD_CENTRO
SKU_016,2025-09-08,0,CD_CENTRO
SKU_016,2025-09-15,104,CD_CENTRO
SKU_016,2025-09-22,102,CD_CENTRO
SKU_016,2025-09-29,0,CD_CENTRO
SKU_016,2025-10-06,0,CD_CENTRO
SKU_016,2025-10-13,108,CD_CENTRO
SKU_016,2025-10-20,0,CD_CENTRO
SKU_016,2025-10-27,0,CD_CENTRO
SKU_016,2025-11-03,0,CD_CENTRO
SKU_016,2025-11-10,0,CD_CENTRO
SKU_016,2025-11-17,0,CD_CENTRO
SKU_016,2025-11-24,0,CD_CENTRO
SKU_016,2025-12-01,0,CD_CENTRO
SKU_016,2025-12-08,0,CD_CENTRO
SKU_016,2025-12-15,0,CD_CENTRO
SKU_016,2025-12-22,0,CD_CENTRO
SKU_016,2025-12-29,0,CD_CENTRO
SKU_016,2024-01-08,0,CD_SUR
SKU_016,2024-01-15,83,CD_SUR
SKU_016,2024-01-22,0,CD_SUR
SKU_016,2024-01-29,0,CD_SUR
SKU_016,2024-02-05,0,CD_SUR
SKU_016,2024-02-12,0,CD_SUR
SKU_016,2024-02-19,0,CD_SUR
SKU_016,2024-02-26,0,CD_SUR
SKU_016,2024-03-04,0,CD_SUR
SKU_016,2024-03-11,0,CD_SUR
SKU_016,2024-03-18,86,CD_SUR
SKU_016,2024-03-25,0,CD_SUR
SKU_016,2024-04-01,0,CD_SUR
SKU_016,2024-04-08,85,CD_SUR
SKU_016,2024-04-15,0,CD_SUR
SKU_016,2024-04-22,0,CD_SUR
SKU_016,2024-04-29,0,CD_SUR
SKU_016,2024-05-06,91,CD_SUR
SKU_016,2024-05-13,92,CD_SUR
SKU_016,2024-05-20,0,CD_SUR
SKU_016,2024-05-27,0,CD_SUR
SKU_016,2024-06-03,75,CD_SUR
SKU_016,2024-06-10,0,CD_SUR
SKU_016,2024-06-17,91,CD_SUR
SKU_016,2024-06-24,0,CD_SUR
SKU_016,2024-07-01,0,CD_SUR
SKU_016,2024-07-08,0,CD_SUR
SKU_016,2024-07-15,0,CD_SUR
SKU_016,2024-07-22,0,CD_SUR
SKU_016,2024-07-29,0,CD_SUR
SKU_016,2024-08-05,0,CD_SUR
SKU_016,2024-08-12,0,CD_SUR
SKU_016,2024-08-19,74,CD_SUR
SKU_016,2024-08-26,0,CD_SUR
SKU_016,2024-09-02,0,CD_SUR
SKU_016,2024-09-09,89,CD_SUR
SKU_016,2024-09-16,0,CD_SUR
SKU_016,2024-09-23,89,CD_SUR
SKU_016,2024-09-30,0,CD_SUR
SKU_016,2024-10-07,0,CD_SUR
SKU_016,2024-10-14,68,CD_SUR
SKU_016,2024-10-21,0,CD_SUR
SKU_016,2024-10-28,0,CD_SUR
SKU_016,2024-11-04,0,CD_SUR
SKU_016,2024-11-11,0,CD_SUR
SKU_016,2024-11-18,0,CD_SUR
SKU_016,2024-11-25,0,CD_SUR
SKU_016,2024-12-02,0,CD_SUR
SKU_016,2024-12-09,0,CD_SUR
SKU_016,2024-12-16,0,CD_SUR
SKU_016,2024-12-23,0,CD_SUR
SKU_016,2024-12-30,0,CD_SUR
SKU_016,2025-01-06,0,CD_SUR
SKU_016,2025-01-13,0,CD_SUR
SKU_016,2025-01-20,0,CD_SUR
SKU_016,2025-01-27,0,CD_SUR
SKU_016,2025-02-03,0,CD_SUR
SKU_016,2025-02-10,0,CD_SUR
SKU_016,2025-02-17,0,CD_SUR
SKU_016,2025-02-24,0,CD_SUR
SKU_016,2025-03-03,0,CD_SUR
SKU_016,2025-03-10,0,CD_SUR
SKU_016,2025-03-17,85,CD_SUR
SKU_016,2025-03-24,0,CD_SUR
SKU_016,2025-03-31,0,CD_SUR
SKU_016,2025-04-07,0,CD_SUR
SKU_016,2025-04-14,80,CD_SUR
SKU_016,2025-04-21,0,CD_SUR
SKU_016,2025-04-28,0,CD_SUR
SKU_016,2025-05-05,78,CD_SUR
SKU_016,2025-05-12,0,CD_SUR
SKU_016,2025-05-19,0,CD_SUR
SKU_016,2025-05-26,0,CD_SUR
SKU_016,2025-06-02,0,CD_SUR
SKU_016,2025-06-09,0,CD_SUR
SKU_016,2025-06-16,0,CD_SUR
SKU_016,2025-06-23,0,CD_SUR
SKU_016,2025-06-30,0,CD_SUR
SKU_016,2025-07-07,0,CD_SUR
SKU_016,2025-07-14,0,CD_SUR
SKU_016,2025-07-21,0,CD_SUR
SKU_016,2025-07-28,95,CD_SUR
SKU_016,2025-08-04,0,CD_SUR
SKU_016,2025-08-11,79,CD_SUR
SKU_016,2025-08-18,0,CD_SUR
SKU_016,2025-08-25,0,CD_SUR
SKU_016,2025-09-01,0,CD_SUR
SKU_016,2025-09-08,0,CD_SUR
SKU_016,2025-09-15,77,CD_SUR
SKU_016,2025-09-22,0,CD_SUR
SKU_016,2025-09-29,85,CD_SUR
SKU_016,2025-10-06,0,CD_SUR
SKU_016,2025-10-13,90,CD_SUR
SKU_016,2025-10-20,0,CD_SUR
SKU_016,2025-10-27,0,CD_SUR
SKU_016,2025-11-03,0,CD_SUR
SKU_016,2025-11-10,0,CD_SUR
SKU_016,2025-11-17,0,CD_SUR
SKU_016,2025-11-24,83,CD_SUR
SKU_016,2025-12-01,94,CD_SUR
SKU_016,2025-12-08,0,CD_SUR
SKU_016,2025-12-15,88,CD_SUR
SKU_016,2025-12-22,66,CD_SUR
SKU_016,2025-12-29,0,CD_SUR
SKU_017,2024-01-08,74,CD_NORTE
SKU_017,2024-01-15,0,CD_NORTE
SKU_017,2024-01-22,85,CD_NORTE
SKU_017,2024-01-29,79,CD_NORTE
SKU_017,2024-02-05,0,CD_NORTE
SKU_017,2024-02-12,0,CD_NORTE
SKU_017,2024-02-19,70,CD_NORTE
SKU_017,2024-02-26,0,CD_NORTE
SKU_017,2024-03-04,69,CD_NORTE
SKU_017,2024-03-11,0,CD_NORTE
SKU_017,2024-03-18,0,CD_NORTE
SKU_017,2024-03-25,0,CD_NORTE
SKU_017,2024-04-01,76,CD_NORTE
SKU_017,2024-04-08,0,CD_NORTE
SKU_017,2024-04-15,0,CD_NORTE
SKU_017,2024-04-22,0,CD_NORTE
SKU_017,2024-04-29,0,CD_NORTE
SKU_017,2024-05-06,0,CD_NORTE
SKU_017,2024-05-13,71,CD_NORTE
SKU_017,2024-05-20,0,CD_NORTE
SKU_017,2024-05-27,0,CD_NORTE
SKU_017,2024-06-03,77,CD_NORTE
SKU_017,2024-06-10,0,CD_NORTE
SKU_017,2024-06-17,86,CD_NORTE
SKU_017,2024-06-24,0,CD_NORTE
SKU_017,2024-07-01,0,CD_NORTE
SKU_017,2024-07-08,0,CD_NORTE
SKU_017,2024-07-15,0,CD_NORTE
SKU_017,2024-07-22,0,CD_NORTE
SKU_017,2024-07-29,0,CD_NORTE
SKU_017,2024-08-05,67,CD_NORTE
SKU_017,2024-08-12,0,CD_NORTE
SKU_017,2024-08-19,79,CD_NORTE
SKU_017,2024-08-26,0,CD_NORTE
SKU_017,2024-09-02,0,CD_NORTE
SKU_017,2024-09-09,0,CD_NORTE
SKU_017,2024-09-16,0,CD_NORTE
SKU_017,2024-09-23,0,CD_NORTE
SKU_017,2024-09-30,0,CD_NORTE
SKU_017,2024-10-07,85,CD_NORTE
SKU_017,2024-10-14,0,CD_NORTE
SKU_017,2024-10-21,0,CD_NORTE
SKU_017,2024-10-28,77,CD_NORTE
SKU_017,2024-11-04,0,CD_NORTE
SKU_017,2024-11-11,84,CD_NORTE
SKU_017,2024-11-18,0,CD_NORTE
SKU_017,2024-11-25,76,CD_NORTE
SKU_017,2024-12-02,79,CD_NORTE
SKU_017,2024-12-09,81,CD_NORTE
SKU_017,2024-12-16,0,CD_NORTE
SKU_017,2024-12-23,74,CD_NORTE
SKU_017,2024-12-30,0,CD_NORTE
SKU_017,2025-01-06,94,CD_NORTE
SKU_017,2025-01-13,0,CD_NORTE
SKU_017,2025-01-20,83,CD_NORTE
SKU_017,2025-01-27,0,CD_NORTE
SKU_017,2025-02-03,0,CD_NORTE
SKU_017,2025-02-10,88,CD_NORTE
SKU_017,2025-02-17,0,CD_NORTE
SKU_017,2025-02-24,0,CD_NORTE
SKU_017,2025-03-03,0,CD_NORTE
SKU_017,2025-03-10,0,CD_NORTE
SKU_017,2025-03-17,0,CD_NORTE
SKU_017,2025-03-24,0,CD_NORTE
SKU_017,2025-03-31,0,CD_NORTE
SKU_017,2025-04-07,0,CD_NORTE
SKU_017,2025-04-14,0,CD_NORTE
SKU_017,2025-04-21,0,CD_NORTE
SKU_017,2025-04-28,0,CD_NORTE
SKU_017,2025-05-05,0,CD_NORTE
SKU_017,2025-05-12,0,CD_NORTE
SKU_017,2025-05-19,86,CD_NORTE
SKU_017,2025-05-26,0,CD_NORTE
SKU_017,2025-06-02,0,CD_NORTE
SKU_017,2025-06-09,0,CD_NORTE
SKU_017,2025-06-16,81,CD_NORTE
SKU_017,2025-06-23,0,CD_NORTE
SKU_017,2025-06-30,0,CD_NORTE
SKU_017,2025-07-07,0,CD_NORTE
SKU_017,2025-07-14,0,CD_NORTE
SKU_017,2025-07-21,0,CD_NORTE
SKU_017,2025-07-28,89,CD_NORTE
SKU_017,2025-08-04,79,CD_NORTE
SKU_017,2025-08-11,0,CD_NORTE
SKU_017,2025-08-18,72,CD_NORTE
SKU_017,2025-08-25,0,CD_NORTE
SKU_017,2025-09-01,0,CD_NORTE
SKU_017,2025-09-08,0,CD_NORTE
SKU_017,2025-09-15,78,CD_NORTE
SKU_017,2025-09-22,0,CD_NORTE
SKU_017,2025-09-29,0,CD_NORTE
SKU_017,2025-10-06,0,CD_NORTE
SKU_017,2025-10-13,70,CD_NORTE
SKU_017,2025-10-20,0,CD_NORTE
SKU_017,2025-10-27,0,CD_NORTE
SKU_017,2025-11-03,0,CD_NORTE
SKU_017,2025-11-10,0,CD_NORTE
SKU_017,2025-11-17,62,CD_NORTE
SKU_017,2025-11-24,0,CD_NORTE
SKU_017,2025-12-01,0,CD_NORTE
SKU_017,2025-12-08,0,CD_NORTE
SKU_017,2025-12-15,0,CD_NORTE
SKU_017,2025-12-22,71,CD_NORTE
SKU_017,2025-12-29,79,CD_NORTE
SKU_017,2024-01-08,0,CD_CENTRO
SKU_017,2024-01-15,0,CD_CENTRO
SKU_017,2024-01-22,0,CD_CENTRO
SKU_017,2024-01-29,0,CD_CENTRO
SKU_017,2024-02-05,0,CD_CENTRO
SKU_017,2024-02-12,0,CD_CENTRO
SKU_017,2024-02-19,136,CD_CENTRO
SKU_017,2024-02-26,0,CD_CENTRO
SKU_017,2024-03-04,0,CD_CENTRO
SKU_017,2024-03-11,0,CD_CENTRO
SKU_017,2024-03-18,0,CD_CENTRO
SKU_017,2024-03-25,0,CD_CENTRO
SKU_017,2024-04-01,0,CD_CENTRO
SKU_017,2024-04-08,0,CD_CENTRO
SKU_017,2024-04-15,0,CD_CENTRO
SKU_017,2024-04-22,0,CD_CENTRO
SKU_017,2024-04-29,0,CD_CENTRO
SKU_017,2024-05-06,0,CD_CENTRO
SKU_017,2024-05-13,0,CD_CENTRO
SKU_017,2024-05-20,0,CD_CENTRO
SKU_017,2024-05-27,0,CD_CENTRO
SKU_017,2024-06-03,0,CD_CENTRO
SKU_017,2024-06-10,0,CD_CENTRO
SKU_017,2024-06-17,0,CD_CENTRO
SKU_017,2024-06-24,0,CD_CENTRO
SKU_017,2024-07-01,0,CD_CENTRO
SKU_017,2024-07-08,0,CD_CENTRO
SKU_017,2024-07-15,0,CD_CENTRO
SKU_017,2024-07-22,111,CD_CENTRO
SKU_017,2024-07-29,0,CD_CENTRO
SKU_017,2024-08-05,0,CD_CENTRO
SKU_017,2024-08-12,0,CD_CENTRO
SKU_017,2024-08-19,0,CD_CENTRO
SKU_017,2024-08-26,127,CD_CENTRO
SKU_017,2024-09-02,110,CD_CENTRO
SKU_017,2024-09-09,0,CD_CENTRO
SKU_017,2024-09-16,0,CD_CENTRO
SKU_017,2024-09-23,0,CD_CENTRO
SKU_017,2024-09-30,142,CD_CENTRO
SKU_017,2024-10-07,147,CD_CENTRO
SKU_017,2024-10-14,0,CD_CENTRO
SKU_017,2024-10-21,0,CD_CENTRO
SKU_017,2024-10-28,0,CD_CENTRO
SKU_017,2024-11-04,133,CD_CENTRO
SKU_017,2024-11-11,0,CD_CENTRO
SKU_017,2024-11-18,140,CD_CENTRO
SKU_017,2024-11-25,132,CD_CENTRO
SKU_017,2024-12-02,0,CD_CENTRO
SKU_017,2024-12-09,0,CD_CENTRO
SKU_017,2024-12-16,0,CD_CENTRO
SKU_017,2024-12-23,0,CD_CENTRO
SKU_017,2024-12-30,0,CD_CENTRO
SKU_017,2025-01-06,0,CD_CENTRO
SKU_017,2025-01-13,0,CD_CENTRO
SKU_017,2025-01-20,146,CD_CENTRO
SKU_017,2025-01-27,0,CD_CENTRO
SKU_017,2025-02-03,0,CD_CENTRO
SKU_017,2025-02-10,0,CD_CENTRO
SKU_017,2025-02-17,0,CD_CENTRO
SKU_017,2025-02-24,138,CD_CENTRO
SKU_017,2025-03-03,0,CD_CENTRO
SKU_017,2025-03-10,109,CD_CENTRO
SKU_017,2025-03-17,0,CD_CENTRO
SKU_017,2025-03-24,0,CD_CENTRO
SKU_017,2025-03-31,0,CD_CENTRO
SKU_017,2025-04-07,0,CD_CENTRO
SKU_017,2025-04-14,0,CD_CENTRO
SKU_017,2025-04-21,0,CD_CENTRO
SKU_017,2025-04-28,0,CD_CENTRO
SKU_017,2025-05-05,149,CD_CENTRO
SKU_017,2025-05-12,0,CD_CENTRO
SKU_017,2025-05-19,131,CD_CENTRO
SKU_017,2025-05-26,0,CD_CENTRO
SKU_017,2025-06-02,0,CD_CENTRO
SKU_017,2025-06-09,0,CD_CENTRO
SKU_017,2025-06-16,0,CD_CENTRO
SKU_017,2025-06-23,119,CD_CENTRO
SKU_017,2025-06-30,0,CD_CENTRO
SKU_017,2025-07-07,0,CD_CENTRO
SKU_017,2025-07-14,0,CD_CENTRO
SKU_017,2025-07-21,0,CD_CENTRO
SKU_017,2025-07-28,0,CD_CENTRO
SKU_017,2025-08-04,0,CD_CENTRO
SKU_017,2025-08-11,130,CD_CENTRO
SKU_017,2025-08-18,110,CD_CENTRO
SKU_017,2025-08-25,0,CD_CENTRO
SKU_017,2025-09-01,0,CD_CENTRO
SKU_017,2025-09-08,0,CD_CENTRO
SKU_017,2025-09-15,0,CD_CENTRO
SKU_017,2025-09-22,0,CD_CENTRO
SKU_017,2025-09-29,0,CD_CENTRO
SKU_017,2025-10-06,119,CD_CENTRO
SKU_017,2025-10-13,0,CD_CENTRO
SKU_017,2025-10-20,0,CD_CENTRO
SKU_017,2025-10-27,0,CD_CENTRO
SKU_017,2025-11-03,0,CD_CENTRO
SKU_017,2025-11-10,0,CD_CENTRO
SKU_017,2025-11-17,0,CD_CENTRO
SKU_017,2025-11-24,0,CD_CENTRO
SKU_017,2025-12-01,138,CD_CENTRO
SKU_017,2025-12-08,0,CD_CENTRO
SKU_017,2025-12-15,0,CD_CENTRO
SKU_017,2025-12-22,0,CD_CENTRO
SKU_017,2025-12-29,0,CD_CENTRO
SKU_017,2024-01-08,94,CD_SUR
SKU_017,2024-01-15,0,CD_SUR
SKU_017,2024-01-22,0,CD_SUR
SKU_017,2024-01-29,101,CD_SUR
SKU_017,2024-02-05,0,CD_SUR
SKU_017,2024-02-12,0,CD_SUR
SKU_017,2024-02-19,0,CD_SUR
SKU_017,2024-02-26,0,CD_SUR
SKU_017,2024-03-04,100,CD_SUR
SKU_017,2024-03-11,0,CD_SUR
SKU_017,2024-03-18,90,CD_SUR
SKU_017,2024-03-25,0,CD_SUR
SKU_017,2024-04-01,86,CD_SUR
SKU_017,2024-04-08,0,CD_SUR
SKU_017,2024-04-15,0,CD_SUR
SKU_017,2024-04-22,0,CD_SUR
SKU_017,2024-04-29,0,CD_SUR
SKU_017,2024-05-06,0,CD_SUR
SKU_017,2024-05-13,0,CD_SUR
SKU_017,2024-05-20,0,CD_SUR
SKU_017,2024-05-27,88,CD_SUR
SKU_017,2024-06-03,0,CD_SUR
SKU_017,2024-06-10,97,CD_SUR
SKU_017,2024-06-17,89,CD_SUR
SKU_017,2024-06-24,0,CD_SUR
SKU_017,2024-07-01,0,CD_SUR
SKU_017,2024-07-08,0,CD_SUR
SKU_017,2024-07-15,0,CD_SUR
SKU_017,2024-07-22,0,CD_SUR
SKU_017,2024-07-29,85,CD_SUR
SKU_017,2024-08-05,92,CD_SUR
SKU_017,2024-08-12,102,CD_SUR
SKU_017,2024-08-19,0,CD_SUR
SKU_017,2024-08-26,0,CD_SUR
SKU_017,2024-09-02,93,CD_SUR
SKU_017,2024-09-09,0,CD_SUR
SKU_017,2024-09-16,89,CD_SUR
SKU_017,2024-09-23,0,CD_SUR
SKU_017,2024-09-30,0,CD_SUR
SKU_017,2024-10-07,0,CD_SUR
SKU_017,2024-10-14,0,CD_SUR
SKU_017,2024-10-21,0,CD_SUR
SKU_017,2024-10-28,0,CD_SUR
SKU_017,2024-11-04,0,CD_SUR
SKU_017,2024-11-11,0,CD_SUR
SKU_017,2024-11-18,0,CD_SUR
SKU_017,2024-11-25,95,CD_SUR
SKU_017,2024-12-02,0,CD_SUR
SKU_017,2024-12-09,0,CD_SUR
SKU_017,2024-12-16,93,CD_SUR
SKU_017,2024-12-23,0,CD_SUR
SKU_017,2024-12-30,0,CD_SUR
SKU_017,2025-01-06,0,CD_SUR
SKU_017,2025-01-13,0,CD_SUR
SKU_017,2025-01-20,0,CD_SUR
SKU_017,2025-01-27,0,CD_SUR
SKU_017,2025-02-03,0,CD_SUR
SKU_017,2025-02-10,0,CD_SUR
SKU_017,2025-02-17,0,CD_SUR
SKU_017,2025-02-24,0,CD_SUR
SKU_017,2025-03-03,0,CD_SUR
SKU_017,2025-03-10,0,CD_SUR
SKU_017,2025-03-17,0,CD_SUR
SKU_017,2025-03-24,74,CD_SUR
SKU_017,2025-03-31,98,CD_SUR
SKU_017,2025-04-07,0,CD_SUR
SKU_017,2025-04-14,0,CD_SUR
SKU_017,2025-04-21,96,CD_SUR
SKU_017,2025-04-28,0,CD_SUR
SKU_017,2025-05-05,92,CD_SUR
SKU_017,2025-05-12,0,CD_SUR
SKU_017,2025-05-19,102,CD_SUR
SKU_017,2025-05-26,0,CD_SUR
SKU_017,2025-06-02,0,CD_SUR
SKU_017,2025-06-09,0,CD_SUR
SKU_017,2025-06-16,0,CD_SUR
SKU_017,2025-06-23,103,CD_SUR
SKU_017,2025-06-30,0,CD_SUR
SKU_017,2025-07-07,0,CD_SUR
SKU_017,2025-07-14,0,CD_SUR
SKU_017,2025-07-21,0,CD_SUR
SKU_017,2025-07-28,0,CD_SUR
SKU_017,2025-08-04,99,CD_SUR
SKU_017,2025-08-11,0,CD_SUR
SKU_017,2025-08-18,0,CD_SUR
SKU_017,2025-08-25,0,CD_SUR
SKU_017,2025-09-01,0,CD_SUR
SKU_017,2025-09-08,0,CD_SUR
SKU_017,2025-09-15,0,CD_SUR
SKU_017,2025-09-22,84,CD_SUR
SKU_017,2025-09-29,0,CD_SUR
SKU_017,2025-10-06,84,CD_SUR
SKU_017,2025-10-13,102,CD_SUR
SKU_017,2025-10-20,0,CD_SUR
SKU_017,2025-10-27,0,CD_SUR
SKU_017,2025-11-03,0,CD_SUR
SKU_017,2025-11-10,75,CD_SUR
SKU_017,2025-11-17,0,CD_SUR
SKU_017,2025-11-24,0,CD_SUR
SKU_017,2025-12-01,0,CD_SUR
SKU_017,2025-12-08,0,CD_SUR
SKU_017,2025-12-15,0,CD_SUR
SKU_017,2025-12-22,0,CD_SUR
SKU_017,2025-12-29,0,CD_SUR
SKU_018,2024-01-08,0,CD_NORTE
SKU_018,2024-01-15,0,CD_NORTE
SKU_018,2024-01-22,125,CD_NORTE
SKU_018,2024-01-29,0,CD_NORTE
SKU_018,2024-02-05,0,CD_NORTE
SKU_018,2024-02-12,0,CD_NORTE
SKU_018,2024-02-19,0,CD_NORTE
SKU_018,2024-02-26,0,CD_NORTE
SKU_018,2024-03-04,0,CD_NORTE
SKU_018,2024-03-11,102,CD_NORTE
SKU_018,2024-03-18,0,CD_NORTE
SKU_018,2024-03-25,138,CD_NORTE
SKU_018,2024-04-01,0,CD_NORTE
SKU_018,2024-04-08,0,CD_NORTE
SKU_018,2024-04-15,0,CD_NORTE
SKU_018,2024-04-22,0,CD_NORTE
SKU_018,2024-04-29,0,CD_NORTE
SKU_018,2024-05-06,121,CD_NORTE
SKU_018,2024-05-13,0,CD_NORTE
SKU_018,2024-05-20,0,CD_NORTE
SKU_018,2024-05-27,0,CD_NORTE
SKU_018,2024-06-03,142,CD_NORTE
SKU_018,2024-06-10,0,CD_NORTE
SKU_018,2024-06-17,0,CD_NORTE
SKU_018,2024-06-24,0,CD_NORTE
SKU_018,2024-07-01,0,CD_NORTE
SKU_018,2024-07-08,0,CD_NORTE
SKU_018,2024-07-15,0,CD_NORTE
SKU_018,2024-07-22,0,CD_NORTE
SKU_018,2024-07-29,0,CD_NORTE
SKU_018,2024-08-05,0,CD_NORTE
SKU_018,2024-08-12,0,CD_NORTE
SKU_018,2024-08-19,0,CD_NORTE
SKU_018,2024-08-26,0,CD_NORTE
SKU_018,2024-09-02,0,CD_NORTE
SKU_018,2024-09-09,119,CD_NORTE
SKU_018,2024-09-16,0,CD_NORTE
SKU_018,2024-09-23,0,CD_NORTE
SKU_018,2024-09-30,0,CD_NORTE
SKU_018,2024-10-07,0,CD_NORTE
SKU_018,2024-10-14,0,CD_NORTE
SKU_018,2024-10-21,139,CD_NORTE
SKU_018,2024-10-28,0,CD_NORTE
SKU_018,2024-11-04,0,CD_NORTE
SKU_018,2024-11-11,0,CD_NORTE
SKU_018,2024-11-18,0,CD_NORTE
SKU_018,2024-11-25,0,CD_NORTE
SKU_018,2024-12-02,143,CD_NORTE
SKU_018,2024-12-09,0,CD_NORTE
SKU_018,2024-12-16,0,CD_NORTE
SKU_018,2024-12-23,0,CD_NORTE
SKU_018,2024-12-30,0,CD_NORTE
SKU_018,2025-01-06,0,CD_NORTE
SKU_018,2025-01-13,0,CD_NORTE
SKU_018,2025-01-20,121,CD_NORTE
SKU_018,2025-01-27,138,CD_NORTE
SKU_018,2025-02-03,0,CD_NORTE
SKU_018,2025-02-10,110,CD_NORTE
SKU_018,2025-02-17,0,CD_NORTE
SKU_018,2025-02-24,0,CD_NORTE
SKU_018,2025-03-03,0,CD_NORTE
SKU_018,2025-03-10,0,CD_NORTE
SKU_018,2025-03-17,0,CD_NORTE
SKU_018,2025-03-24,130,CD_NORTE
SKU_018,2025-03-31,0,CD_NORTE
SKU_018,2025-04-07,0,CD_NORTE
SKU_018,2025-04-14,0,CD_NORTE
SKU_018,2025-04-21,0,CD_NORTE
SKU_018,2025-04-28,0,CD_NORTE
SKU_018,2025-05-05,0,CD_NORTE
SKU_018,2025-05-12,0,CD_NORTE
SKU_018,2025-05-19,143,CD_NORTE
SKU_018,2025-05-26,0,CD_NORTE
SKU_018,2025-06-02,0,CD_NORTE
SKU_018,2025-06-09,0,CD_NORTE
SKU_018,2025-06-16,0,CD_NORTE
SKU_018,2025-06-23,0,CD_NORTE
SKU_018,2025-06-30,0,CD_NORTE
SKU_018,2025-07-07,0,CD_NORTE
SKU_018,2025-07-14,134,CD_NORTE
SKU_018,2025-07-21,0,CD_NORTE
SKU_018,2025-07-28,0,CD_NORTE
SKU_018,2025-08-04,0,CD_NORTE
SKU_018,2025-08-11,0,CD_NORTE
SKU_018,2025-08-18,0,CD_NORTE
SKU_018,2025-08-25,158,CD_NORTE
SKU_018,2025-09-01,0,CD_NORTE
SKU_018,2025-09-08,0,CD_NORTE
SKU_018,2025-09-15,134,CD_NORTE
SKU_018,2025-09-22,0,CD_NORTE
SKU_018,2025-09-29,0,CD_NORTE
SKU_018,2025-10-06,0,CD_NORTE
SKU_018,2025-10-13,122,CD_NORTE
SKU_018,2025-10-20,0,CD_NORTE
SKU_018,2025-10-27,0,CD_NORTE
SKU_018,2025-11-03,163,CD_NORTE
SKU_018,2025-11-10,0,CD_NORTE
SKU_018,2025-11-17,0,CD_NORTE
SKU_018,2025-11-24,0,CD_NORTE
SKU_018,2025-12-01,0,CD_NORTE
SKU_018,2025-12-08,0,CD_NORTE
SKU_018,2025-12-15,148,CD_NORTE
SKU_018,2025-12-22,107,CD_NORTE
SKU_018,2025-12-29,0,CD_NORTE
SKU_018,2024-01-08,48,CD_CENTRO
SKU_018,2024-01-15,0,CD_CENTRO
SKU_018,2024-01-22,50,CD_CENTRO
SKU_018,2024-01-29,0,CD_CENTRO
SKU_018,2024-02-05,0,CD_CENTRO
SKU_018,2024-02-12,0,CD_CENTRO
SKU_018,2024-02-19,0,CD_CENTRO
SKU_018,2024-02-26,0,CD_CENTRO
SKU_018,2024-03-04,0,CD_CENTRO
SKU_018,2024-03-11,0,CD_CENTRO
SKU_018,2024-03-18,42,CD_CENTRO
SKU_018,2024-03-25,0,CD_CENTRO
SKU_018,2024-04-01,0,CD_CENTRO
SKU_018,2024-04-08,0,CD_CENTRO
SKU_018,2024-04-15,0,CD_CENTRO
SKU_018,2024-04-22,0,CD_CENTRO
SKU_018,2024-04-29,0,CD_CENTRO
SKU_018,2024-05-06,0,CD_CENTRO
SKU_018,2024-05-13,0,CD_CENTRO
SKU_018,2024-05-20,0,CD_CENTRO
SKU_018,2024-05-27,0,CD_CENTRO
SKU_018,2024-06-03,49,CD_CENTRO
SKU_018,2024-06-10,50,CD_CENTRO
SKU_018,2024-06-17,0,CD_CENTRO
SKU_018,2024-06-24,0,CD_CENTRO
SKU_018,2024-07-01,0,CD_CENTRO
SKU_018,2024-07-08,0,CD_CENTRO
SKU_018,2024-07-15,48,CD_CENTRO
SKU_018,2024-07-22,0,CD_CENTRO
SKU_018,2024-07-29,52,CD_CENTRO
SKU_018,2024-08-05,51,CD_CENTRO
SKU_018,2024-08-12,0,CD_CENTRO
SKU_018,2024-08-19,50,CD_CENTRO
SKU_018,2024-08-26,0,CD_CENTRO
SKU_018,2024-09-02,0,CD_CENTRO
SKU_018,2024-09-09,0,CD_CENTRO
SKU_018,2024-09-16,39,CD_CENTRO
SKU_018,2024-09-23,0,CD_CENTRO
SKU_018,2024-09-30,45,CD_CENTRO
SKU_018,2024-10-07,0,CD_CENTRO
SKU_018,2024-10-14,0,CD_CENTRO
SKU_018,2024-10-21,0,CD_CENTRO
SKU_018,2024-10-28,55,CD_CENTRO
SKU_018,2024-11-04,0,CD_CENTRO
SKU_018,2024-11-11,0,CD_CENTRO
SKU_018,2024-11-18,56,CD_CENTRO
SKU_018,2024-11-25,0,CD_CENTRO
SKU_018,2024-12-02,0,CD_CENTRO
SKU_018,2024-12-09,42,CD_CENTRO
SKU_018,2024-12-16,48,CD_CENTRO
SKU_018,2024-12-23,0,CD_CENTRO
SKU_018,2024-12-30,58,CD_CENTRO
SKU_018,2025-01-06,48,CD_CENTRO
SKU_018,2025-01-13,0,CD_CENTRO
SKU_018,2025-01-20,0,CD_CENTRO
SKU_018,2025-01-27,0,CD_CENTRO
SKU_018,2025-02-03,0,CD_CENTRO
SKU_018,2025-02-10,0,CD_CENTRO
SKU_018,2025-02-17,51,CD_CENTRO
SKU_018,2025-02-24,0,CD_CENTRO
SKU_018,2025-03-03,0,CD_CENTRO
SKU_018,2025-03-10,59,CD_CENTRO
SKU_018,2025-03-17,0,CD_CENTRO
SKU_018,2025-03-24,0,CD_CENTRO
SKU_018,2025-03-31,50,CD_CENTRO
SKU_018,2025-04-07,49,CD_CENTRO
SKU_018,2025-04-14,0,CD_CENTRO
SKU_018,2025-04-21,0,CD_CENTRO
SKU_018,2025-04-28,0,CD_CENTRO
SKU_018,2025-05-05,0,CD_CENTRO
SKU_018,2025-05-12,51,CD_CENTRO
SKU_018,2025-05-19,62,CD_CENTRO
SKU_018,2025-05-26,54,CD_CENTRO
SKU_018,2025-06-02,52,CD_CENTRO
SKU_018,2025-06-09,49,CD_CENTRO
SKU_018,2025-06-16,0,CD_CENTRO
SKU_018,2025-06-23,0,CD_CENTRO
SKU_018,2025-06-30,0,CD_CENTRO
SKU_018,2025-07-07,55,CD_CENTRO
SKU_018,2025-07-14,0,CD_CENTRO
SKU_018,2025-07-21,0,CD_CENTRO
SKU_018,2025-07-28,55,CD_CENTRO
SKU_018,2025-08-04,0,CD_CENTRO
SKU_018,2025-08-11,0,CD_CENTRO
SKU_018,2025-08-18,46,CD_CENTRO
SKU_018,2025-08-25,0,CD_CENTRO
SKU_018,2025-09-01,56,CD_CENTRO
SKU_018,2025-09-08,0,CD_CENTRO
SKU_018,2025-09-15,0,CD_CENTRO
SKU_018,2025-09-22,0,CD_CENTRO
SKU_018,2025-09-29,51,CD_CENTRO
SKU_018,2025-10-06,0,CD_CENTRO
SKU_018,2025-10-13,0,CD_CENTRO
SKU_018,2025-10-20,0,CD_CENTRO
SKU_018,2025-10-27,0,CD_CENTRO
SKU_018,2025-11-03,0,CD_CENTRO
SKU_018,2025-11-10,0,CD_CENTRO
SKU_018,2025-11-17,0,CD_CENTRO
SKU_018,2025-11-24,0,CD_CENTRO
SKU_018,2025-12-01,0,CD_CENTRO
SKU_018,2025-12-08,0,CD_CENTRO
SKU_018,2025-12-15,0,CD_CENTRO
SKU_018,2025-12-22,0,CD_CENTRO
SKU_018,2025-12-29,0,CD_CENTRO
SKU_018,2024-01-08,0,CD_SUR
SKU_018,2024-01-15,0,CD_SUR
SKU_018,2024-01-22,0,CD_SUR
SKU_018,2024-01-29,0,CD_SUR
SKU_018,2024-02-05,82,CD_SUR
SKU_018,2024-02-12,0,CD_SUR
SKU_018,2024-02-19,0,CD_SUR
SKU_018,2024-02-26,0,CD_SUR
SKU_018,2024-03-04,0,CD_SUR
SKU_018,2024-03-11,0,CD_SUR
SKU_018,2024-03-18,0,CD_SUR
SKU_018,2024-03-25,0,CD_SUR
SKU_018,2024-04-01,0,CD_SUR
SKU_018,2024-04-08,0,CD_SUR
SKU_018,2024-04-15,0,CD_SUR
SKU_018,2024-04-22,0,CD_SUR
SKU_018,2024-04-29,0,CD_SUR
SKU_018,2024-05-06,0,CD_SUR
SKU_018,2024-05-13,0,CD_SUR
SKU_018,2024-05-20,0,CD_SUR
SKU_018,2024-05-27,0,CD_SUR
SKU_018,2024-06-03,0,CD_SUR
SKU_018,2024-06-10,114,CD_SUR
SKU_018,2024-06-17,0,CD_SUR
SKU_018,2024-06-24,0,CD_SUR
SKU_018,2024-07-01,0,CD_SUR
SKU_018,2024-07-08,0,CD_SUR
SKU_018,2024-07-15,0,CD_SUR
SKU_018,2024-07-22,0,CD_SUR
SKU_018,2024-07-29,0,CD_SUR
SKU_018,2024-08-05,0,CD_SUR
SKU_018,2024-08-12,0,CD_SUR
SKU_018,2024-08-19,94,CD_SUR
SKU_018,2024-08-26,0,CD_SUR
SKU_018,2024-09-02,0,CD_SUR
SKU_018,2024-09-09,0,CD_SUR
SKU_018,2024-09-16,113,CD_SUR
SKU_018,2024-09-23,0,CD_SUR
SKU_018,2024-09-30,0,CD_SUR
SKU_018,2024-10-07,0,CD_SUR
SKU_018,2024-10-14,0,CD_SUR
SKU_018,2024-10-21,0,CD_SUR
SKU_018,2024-10-28,0,CD_SUR
SKU_018,2024-11-04,0,CD_SUR
SKU_018,2024-11-11,112,CD_SUR
SKU_018,2024-11-18,0,CD_SUR
SKU_018,2024-11-25,0,CD_SUR
SKU_018,2024-12-02,126,CD_SUR
SKU_018,2024-12-09,109,CD_SUR
SKU_018,2024-12-16,98,CD_SUR
SKU_018,2024-12-23,0,CD_SUR
SKU_018,2024-12-30,0,CD_SUR
SKU_018,2025-01-06,107,CD_SUR
SKU_018,2025-01-13,0,CD_SUR
SKU_018,2025-01-20,94,CD_SUR
SKU_018,2025-01-27,0,CD_SUR
SKU_018,2025-02-03,0,CD_SUR
SKU_018,2025-02-10,0,CD_SUR
SKU_018,2025-02-17,0,CD_SUR
SKU_018,2025-02-24,0,CD_SUR
SKU_018,2025-03-03,0,CD_SUR
SKU_018,2025-03-10,0,CD_SUR
SKU_018,2025-03-17,0,CD_SUR
SKU_018,2025-03-24,105,CD_SUR
SKU_018,2025-03-31,100,CD_SUR
SKU_018,2025-04-07,0,CD_SUR
SKU_018,2025-04-14,0,CD_SUR
SKU_018,2025-04-21,0,CD_SUR
SKU_018,2025-04-28,0,CD_SUR
SKU_018,2025-05-05,0,CD_SUR
SKU_018,2025-05-12,0,CD_SUR
SKU_018,2025-05-19,0,CD_SUR
SKU_018,2025-05-26,0,CD_SUR
SKU_018,2025-06-02,0,CD_SUR
SKU_018,2025-06-09,0,CD_SUR
SKU_018,2025-06-16,0,CD_SUR
SKU_018,2025-06-23,0,CD_SUR
SKU_018,2025-06-30,0,CD_SUR
SKU_018,2025-07-07,101,CD_SUR
SKU_018,2025-07-14,93,CD_SUR
SKU_018,2025-07-21,0,CD_SUR
SKU_018,2025-07-28,0,CD_SUR
SKU_018,2025-08-04,0,CD_SUR
SKU_018,2025-08-11,0,CD_SUR
SKU_018,2025-08-18,0,CD_SUR
SKU_018,2025-08-25,0,CD_SUR
SKU_018,2025-09-01,105,CD_SUR
SKU_018,2025-09-08,0,CD_SUR
SKU_018,2025-09-15,0,CD_SUR
SKU_018,2025-09-22,110,CD_SUR
SKU_018,2025-09-29,0,CD_SUR
SKU_018,2025-10-06,0,CD_SUR
SKU_018,2025-10-13,0,CD_SUR
SKU_018,2025-10-20,0,CD_SUR
SKU_018,2025-10-27,0,CD_SUR
SKU_018,2025-11-03,0,CD_SUR
SKU_018,2025-11-10,0,CD_SUR
SKU_018,2025-11-17,0,CD_SUR
SKU_018,2025-11-24,0,CD_SUR
SKU_018,2025-12-01,0,CD_SUR
SKU_018,2025-12-08,85,CD_SUR
SKU_018,2025-12-15,95,CD_SUR
SKU_018,2025-12-22,0,CD_SUR
SKU_018,2025-12-29,104,CD_SUR
SKU_019,2024-01-08,0,CD_NORTE
SKU_019,2024-01-15,0,CD_NORTE
SKU_019,2024-01-22,0,CD_NORTE
SKU_019,2024-01-29,60,CD_NORTE
SKU_019,2024-02-05,0,CD_NORTE
SKU_019,2024-02-12,0,CD_NORTE
SKU_019,2024-02-19,0,CD_NORTE
SKU_019,2024-02-26,0,CD_NORTE
SKU_019,2024-03-04,79,CD_NORTE
SKU_019,2024-03-11,0,CD_NORTE
SKU_019,2024-03-18,75,CD_NORTE
SKU_019,2024-03-25,0,CD_NORTE
SKU_019,2024-04-01,0,CD_NORTE
SKU_019,2024-04-08,0,CD_NORTE
SKU_019,2024-04-15,0,CD_NORTE
SKU_019,2024-04-22,0,CD_NORTE
SKU_019,2024-04-29,0,CD_NORTE
SKU_019,2024-05-06,76,CD_NORTE
SKU_019,2024-05-13,76,CD_NORTE
SKU_019,2024-05-20,0,CD_NORTE
SKU_019,2024-05-27,0,CD_NORTE
SKU_019,2024-06-03,0,CD_NORTE
SKU_019,2024-06-10,0,CD_NORTE
SKU_019,2024-06-17,0,CD_NORTE
SKU_019,2024-06-24,0,CD_NORTE
SKU_019,2024-07-01,0,CD_NORTE
SKU_019,2024-07-08,71,CD_NORTE
SKU_019,2024-07-15,64,CD_NORTE
SKU_019,2024-07-22,0,CD_NORTE
SKU_019,2024-07-29,74,CD_NORTE
SKU_019,2024-08-05,81,CD_NORTE
SKU_019,2024-08-12,68,CD_NORTE
SKU_019,2024-08-19,0,CD_NORTE
SKU_019,2024-08-26,0,CD_NORTE
SKU_019,2024-09-02,0,CD_NORTE
SKU_019,2024-09-09,0,CD_NORTE
SKU_019,2024-09-16,0,CD_NORTE
SKU_019,2024-09-23,0,CD_NORTE
SKU_019,2024-09-30,79,CD_NORTE
SKU_019,2024-10-07,94,CD_NORTE
SKU_019,2024-10-14,0,CD_NORTE
SKU_019,2024-10-21,0,CD_NORTE
SKU_019,2024-10-28,0,CD_NORTE
SKU_019,2024-11-04,0,CD_NORTE
SKU_019,2024-11-11,0,CD_NORTE
SKU_019,2024-11-18,87,CD_NORTE
SKU_019,2024-11-25,92,CD_NORTE
SKU_019,2024-12-02,82,CD_NORTE
SKU_019,2024-12-09,0,CD_NORTE
SKU_019,2024-12-16,0,CD_NORTE
SKU_019,2024-12-23,0,CD_NORTE
SKU_019,2024-12-30,88,CD_NORTE
SKU_019,2025-01-06,0,CD_NORTE
SKU_019,2025-01-13,0,CD_NORTE
SKU_019,2025-01-20,73,CD_NORTE
SKU_019,2025-01-27,74,CD_NORTE
SKU_019,2025-02-03,0,CD_NORTE
SKU_019,2025-02-10,0,CD_NORTE
SKU_019,2025-02-17,0,CD_NORTE
SKU_019,2025-02-24,0,CD_NORTE
SKU_019,2025-03-03,0,CD_NORTE
SKU_019,2025-03-10,0,CD_NORTE
SKU_019,2025-03-17,0,CD_NORTE
SKU_019,2025-03-24,0,CD_NORTE
SKU_019,2025-03-31,57,CD_NORTE
SKU_019,2025-04-07,0,CD_NORTE
SKU_019,2025-04-14,0,CD_NORTE
SKU_019,2025-04-21,88,CD_NORTE
SKU_019,2025-04-28,0,CD_NORTE
SKU_019,2025-05-05,0,CD_NORTE
SKU_019,2025-05-12,0,CD_NORTE
SKU_019,2025-05-19,0,CD_NORTE
SKU_019,2025-05-26,0,CD_NORTE
SKU_019,2025-06-02,0,CD_NORTE
SKU_019,2025-06-09,0,CD_NORTE
SKU_019,2025-06-16,0,CD_NORTE
SKU_019,2025-06-23,0,CD_NORTE
SKU_019,2025-06-30,0,CD_NORTE
SKU_019,2025-07-07,0,CD_NORTE
SKU_019,2025-07-14,0,CD_NORTE
SKU_019,2025-07-21,0,CD_NORTE
SKU_019,2025-07-28,91,CD_NORTE
SKU_019,2025-08-04,0,CD_NORTE
SKU_019,2025-08-11,0,CD_NORTE
SKU_019,2025-08-18,0,CD_NORTE
SKU_019,2025-08-25,75,CD_NORTE
SKU_019,2025-09-01,77,CD_NORTE
SKU_019,2025-09-08,0,CD_NORTE
SKU_019,2025-09-15,0,CD_NORTE
SKU_019,2025-09-22,0,CD_NORTE
SKU_019,2025-09-29,0,CD_NORTE
SKU_019,2025-10-06,0,CD_NORTE
SKU_019,2025-10-13,0,CD_NORTE
SKU_019,2025-10-20,73,CD_NORTE
SKU_019,2025-10-27,0,CD_NORTE
SKU_019,2025-11-03,82,CD_NORTE
SKU_019,2025-11-10,0,CD_NORTE
SKU_019,2025-11-17,0,CD_NORTE
SKU_019,2025-11-24,0,CD_NORTE
SKU_019,2025-12-01,0,CD_NORTE
SKU_019,2025-12-08,0,CD_NORTE
SKU_019,2025-12-15,0,CD_NORTE
SKU_019,2025-12-22,88,CD_NORTE
SKU_019,2025-12-29,0,CD_NORTE
SKU_019,2024-01-08,0,CD_CENTRO
SKU_019,2024-01-15,108,CD_CENTRO
SKU_019,2024-01-22,0,CD_CENTRO
SKU_019,2024-01-29,128,CD_CENTRO
SKU_019,2024-02-05,0,CD_CENTRO
SKU_019,2024-02-12,0,CD_CENTRO
SKU_019,2024-02-19,137,CD_CENTRO
SKU_019,2024-02-26,94,CD_CENTRO
SKU_019,2024-03-04,0,CD_CENTRO
SKU_019,2024-03-11,0,CD_CENTRO
SKU_019,2024-03-18,0,CD_CENTRO
SKU_019,2024-03-25,0,CD_CENTRO
SKU_019,2024-04-01,0,CD_CENTRO
SKU_019,2024-04-08,125,CD_CENTRO
SKU_019,2024-04-15,125,CD_CENTRO
SKU_019,2024-04-22,0,CD_CENTRO
SKU_019,2024-04-29,151,CD_CENTRO
SKU_019,2024-05-06,0,CD_CENTRO
SKU_019,2024-05-13,136,CD_CENTRO
SKU_019,2024-05-20,0,CD_CENTRO
SKU_019,2024-05-27,137,CD_CENTRO
SKU_019,2024-06-03,0,CD_CENTRO
SKU_019,2024-06-10,137,CD_CENTRO
SKU_019,2024-06-17,0,CD_CENTRO
SKU_019,2024-06-24,0,CD_CENTRO
SKU_019,2024-07-01,0,CD_CENTRO
SKU_019,2024-07-08,0,CD_CENTRO
SKU_019,2024-07-15,132,CD_CENTRO
SKU_019,2024-07-22,0,CD_CENTRO
SKU_019,2024-07-29,151,CD_CENTRO
SKU_019,2024-08-05,0,CD_CENTRO
SKU_019,2024-08-12,101,CD_CENTRO
SKU_019,2024-08-19,0,CD_CENTRO
SKU_019,2024-08-26,0,CD_CENTRO
SKU_019,2024-09-02,0,CD_CENTRO
SKU_019,2024-09-09,0,CD_CENTRO
SKU_019,2024-09-16,0,CD_CENTRO
SKU_019,2024-09-23,133,CD_CENTRO
SKU_019,2024-09-30,0,CD_CENTRO
SKU_019,2024-10-07,146,CD_CENTRO
SKU_019,2024-10-14,0,CD_CENTRO
SKU_019,2024-10-21,0,CD_CENTRO
SKU_019,2024-10-28,0,CD_CENTRO
SKU_019,2024-11-04,0,CD_CENTRO
SKU_019,2024-11-11,0,CD_CENTRO
SKU_019,2024-11-18,0,CD_CENTRO
SKU_019,2024-11-25,106,CD_CENTRO
SKU_019,2024-12-02,0,CD_CENTRO
SKU_019,2024-12-09,0,CD_CENTRO
SKU_019,2024-12-16,0,CD_CENTRO
SKU_019,2024-12-23,0,CD_CENTRO
SKU_019,2024-12-30,142,CD_CENTRO
SKU_019,2025-01-06,121,CD_CENTRO
SKU_019,2025-01-13,0,CD_CENTRO
SKU_019,2025-01-20,132,CD_CENTRO
SKU_019,2025-01-27,121,CD_CENTRO
SKU_019,2025-02-03,0,CD_CENTRO
SKU_019,2025-02-10,0,CD_CENTRO
SKU_019,2025-02-17,0,CD_CENTRO
SKU_019,2025-02-24,144,CD_CENTRO
SKU_019,2025-03-03,0,CD_CENTRO
SKU_019,2025-03-10,127,CD_CENTRO
SKU_019,2025-03-17,0,CD_CENTRO
SKU_019,2025-03-24,142,CD_CENTRO
SKU_019,2025-03-31,0,CD_CENTRO
SKU_019,2025-04-07,0,CD_CENTRO
SKU_019,2025-04-14,0,CD_CENTRO
SKU_019,2025-04-21,0,CD_CENTRO
SKU_019,2025-04-28,0,CD_CENTRO
SKU_019,2025-05-05,137,CD_CENTRO
SKU_019,2025-05-12,0,CD_CENTRO
SKU_019,2025-05-19,121,CD_CENTRO
SKU_019,2025-05-26,0,CD_CENTRO
SKU_019,2025-06-02,0,CD_CENTRO
SKU_019,2025-06-09,0,CD_CENTRO
SKU_019,2025-06-16,0,CD_CENTRO
SKU_019,2025-06-23,0,CD_CENTRO
SKU_019,2025-06-30,138,CD_CENTRO
SKU_019,2025-07-07,0,CD_CENTRO
SKU_019,2025-07-14,0,CD_CENTRO
SKU_019,2025-07-21,0,CD_CENTRO
SKU_019,2025-07-28,0,CD_CENTRO
SKU_019,2025-08-04,122,CD_CENTRO
SKU_019,2025-08-11,0,CD_CENTRO
SKU_019,2025-08-18,132,CD_CENTRO
SKU_019,2025-08-25,127,CD_CENTRO
SKU_019,2025-09-01,0,CD_CENTRO
SKU_019,2025-09-08,0,CD_CENTRO
SKU_019,2025-09-15,0,CD_CENTRO
SKU_019,2025-09-22,143,CD_CENTRO
SKU_019,2025-09-29,138,CD_CENTRO
SKU_019,2025-10-06,131,CD_CENTRO
SKU_019,2025-10-13,0,CD_CENTRO
SKU_019,2025-10-20,122,CD_CENTRO
SKU_019,2025-10-27,0,CD_CENTRO
SKU_019,2025-11-03,0,CD_CENTRO
SKU_019,2025-11-10,0,CD_CENTRO
SKU_019,2025-11-17,0,CD_CENTRO
SKU_019,2025-11-24,114,CD_CENTRO
SKU_019,2025-12-01,133,CD_CENTRO
SKU_019,2025-12-08,0,CD_CENTRO
SKU_019,2025-12-15,123,CD_CENTRO
SKU_019,2025-12-22,0,CD_CENTRO
SKU_019,2025-12-29,0,CD_CENTRO
SKU_019,2024-01-08,0,CD_SUR
SKU_019,2024-01-15,0,CD_SUR
SKU_019,2024-01-22,110,CD_SUR
SKU_019,2024-01-29,0,CD_SUR
SKU_019,2024-02-05,0,CD_SUR
SKU_019,2024-02-12,0,CD_SUR
SKU_019,2024-02-19,0,CD_SUR
SKU_019,2024-02-26,0,CD_SUR
SKU_019,2024-03-04,0,CD_SUR
SKU_019,2024-03-11,0,CD_SUR
SKU_019,2024-03-18,0,CD_SUR
SKU_019,2024-03-25,0,CD_SUR
SKU_019,2024-04-01,148,CD_SUR
SKU_019,2024-04-08,149,CD_SUR
SKU_019,2024-04-15,0,CD_SUR
SKU_019,2024-04-22,0,CD_SUR
SKU_019,2024-04-29,0,CD_SUR
SKU_019,2024-05-06,125,CD_SUR
SKU_019,2024-05-13,123,CD_SUR
SKU_019,2024-05-20,120,CD_SUR
SKU_019,2024-05-27,157,CD_SUR
SKU_019,2024-06-03,143,CD_SUR
SKU_019,2024-06-10,0,CD_SUR
SKU_019,2024-06-17,0,CD_SUR
SKU_019,2024-06-24,0,CD_SUR
SKU_019,2024-07-01,0,CD_SUR
SKU_019,2024-07-08,0,CD_SUR
SKU_019,2024-07-15,124,CD_SUR
SKU_019,2024-07-22,137,CD_SUR
SKU_019,2024-07-29,0,CD_SUR
SKU_019,2024-08-05,0,CD_SUR
SKU_019,2024-08-12,0,CD_SUR
SKU_019,2024-08-19,0,CD_SUR
SKU_019,2024-08-26,0,CD_SUR
SKU_019,2024-09-02,0,CD_SUR
SKU_019,2024-09-09,0,CD_SUR
SKU_019,2024-09-16,0,CD_SUR
SKU_019,2024-09-23,0,CD_SUR
SKU_019,2024-09-30,0,CD_SUR
SKU_019,2024-10-07,133,CD_SUR
SKU_019,2024-10-14,0,CD_SUR
SKU_019,2024-10-21,0,CD_SUR
SKU_019,2024-10-28,0,CD_SUR
SKU_019,2024-11-04,0,CD_SUR
SKU_019,2024-11-11,0,CD_SUR
SKU_019,2024-11-18,0,CD_SUR
SKU_019,2024-11-25,0,CD_SUR
SKU_019,2024-12-02,0,CD_SUR
SKU_019,2024-12-09,122,CD_SUR
SKU_019,2024-12-16,0,CD_SUR
SKU_019,2024-12-23,0,CD_SUR
SKU_019,2024-12-30,135,CD_SUR
SKU_019,2025-01-06,138,CD_SUR
SKU_019,2025-01-13,0,CD_SUR
SKU_019,2025-01-20,0,CD_SUR
SKU_019,2025-01-27,0,CD_SUR
SKU_019,2025-02-03,161,CD_SUR
SKU_019,2025-02-10,0,CD_SUR
SKU_019,2025-02-17,0,CD_SUR
SKU_019,2025-02-24,126,CD_SUR
SKU_019,2025-03-03,112,CD_SUR
SKU_019,2025-03-10,0,CD_SUR
SKU_019,2025-03-17,0,CD_SUR
SKU_019,2025-03-24,0,CD_SUR
SKU_019,2025-03-31,121,CD_SUR
SKU_019,2025-04-07,123,CD_SUR
SKU_019,2025-04-14,0,CD_SUR
SKU_019,2025-04-21,129,CD_SUR
SKU_019,2025-04-28,0,CD_SUR
SKU_019,2025-05-05,0,CD_SUR
SKU_019,2025-05-12,121,CD_SUR
SKU_019,2025-05-19,0,CD_SUR
SKU_019,2025-05-26,0,CD_SUR
SKU_019,2025-06-02,0,CD_SUR
SKU_019,2025-06-09,146,CD_SUR
SKU_019,2025-06-16,120,CD_SUR
SKU_019,2025-06-23,0,CD_SUR
SKU_019,2025-06-30,0,CD_SUR
SKU_019,2025-07-07,135,CD_SUR
SKU_019,2025-07-14,162,CD_SUR
SKU_019,2025-07-21,142,CD_SUR
SKU_019,2025-07-28,0,CD_SUR
SKU_019,2025-08-04,0,CD_SUR
SKU_019,2025-08-11,0,CD_SUR
SKU_019,2025-08-18,141,CD_SUR
SKU_019,2025-08-25,0,CD_SUR
SKU_019,2025-09-01,160,CD_SUR
SKU_019,2025-09-08,0,CD_SUR
SKU_019,2025-09-15,0,CD_SUR
SKU_019,2025-09-22,0,CD_SUR
SKU_019,2025-09-29,0,CD_SUR
SKU_019,2025-10-06,152,CD_SUR
SKU_019,2025-10-13,143,CD_SUR
SKU_019,2025-10-20,0,CD_SUR
SKU_019,2025-10-27,0,CD_SUR
SKU_019,2025-11-03,0,CD_SUR
SKU_019,2025-11-10,0,CD_SUR
SKU_019,2025-11-17,0,CD_SUR
SKU_019,2025-11-24,131,CD_SUR
SKU_019,2025-12-01,135,CD_SUR
SKU_019,2025-12-08,0,CD_SUR
SKU_019,2025-12-15,134,CD_SUR
SKU_019,2025-12-22,0,CD_SUR
SKU_019,2025-12-29,130,CD_SUR
SKU_020,2024-01-08,0,CD_NORTE
SKU_020,2024-01-15,0,CD_NORTE
SKU_020,2024-01-22,0,CD_NORTE
SKU_020,2024-01-29,98,CD_NORTE
SKU_020,2024-02-05,98,CD_NORTE
SKU_020,2024-02-12,0,CD_NORTE
SKU_020,2024-02-19,0,CD_NORTE
SKU_020,2024-02-26,0,CD_NORTE
SKU_020,2024-03-04,71,CD_NORTE
SKU_020,2024-03-11,0,CD_NORTE
SKU_020,2024-03-18,0,CD_NORTE
SKU_020,2024-03-25,0,CD_NORTE
SKU_020,2024-04-01,0,CD_NORTE
SKU_020,2024-04-08,0,CD_NORTE
SKU_020,2024-04-15,0,CD_NORTE
SKU_020,2024-04-22,90,CD_NORTE
SKU_020,2024-04-29,103,CD_NORTE
SKU_020,2024-05-06,0,CD_NORTE
SKU_020,2024-05-13,0,CD_NORTE
SKU_020,2024-05-20,0,CD_NORTE
SKU_020,2024-05-27,0,CD_NORTE
SKU_020,2024-06-03,0,CD_NORTE
SKU_020,2024-06-10,0,CD_NORTE
SKU_020,2024-06-17,0,CD_NORTE
SKU_020,2024-06-24,85,CD_NORTE
SKU_020,2024-07-01,104,CD_NORTE
SKU_020,2024-07-08,0,CD_NORTE
SKU_020,2024-07-15,0,CD_NORTE
SKU_020,2024-07-22,98,CD_NORTE
SKU_020,2024-07-29,0,CD_NORTE
SKU_020,2024-08-05,106,CD_NORTE
SKU_020,2024-08-12,0,CD_NORTE
SKU_020,2024-08-19,0,CD_NORTE
SKU_020,2024-08-26,0,CD_NORTE
SKU_020,2024-09-02,91,CD_NORTE
SKU_020,2024-09-09,0,CD_NORTE
SKU_020,2024-09-16,0,CD_NORTE
SKU_020,2024-09-23,90,CD_NORTE
SKU_020,2024-09-30,101,CD_NORTE
SKU_020,2024-10-07,0,CD_NORTE
SKU_020,2024-10-14,0,CD_NORTE
SKU_020,2024-10-21,0,CD_NORTE
SKU_020,2024-10-28,0,CD_NORTE
SKU_020,2024-11-04,0,CD_NORTE
SKU_020,2024-11-11,96,CD_NORTE
SKU_020,2024-11-18,95,CD_NORTE
SKU_020,2024-11-25,0,CD_NORTE
SKU_020,2024-12-02,0,CD_NORTE
SKU_020,2024-12-09,0,CD_NORTE
SKU_020,2024-12-16,0,CD_NORTE
SKU_020,2024-12-23,0,CD_NORTE
SKU_020,2024-12-30,0,CD_NORTE
SKU_020,2025-01-06,0,CD_NORTE
SKU_020,2025-01-13,0,CD_NORTE
SKU_020,2025-01-20,111,CD_NORTE
SKU_020,2025-01-27,0,CD_NORTE
SKU_020,2025-02-03,102,CD_NORTE
SKU_020,2025-02-10,0,CD_NORTE
SKU_020,2025-02-17,0,CD_NORTE
SKU_020,2025-02-24,0,CD_NORTE
SKU_020,2025-03-03,0,CD_NORTE
SKU_020,2025-03-10,77,CD_NORTE
SKU_020,2025-03-17,0,CD_NORTE
SKU_020,2025-03-24,0,CD_NORTE
SKU_020,2025-03-31,0,CD_NORTE
SKU_020,2025-04-07,0,CD_NORTE
SKU_020,2025-04-14,0,CD_NORTE
SKU_020,2025-04-21,0,CD_NORTE
SKU_020,2025-04-28,0,CD_NORTE
SKU_020,2025-05-05,104,CD_NORTE
SKU_020,2025-05-12,0,CD_NORTE
SKU_020,2025-05-19,0,CD_NORTE
SKU_020,2025-05-26,0,CD_NORTE
SKU_020,2025-06-02,0,CD_NORTE
SKU_020,2025-06-09,0,CD_NORTE
SKU_020,2025-06-16,0,CD_NORTE
SKU_020,2025-06-23,0,CD_NORTE
SKU_020,2025-06-30,0,CD_NORTE
SKU_020,2025-07-07,0,CD_NORTE
SKU_020,2025-07-14,103,CD_NORTE
SKU_020,2025-07-21,0,CD_NORTE
SKU_020,2025-07-28,0,CD_NORTE
SKU_020,2025-08-04,0,CD_NORTE
SKU_020,2025-08-11,107,CD_NORTE
SKU_020,2025-08-18,0,CD_NORTE
SKU_020,2025-08-25,87,CD_NORTE
SKU_020,2025-09-01,99,CD_NORTE
SKU_020,2025-09-08,97,CD_NORTE
SKU_020,2025-09-15,0,CD_NORTE
SKU_020,2025-09-22,87,CD_NORTE
SKU_020,2025-09-29,0,CD_NORTE
SKU_020,2025-10-06,0,CD_NORTE
SKU_020,2025-10-13,0,CD_NORTE
SKU_020,2025-10-20,0,CD_NORTE
SKU_020,2025-10-27,0,CD_NORTE
SKU_020,2025-11-03,0,CD_NORTE
SKU_020,2025-11-10,0,CD_NORTE
SKU_020,2025-11-17,0,CD_NORTE
SKU_020,2025-11-24,0,CD_NORTE
SKU_020,2025-12-01,105,CD_NORTE
SKU_020,2025-12-08,0,CD_NORTE
SKU_020,2025-12-15,94,CD_NORTE
SKU_020,2025-12-22,0,CD_NORTE
SKU_020,2025-12-29,0,CD_NORTE
SKU_020,2024-01-08,78,CD_CENTRO
SKU_020,2024-01-15,69,CD_CENTRO
SKU_020,2024-01-22,0,CD_CENTRO
SKU_020,2024-01-29,0,CD_CENTRO
SKU_020,2024-02-05,0,CD_CENTRO
SKU_020,2024-02-12,0,CD_CENTRO
SKU_020,2024-02-19,0,CD_CENTRO
SKU_020,2024-02-26,0,CD_CENTRO
SKU_020,2024-03-04,0,CD_CENTRO
SKU_020,2024-03-11,68,CD_CENTRO
SKU_020,2024-03-18,66,CD_CENTRO
SKU_020,2024-03-25,0,CD_CENTRO
SKU_020,2024-04-01,0,CD_CENTRO
SKU_020,2024-04-08,71,CD_CENTRO
SKU_020,2024-04-15,70,CD_CENTRO
SKU_020,2024-04-22,0,CD_CENTRO
SKU_020,2024-04-29,0,CD_CENTRO
SKU_020,2024-05-06,0,CD_CENTRO
SKU_020,2024-05-13,0,CD_CENTRO
SKU_020,2024-05-20,0,CD_CENTRO
SKU_020,2024-05-27,0,CD_CENTRO
SKU_020,2024-06-03,0,CD_CENTRO
SKU_020,2024-06-10,0,CD_CENTRO
SKU_020,2024-06-17,0,CD_CENTRO
SKU_020,2024-06-24,0,CD_CENTRO
SKU_020,2024-07-01,67,CD_CENTRO
SKU_020,2024-07-08,0,CD_CENTRO
SKU_020,2024-07-15,0,CD_CENTRO
SKU_020,2024-07-22,0,CD_CENTRO
SKU_020,2024-07-29,0,CD_CENTRO
SKU_020,2024-08-05,0,CD_CENTRO
SKU_020,2024-08-12,65,CD_CENTRO
SKU_020,2024-08-19,0,CD_CENTRO
SKU_020,2024-08-26,0,CD_CENTRO
SKU_020,2024-09-02,0,CD_CENTRO
SKU_020,2024-09-09,0,CD_CENTRO
SKU_020,2024-09-16,57,CD_CENTRO
SKU_020,2024-09-23,0,CD_CENTRO
SKU_020,2024-09-30,65,CD_CENTRO
SKU_020,2024-10-07,0,CD_CENTRO
SKU_020,2024-10-14,0,CD_CENTRO
SKU_020,2024-10-21,66,CD_CENTRO
SKU_020,2024-10-28,0,CD_CENTRO
SKU_020,2024-11-04,71,CD_CENTRO
SKU_020,2024-11-11,84,CD_CENTRO
SKU_020,2024-11-18,0,CD_CENTRO
SKU_020,2024-11-25,0,CD_CENTRO
SKU_020,2024-12-02,0,CD_CENTRO
SKU_020,2024-12-09,0,CD_CENTRO
SKU_020,2024-12-16,0,CD_CENTRO
SKU_020,2024-12-23,0,CD_CENTRO
SKU_020,2024-12-30,66,CD_CENTRO
SKU_020,2025-01-06,63,CD_CENTRO
SKU_020,2025-01-13,0,CD_CENTRO
SKU_020,2025-01-20,0,CD_CENTRO
SKU_020,2025-01-27,0,CD_CENTRO
SKU_020,2025-02-03,0,CD_CENTRO
SKU_020,2025-02-10,0,CD_CENTRO
SKU_020,2025-02-17,65,CD_CENTRO
SKU_020,2025-02-24,71,CD_CENTRO
SKU_020,2025-03-03,0,CD_CENTRO
SKU_020,2025-03-10,0,CD_CENTRO
SKU_020,2025-03-17,0,CD_CENTRO
SKU_020,2025-03-24,74,CD_CENTRO
SKU_020,2025-03-31,0,CD_CENTRO
SKU_020,2025-04-07,75,CD_CENTRO
SKU_020,2025-04-14,76,CD_CENTRO
SKU_020,2025-04-21,0,CD_CENTRO
SKU_020,2025-04-28,0,CD_CENTRO
SKU_020,2025-05-05,0,CD_CENTRO
SKU_020,2025-05-12,77,CD_CENTRO
SKU_020,2025-05-19,0,CD_CENTRO
SKU_020,2025-05-26,0,CD_CENTRO
SKU_020,2025-06-02,0,CD_CENTRO
SKU_020,2025-06-09,0,CD_CENTRO
SKU_020,2025-06-16,68,CD_CENTRO
SKU_020,2025-06-23,0,CD_CENTRO
SKU_020,2025-06-30,0,CD_CENTRO
SKU_020,2025-07-07,84,CD_CENTRO
SKU_020,2025-07-14,0,CD_CENTRO
SKU_020,2025-07-21,68,CD_CENTRO
SKU_020,2025-07-28,0,CD_CENTRO
SKU_020,2025-08-04,0,CD_CENTRO
SKU_020,2025-08-11,0,CD_CENTRO
SKU_020,2025-08-18,0,CD_CENTRO
SKU_020,2025-08-25,0,CD_CENTRO
SKU_020,2025-09-01,0,CD_CENTRO
SKU_020,2025-09-08,0,CD_CENTRO
SKU_020,2025-09-15,0,CD_CENTRO
SKU_020,2025-09-22,0,CD_CENTRO
SKU_020,2025-09-29,0,CD_CENTRO
SKU_020,2025-10-06,71,CD_CENTRO
SKU_020,2025-10-13,0,CD_CENTRO
SKU_020,2025-10-20,0,CD_CENTRO
SKU_020,2025-10-27,0,CD_CENTRO
SKU_020,2025-11-03,0,CD_CENTRO
SKU_020,2025-11-10,0,CD_CENTRO
SKU_020,2025-11-17,0,CD_CENTRO
SKU_020,2025-11-24,0,CD_CENTRO
SKU_020,2025-12-01,0,CD_CENTRO
SKU_020,2025-12-08,0,CD_CENTRO
SKU_020,2025-12-15,0,CD_CENTRO
SKU_020,2025-12-22,0,CD_CENTRO
SKU_020,2025-12-29,0,CD_CENTRO
SKU_020,2024-01-08,0,CD_SUR
SKU_020,2024-01-15,0,CD_SUR
SKU_020,2024-01-22,0,CD_SUR
SKU_020,2024-01-29,124,CD_SUR
SKU_020,2024-02-05,0,CD_SUR
SKU_020,2024-02-12,0,CD_SUR
SKU_020,2024-02-19,0,CD_SUR
SKU_020,2024-02-26,0,CD_SUR
SKU_020,2024-03-04,123,CD_SUR
SKU_020,2024-03-11,0,CD_SUR
SKU_020,2024-03-18,0,CD_SUR
SKU_020,2024-03-25,0,CD_SUR
SKU_020,2024-04-01,0,CD_SUR
SKU_020,2024-04-08,0,CD_SUR
SKU_020,2024-04-15,0,CD_SUR
SKU_020,2024-04-22,102,CD_SUR
SKU_020,2024-04-29,133,CD_SUR
SKU_020,2024-05-06,0,CD_SUR
SKU_020,2024-05-13,132,CD_SUR
SKU_020,2024-05-20,0,CD_SUR
SKU_020,2024-05-27,0,CD_SUR
SKU_020,2024-06-03,0,CD_SUR
SKU_020,2024-06-10,0,CD_SUR
SKU_020,2024-06-17,117,CD_SUR
SKU_020,2024-06-24,123,CD_SUR
SKU_020,2024-07-01,0,CD_SUR
SKU_020,2024-07-08,0,CD_SUR
SKU_020,2024-07-15,0,CD_SUR
SKU_020,2024-07-22,0,CD_SUR
SKU_020,2024-07-29,115,CD_SUR
SKU_020,2024-08-05,0,CD_SUR
SKU_020,2024-08-12,0,CD_SUR
SKU_020,2024-08-19,127,CD_SUR
SKU_020,2024-08-26,0,CD_SUR
SKU_020,2024-09-02,0,CD_SUR
SKU_020,2024-09-09,0,CD_SUR
SKU_020,2024-09-16,108,CD_SUR
SKU_020,2024-09-23,0,CD_SUR
SKU_020,2024-09-30,134,CD_SUR
SKU_020,2024-10-07,126,CD_SUR
SKU_020,2024-10-14,0,CD_SUR
SKU_020,2024-10-21,0,CD_SUR
SKU_020,2024-10-28,0,CD_SUR
SKU_020,2024-11-04,0,CD_SUR
SKU_020,2024-11-11,127,CD_SUR
SKU_020,2024-11-18,0,CD_SUR
SKU_020,2024-11-25,117,CD_SUR
SKU_020,2024-12-02,101,CD_SUR
SKU_020,2024-12-09,0,CD_SUR
SKU_020,2024-12-16,0,CD_SUR
SKU_020,2024-12-23,128,CD_SUR
SKU_020,2024-12-30,0,CD_SUR
SKU_020,2025-01-06,102,CD_SUR
SKU_020,2025-01-13,129,CD_SUR
SKU_020,2025-01-20,0,CD_SUR
SKU_020,2025-01-27,109,CD_SUR
SKU_020,2025-02-03,0,CD_SUR
SKU_020,2025-02-10,99,CD_SUR
SKU_020,2025-02-17,0,CD_SUR
SKU_020,2025-02-24,118,CD_SUR
SKU_020,2025-03-03,132,CD_SUR
SKU_020,2025-03-10,0,CD_SUR
SKU_020,2025-03-17,0,CD_SUR
SKU_020,2025-03-24,107,CD_SUR
SKU_020,2025-03-31,0,CD_SUR
SKU_020,2025-04-07,0,CD_SUR
SKU_020,2025-04-14,0,CD_SUR
SKU_020,2025-04-21,0,CD_SUR
SKU_020,2025-04-28,137,CD_SUR
SKU_020,2025-05-05,0,CD_SUR
SKU_020,2025-05-12,0,CD_SUR
SKU_020,2025-05-19,0,CD_SUR
SKU_020,2025-05-26,0,CD_SUR
SKU_020,2025-06-02,0,CD_SUR
SKU_020,2025-06-09,0,CD_SUR
SKU_020,2025-06-16,0,CD_SUR
SKU_020,2025-06-23,0,CD_SUR
SKU_020,2025-06-30,126,CD_SUR
SKU_020,2025-07-07,0,CD_SUR
SKU_020,2025-07-14,120,CD_SUR
SKU_020,2025-07-21,0,CD_SUR
SKU_020,2025-07-28,0,CD_SUR
SKU_020,2025-08-04,0,CD_SUR
SKU_020,2025-08-11,0,CD_SUR
SKU_020,2025-08-18,113,CD_SUR
SKU_020,2025-08-25,114,CD_SUR
SKU_020,2025-09-01,0,CD_SUR
SKU_020,2025-09-08,123,CD_SUR
SKU_020,2025-09-15,0,CD_SUR
SKU_020,2025-09-22,0,CD_SUR
SKU_020,2025-09-29,0,CD_SUR
SKU_020,2025-10-06,0,CD_SUR
SKU_020,2025-10-13,0,CD_SUR
SKU_020,2025-10-20,0,CD_SUR
SKU_020,2025-10-27,0,CD_SUR
SKU_020,2025-11-03,0,CD_SUR
SKU_020,2025-11-10,0,CD_SUR
SKU_020,2025-11-17,128,CD_SUR
SKU_020,2025-11-24,111,CD_SUR
SKU_020,2025-12-01,0,CD_SUR
SKU_020,2025-12-08,0,CD_SUR
SKU_020,2025-12-15,0,CD_SUR
SKU_020,2025-12-22,0,CD_SUR
SKU_020,2025-12-29,0,CD_SUR
SKU_021,2024-01-08,0,CD_NORTE
SKU_021,2024-01-15,108,CD_NORTE
SKU_021,2024-01-22,121,CD_NORTE
SKU_021,2024-01-29,114,CD_NORTE
SKU_021,2024-02-05,0,CD_NORTE
SKU_021,2024-02-12,0,CD_NORTE
SKU_021,2024-02-19,116,CD_NORTE
SKU_021,2024-02-26,89,CD_NORTE
SKU_021,2024-03-04,115,CD_NORTE
SKU_021,2024-03-11,129,CD_NORTE
SKU_021,2024-03-18,111,CD_NORTE
SKU_021,2024-03-25,0,CD_NORTE
SKU_021,2024-04-01,119,CD_NORTE
SKU_021,2024-04-08,0,CD_NORTE
SKU_021,2024-04-15,109,CD_NORTE
SKU_021,2024-04-22,0,CD_NORTE
SKU_021,2024-04-29,0,CD_NORTE
SKU_021,2024-05-06,0,CD_NORTE
SKU_021,2024-05-13,0,CD_NORTE
SKU_021,2024-05-20,0,CD_NORTE
SKU_021,2024-05-27,0,CD_NORTE
SKU_021,2024-06-03,0,CD_NORTE
SKU_021,2024-06-10,0,CD_NORTE
SKU_021,2024-06-17,0,CD_NORTE
SKU_021,2024-06-24,0,CD_NORTE
SKU_021,2024-07-01,0,CD_NORTE
SKU_021,2024-07-08,0,CD_NORTE
SKU_021,2024-07-15,122,CD_NORTE
SKU_021,2024-07-22,115,CD_NORTE
SKU_021,2024-07-29,0,CD_NORTE
SKU_021,2024-08-05,107,CD_NORTE
SKU_021,2024-08-12,0,CD_NORTE
SKU_021,2024-08-19,134,CD_NORTE
SKU_021,2024-08-26,0,CD_NORTE
SKU_021,2024-09-02,0,CD_NORTE
SKU_021,2024-09-09,0,CD_NORTE
SKU_021,2024-09-16,0,CD_NORTE
SKU_021,2024-09-23,0,CD_NORTE
SKU_021,2024-09-30,0,CD_NORTE
SKU_021,2024-10-07,0,CD_NORTE
SKU_021,2024-10-14,129,CD_NORTE
SKU_021,2024-10-21,0,CD_NORTE
SKU_021,2024-10-28,0,CD_NORTE
SKU_021,2024-11-04,0,CD_NORTE
SKU_021,2024-11-11,0,CD_NORTE
SKU_021,2024-11-18,0,CD_NORTE
SKU_021,2024-11-25,111,CD_NORTE
SKU_021,2024-12-02,124,CD_NORTE
SKU_021,2024-12-09,124,CD_NORTE
SKU_021,2024-12-16,0,CD_NORTE
SKU_021,2024-12-23,0,CD_NORTE
SKU_021,2024-12-30,126,CD_NORTE
SKU_021,2025-01-06,0,CD_NORTE
SKU_021,2025-01-13,0,CD_NORTE
SKU_021,2025-01-20,0,CD_NORTE
SKU_021,2025-01-27,98,CD_NORTE
SKU_021,2025-02-03,130,CD_NORTE
SKU_021,2025-02-10,111,CD_NORTE
SKU_021,2025-02-17,114,CD_NORTE
SKU_021,2025-02-24,149,CD_NORTE
SKU_021,2025-03-03,122,CD_NORTE
SKU_021,2025-03-10,0,CD_NORTE
SKU_021,2025-03-17,113,CD_NORTE
SKU_021,2025-03-24,0,CD_NORTE
SKU_021,2025-03-31,92,CD_NORTE
SKU_021,2025-04-07,0,CD_NORTE
SKU_021,2025-04-14,0,CD_NORTE
SKU_021,2025-04-21,134,CD_NORTE
SKU_021,2025-04-28,0,CD_NORTE
SKU_021,2025-05-05,102,CD_NORTE
SKU_021,2025-05-12,0,CD_NORTE
SKU_021,2025-05-19,0,CD_NORTE
SKU_021,2025-05-26,0,CD_NORTE
SKU_021,2025-06-02,0,CD_NORTE
SKU_021,2025-06-09,0,CD_NORTE
SKU_021,2025-06-16,0,CD_NORTE
SKU_021,2025-06-23,0,CD_NORTE
SKU_021,2025-06-30,106,CD_NORTE
SKU_021,2025-07-07,114,CD_NORTE
SKU_021,2025-07-14,0,CD_NORTE
SKU_021,2025-07-21,0,CD_NORTE
SKU_021,2025-07-28,0,CD_NORTE
SKU_021,2025-08-04,135,CD_NORTE
SKU_021,2025-08-11,0,CD_NORTE
SKU_021,2025-08-18,127,CD_NORTE
SKU_021,2025-08-25,0,CD_NORTE
SKU_021,2025-09-01,116,CD_NORTE
SKU_021,2025-09-08,0,CD_NORTE
SKU_021,2025-09-15,122,CD_NORTE
SKU_021,2025-09-22,0,CD_NORTE
SKU_021,2025-09-29,0,CD_NORTE
SKU_021,2025-10-06,0,CD_NORTE
SKU_021,2025-10-13,0,CD_NORTE
SKU_021,2025-10-20,0,CD_NORTE
SKU_021,2025-10-27,0,CD_NORTE
SKU_021,2025-11-03,0,CD_NORTE
SKU_021,2025-11-10,111,CD_NORTE
SKU_021,2025-11-17,0,CD_NORTE
SKU_021,2025-11-24,0,CD_NORTE
SKU_021,2025-12-01,120,CD_NORTE
SKU_021,2025-12-08,119,CD_NORTE
SKU_021,2025-12-15,0,CD_NORTE
SKU_021,2025-12-22,129,CD_NORTE
SKU_021,2025-12-29,0,CD_NORTE
SKU_021,2024-01-08,0,CD_CENTRO
SKU_021,2024-01-15,113,CD_CENTRO
SKU_021,2024-01-22,0,CD_CENTRO
SKU_021,2024-01-29,0,CD_CENTRO
SKU_021,2024-02-05,123,CD_CENTRO
SKU_021,2024-02-12,0,CD_CENTRO
SKU_021,2024-02-19,0,CD_CENTRO
SKU_021,2024-02-26,134,CD_CENTRO
SKU_021,2024-03-04,149,CD_CENTRO
SKU_021,2024-03-11,0,CD_CENTRO
SKU_021,2024-03-18,0,CD_CENTRO
SKU_021,2024-03-25,0,CD_CENTRO
SKU_021,2024-04-01,134,CD_CENTRO
SKU_021,2024-04-08,136,CD_CENTRO
SKU_021,2024-04-15,136,CD_CENTRO
SKU_021,2024-04-22,143,CD_CENTRO
SKU_021,2024-04-29,124,CD_CENTRO
SKU_021,2024-05-06,0,CD_CENTRO
SKU_021,2024-05-13,0,CD_CENTRO
SKU_021,2024-05-20,0,CD_CENTRO
SKU_021,2024-05-27,128,CD_CENTRO
SKU_021,2024-06-03,165,CD_CENTRO
SKU_021,2024-06-10,0,CD_CENTRO
SKU_021,2024-06-17,0,CD_CENTRO
SKU_021,2024-06-24,0,CD_CENTRO
SKU_021,2024-07-01,0,CD_CENTRO
SKU_021,2024-07-08,0,CD_CENTRO
SKU_021,2024-07-15,0,CD_CENTRO
SKU_021,2024-07-22,0,CD_CENTRO
SKU_021,2024-07-29,0,CD_CENTRO
SKU_021,2024-08-05,147,CD_CENTRO
SKU_021,2024-08-12,0,CD_CENTRO
SKU_021,2024-08-19,152,CD_CENTRO
SKU_021,2024-08-26,0,CD_CENTRO
SKU_021,2024-09-02,0,CD_CENTRO
SKU_021,2024-09-09,0,CD_CENTRO
SKU_021,2024-09-16,0,CD_CENTRO
SKU_021,2024-09-23,0,CD_CENTRO
SKU_021,2024-09-30,0,CD_CENTRO
SKU_021,2024-10-07,142,CD_CENTRO
SKU_021,2024-10-14,139,CD_CENTRO
SKU_021,2024-10-21,0,CD_CENTRO
SKU_021,2024-10-28,0,CD_CENTRO
SKU_021,2024-11-04,0,CD_CENTRO
SKU_021,2024-11-11,0,CD_CENTRO
SKU_021,2024-11-18,0,CD_CENTRO
SKU_021,2024-11-25,147,CD_CENTRO
SKU_021,2024-12-02,0,CD_CENTRO
SKU_021,2024-12-09,151,CD_CENTRO
SKU_021,2024-12-16,0,CD_CENTRO
SKU_021,2024-12-23,153,CD_CENTRO
SKU_021,2024-12-30,0,CD_CENTRO
SKU_021,2025-01-06,139,CD_CENTRO
SKU_021,2025-01-13,0,CD_CENTRO
SKU_021,2025-01-20,0,CD_CENTRO
SKU_021,2025-01-27,0,CD_CENTRO
SKU_021,2025-02-03,0,CD_CENTRO
SKU_021,2025-02-10,0,CD_CENTRO
SKU_021,2025-02-17,0,CD_CENTRO
SKU_021,2025-02-24,0,CD_CENTRO
SKU_021,2025-03-03,154,CD_CENTRO
SKU_021,2025-03-10,0,CD_CENTRO
SKU_021,2025-03-17,106,CD_CENTRO
SKU_021,2025-03-24,154,CD_CENTRO
SKU_021,2025-03-31,0,CD_CENTRO
SKU_021,2025-04-07,0,CD_CENTRO
SKU_021,2025-04-14,0,CD_CENTRO
SKU_021,2025-04-21,0,CD_CENTRO
SKU_021,2025-04-28,135,CD_CENTRO
SKU_021,2025-05-05,149,CD_CENTRO
SKU_021,2025-05-12,0,CD_CENTRO
SKU_021,2025-05-19,0,CD_CENTRO
SKU_021,2025-05-26,132,CD_CENTRO
SKU_021,2025-06-02,0,CD_CENTRO
SKU_021,2025-06-09,0,CD_CENTRO
SKU_021,2025-06-16,0,CD_CENTRO
SKU_021,2025-06-23,0,CD_CENTRO
SKU_021,2025-06-30,0,CD_CENTRO
SKU_021,2025-07-07,0,CD_CENTRO
SKU_021,2025-07-14,122,CD_CENTRO
SKU_021,2025-07-21,0,CD_CENTRO
SKU_021,2025-07-28,0,CD_CENTRO
SKU_021,2025-08-04,146,CD_CENTRO
SKU_021,2025-08-11,0,CD_CENTRO
SKU_021,2025-08-18,0,CD_CENTRO
SKU_021,2025-08-25,0,CD_CENTRO
SKU_021,2025-09-01,120,CD_CENTRO
SKU_021,2025-09-08,0,CD_CENTRO
SKU_021,2025-09-15,0,CD_CENTRO
SKU_021,2025-09-22,135,CD_CENTRO
SKU_021,2025-09-29,0,CD_CENTRO
SKU_021,2025-10-06,0,CD_CENTRO
SKU_021,2025-10-13,0,CD_CENTRO
SKU_021,2025-10-20,130,CD_CENTRO
SKU_021,2025-10-27,0,CD_CENTRO
SKU_021,2025-11-03,0,CD_CENTRO
SKU_021,2025-11-10,0,CD_CENTRO
SKU_021,2025-11-17,0,CD_CENTRO
SKU_021,2025-11-24,0,CD_CENTRO
SKU_021,2025-12-01,139,CD_CENTRO
SKU_021,2025-12-08,0,CD_CENTRO
SKU_021,2025-12-15,0,CD_CENTRO
SKU_021,2025-12-22,0,CD_CENTRO
SKU_021,2025-12-29,152,CD_CENTRO
SKU_022,2024-01-08,0,CD_NORTE
SKU_022,2024-01-15,0,CD_NORTE
SKU_022,2024-01-22,0,CD_NORTE
SKU_022,2024-01-29,0,CD_NORTE
SKU_022,2024-02-05,129,CD_NORTE
SKU_022,2024-02-12,0,CD_NORTE
SKU_022,2024-02-19,0,CD_NORTE
SKU_022,2024-02-26,99,CD_NORTE
SKU_022,2024-03-04,0,CD_NORTE
SKU_022,2024-03-11,0,CD_NORTE
SKU_022,2024-03-18,0,CD_NORTE
SKU_022,2024-03-25,0,CD_NORTE
SKU_022,2024-04-01,106,CD_NORTE
SKU_022,2024-04-08,0,CD_NORTE
SKU_022,2024-04-15,0,CD_NORTE
SKU_022,2024-04-22,0,CD_NORTE
SKU_022,2024-04-29,108,CD_NORTE
SKU_022,2024-05-06,0,CD_NORTE
SKU_022,2024-05-13,110,CD_NORTE
SKU_022,2024-05-20,108,CD_NORTE
SKU_022,2024-05-27,0,CD_NORTE
SKU_022,2024-06-03,108,CD_NORTE
SKU_022,2024-06-10,0,CD_NORTE
SKU_022,2024-06-17,108,CD_NORTE
SKU_022,2024-06-24,0,CD_NORTE
SKU_022,2024-07-01,89,CD_NORTE
SKU_022,2024-07-08,123,CD_NORTE
SKU_022,2024-07-15,144,CD_NORTE
SKU_022,2024-07-22,0,CD_NORTE
SKU_022,2024-07-29,0,CD_NORTE
SKU_022,2024-08-05,115,CD_NORTE
SKU_022,2024-08-12,0,CD_NORTE
SKU_022,2024-08-19,0,CD_NORTE
SKU_022,2024-08-26,0,CD_NORTE
SKU_022,2024-09-02,0,CD_NORTE
SKU_022,2024-09-09,0,CD_NORTE
SKU_022,2024-09-16,99,CD_NORTE
SKU_022,2024-09-23,0,CD_NORTE
SKU_022,2024-09-30,0,CD_NORTE
SKU_022,2024-10-07,0,CD_NORTE
SKU_022,2024-10-14,100,CD_NORTE
SKU_022,2024-10-21,119,CD_NORTE
SKU_022,2024-10-28,0,CD_NORTE
SKU_022,2024-11-04,0,CD_NORTE
SKU_022,2024-11-11,0,CD_NORTE
SKU_022,2024-11-18,0,CD_NORTE
SKU_022,2024-11-25,116,CD_NORTE
SKU_022,2024-12-02,109,CD_NORTE
SKU_022,2024-12-09,0,CD_NORTE
SKU_022,2024-12-16,0,CD_NORTE
SKU_022,2024-12-23,120,CD_NORTE
SKU_022,2024-12-30,0,CD_NORTE
SKU_022,2025-01-06,0,CD_NORTE
SKU_022,2025-01-13,89,CD_NORTE
SKU_022,2025-01-20,0,CD_NORTE
SKU_022,2025-01-27,0,CD_NORTE
SKU_022,2025-02-03,120,CD_NORTE
SKU_022,2025-02-10,0,CD_NORTE
SKU_022,2025-02-17,0,CD_NORTE
SKU_022,2025-02-24,0,CD_NORTE
SKU_022,2025-03-03,0,CD_NORTE
SKU_022,2025-03-10,0,CD_NORTE
SKU_022,2025-03-17,115,CD_NORTE
SKU_022,2025-03-24,0,CD_NORTE
SKU_022,2025-03-31,0,CD_NORTE
SKU_022,2025-04-07,0,CD_NORTE
SKU_022,2025-04-14,0,CD_NORTE
SKU_022,2025-04-21,101,CD_NORTE
SKU_022,2025-04-28,0,CD_NORTE
SKU_022,2025-05-05,0,CD_NORTE
SKU_022,2025-05-12,96,CD_NORTE
SKU_022,2025-05-19,0,CD_NORTE
SKU_022,2025-05-26,0,CD_NORTE
SKU_022,2025-06-02,0,CD_NORTE
SKU_022,2025-06-09,113,CD_NORTE
SKU_022,2025-06-16,0,CD_NORTE
SKU_022,2025-06-23,128,CD_NORTE
SKU_022,2025-06-30,109,CD_NORTE
SKU_022,2025-07-07,0,CD_NORTE
SKU_022,2025-07-14,102,CD_NORTE
SKU_022,2025-07-21,114,CD_NORTE
SKU_022,2025-07-28,132,CD_NORTE
SKU_022,2025-08-04,117,CD_NORTE
SKU_022,2025-08-11,118,CD_NORTE
SKU_022,2025-08-18,0,CD_NORTE
SKU_022,2025-08-25,126,CD_NORTE
SKU_022,2025-09-01,117,CD_NORTE
SKU_022,2025-09-08,103,CD_NORTE
SKU_022,2025-09-15,0,CD_NORTE
SKU_022,2025-09-22,0,CD_NORTE
SKU_022,2025-09-29,0,CD_NORTE
SKU_022,2025-10-06,0,CD_NORTE
SKU_022,2025-10-13,0,CD_NORTE
SKU_022,2025-10-20,0,CD_NORTE
SKU_022,2025-10-27,92,CD_NORTE
SKU_022,2025-11-03,0,CD_NORTE
SKU_022,2025-11-10,0,CD_NORTE
SKU_022,2025-11-17,0,CD_NORTE
SKU_022,2025-11-24,102,CD_NORTE
SKU_022,2025-12-01,0,CD_NORTE
SKU_022,2025-12-08,100,CD_NORTE
SKU_022,2025-12-15,119,CD_NORTE
SKU_022,2025-12-22,0,CD_NORTE
SKU_022,2025-12-29,0,CD_NORTE
SKU_022,2024-01-08,0,CD_CENTRO
SKU_022,2024-01-15,0,CD_CENTRO
SKU_022,2024-01-22,0,CD_CENTRO
SKU_022,2024-01-29,0,CD_CENTRO
SKU_022,2024-02-05,130,CD_CENTRO
SKU_022,2024-02-12,111,CD_CENTRO
SKU_022,2024-02-19,0,CD_CENTRO
SKU_022,2024-02-26,107,CD_CENTRO
SKU_022,2024-03-04,123,CD_CENTRO
SKU_022,2024-03-11,111,CD_CENTRO
SKU_022,2024-03-18,0,CD_CENTRO
SKU_022,2024-03-25,123,CD_CENTRO
SKU_022,2024-04-01,0,CD_CENTRO
SKU_022,2024-04-08,0,CD_CENTRO
SKU_022,2024-04-15,0,CD_CENTRO
SKU_022,2024-04-22,107,CD_CENTRO
SKU_022,2024-04-29,0,CD_CENTRO
SKU_022,2024-05-06,0,CD_CENTRO
SKU_022,2024-05-13,0,CD_CENTRO
SKU_022,2024-05-20,0,CD_CENTRO
SKU_022,2024-05-27,0,CD_CENTRO
SKU_022,2024-06-03,123,CD_CENTRO
SKU_022,2024-06-10,0,CD_CENTRO
SKU_022,2024-06-17,0,CD_CENTRO
SKU_022,2024-06-24,123,CD_CENTRO
SKU_022,2024-07-01,0,CD_CENTRO
SKU_022,2024-07-08,0,CD_CENTRO
SKU_022,2024-07-15,127,CD_CENTRO
SKU_022,2024-07-22,104,CD_CENTRO
SKU_022,2024-07-29,111,CD_CENTRO
SKU_022,2024-08-05,0,CD_CENTRO
SKU_022,2024-08-12,134,CD_CENTRO
SKU_022,2024-08-19,109,CD_CENTRO
SKU_022,2024-08-26,121,CD_CENTRO
SKU_022,2024-09-02,0,CD_CENTRO
SKU_022,2024-09-09,0,CD_CENTRO
SKU_022,2024-09-16,0,CD_CENTRO
SKU_022,2024-09-23,138,CD_CENTRO
SKU_022,2024-09-30,0,CD_CENTRO
SKU_022,2024-10-07,0,CD_CENTRO
SKU_022,2024-10-14,0,CD_CENTRO
SKU_022,2024-10-21,0,CD_CENTRO
SKU_022,2024-10-28,0,CD_CENTRO
SKU_022,2024-11-04,0,CD_CENTRO
SKU_022,2024-11-11,91,CD_CENTRO
SKU_022,2024-11-18,0,CD_CENTRO
SKU_022,2024-11-25,0,CD_CENTRO
SKU_022,2024-12-02,0,CD_CENTRO
SKU_022,2024-12-09,0,CD_CENTRO
SKU_022,2024-12-16,0,CD_CENTRO
SKU_022,2024-12-23,109,CD_CENTRO
SKU_022,2024-12-30,112,CD_CENTRO
SKU_022,2025-01-06,0,CD_CENTRO
SKU_022,2025-01-13,0,CD_CENTRO
SKU_022,2025-01-20,92,CD_CENTRO
SKU_022,2025-01-27,107,CD_CENTRO
SKU_022,2025-02-03,0,CD_CENTRO
SKU_022,2025-02-10,0,CD_CENTRO
SKU_022,2025-02-17,0,CD_CENTRO
SKU_022,2025-02-24,0,CD_CENTRO
SKU_022,2025-03-03,0,CD_CENTRO
SKU_022,2025-03-10,0,CD_CENTRO
SKU_022,2025-03-17,0,CD_CENTRO
SKU_022,2025-03-24,0,CD_CENTRO
SKU_022,2025-03-31,0,CD_CENTRO
SKU_022,2025-04-07,0,CD_CENTRO
SKU_022,2025-04-14,0,CD_CENTRO
SKU_022,2025-04-21,0,CD_CENTRO
SKU_022,2025-04-28,101,CD_CENTRO
SKU_022,2025-05-05,122,CD_CENTRO
SKU_022,2025-05-12,93,CD_CENTRO
SKU_022,2025-05-19,133,CD_CENTRO
SKU_022,2025-05-26,120,CD_CENTRO
SKU_022,2025-06-02,0,CD_CENTRO
SKU_022,2025-06-09,0,CD_CENTRO
SKU_022,2025-06-16,0,CD_CENTRO
SKU_022,2025-06-23,100,CD_CENTRO
SKU_022,2025-06-30,0,CD_CENTRO
SKU_022,2025-07-07,0,CD_CENTRO
SKU_022,2025-07-14,0,CD_CENTRO
SKU_022,2025-07-21,0,CD_CENTRO
SKU_022,2025-07-28,123,CD_CENTRO
SKU_022,2025-08-04,119,CD_CENTRO
SKU_022,2025-08-11,0,CD_CENTRO
SKU_022,2025-08-18,112,CD_CENTRO
SKU_022,2025-08-25,0,CD_CENTRO
SKU_022,2025-09-01,0,CD_CENTRO
SKU_022,2025-09-08,104,CD_CENTRO
SKU_022,2025-09-15,118,CD_CENTRO
SKU_022,2025-09-22,0,CD_CENTRO
SKU_022,2025-09-29,0,CD_CENTRO
SKU_022,2025-10-06,0,CD_CENTRO
SKU_022,2025-10-13,113,CD_CENTRO
SKU_022,2025-10-20,104,CD_CENTRO
SKU_022,2025-10-27,97,CD_CENTRO
SKU_022,2025-11-03,102,CD_CENTRO
SKU_022,2025-11-10,0,CD_CENTRO
SKU_022,2025-11-17,106,CD_CENTRO
SKU_022,2025-11-24,0,CD_CENTRO
SKU_022,2025-12-01,0,CD_CENTRO
SKU_022,2025-12-08,125,CD_CENTRO
SKU_022,2025-12-15,0,CD_CENTRO
SKU_022,2025-12-22,0,CD_CENTRO
SKU_022,2025-12-29,0,CD_CENTRO
SKU_022,2024-01-08,0,CD_SUR
SKU_022,2024-01-15,0,CD_SUR
SKU_022,2024-01-22,0,CD_SUR
SKU_022,2024-01-29,0,CD_SUR
SKU_022,2024-02-05,0,CD_SUR
SKU_022,2024-02-12,91,CD_SUR
SKU_022,2024-02-19,86,CD_SUR
SKU_022,2024-02-26,0,CD_SUR
SKU_022,2024-03-04,0,CD_SUR
SKU_022,2024-03-11,0,CD_SUR
SKU_022,2024-03-18,0,CD_SUR
SKU_022,2024-03-25,0,CD_SUR
SKU_022,2024-04-01,0,CD_SUR
SKU_022,2024-04-08,0,CD_SUR
SKU_022,2024-04-15,0,CD_SUR
SKU_022,2024-04-22,93,CD_SUR
SKU_022,2024-04-29,0,CD_SUR
SKU_022,2024-05-06,0,CD_SUR
SKU_022,2024-05-13,0,CD_SUR
SKU_022,2024-05-20,0,CD_SUR
SKU_022,2024-05-27,0,CD_SUR
SKU_022,2024-06-03,0,CD_SUR
SKU_022,2024-06-10,0,CD_SUR
SKU_022,2024-06-17,0,CD_SUR
SKU_022,2024-06-24,0,CD_SUR
SKU_022,2024-07-01,103,CD_SUR
SKU_022,2024-07-08,0,CD_SUR
SKU_022,2024-07-15,91,CD_SUR
SKU_022,2024-07-22,0,CD_SUR
SKU_022,2024-07-29,84,CD_SUR
SKU_022,2024-08-05,0,CD_SUR
SKU_022,2024-08-12,0,CD_SUR
SKU_022,2024-08-19,0,CD_SUR
SKU_022,2024-08-26,78,CD_SUR
SKU_022,2024-09-02,0,CD_SUR
SKU_022,2024-09-09,0,CD_SUR
SKU_022,2024-09-16,0,CD_SUR
SKU_022,2024-09-23,93,CD_SUR
SKU_022,2024-09-30,0,CD_SUR
SKU_022,2024-10-07,84,CD_SUR
SKU_022,2024-10-14,0,CD_SUR
SKU_022,2024-10-21,0,CD_SUR
SKU_022,2024-10-28,0,CD_SUR
SKU_022,2024-11-04,0,CD_SUR
SKU_022,2024-11-11,0,CD_SUR
SKU_022,2024-11-18,0,CD_SUR
SKU_022,2024-11-25,90,CD_SUR
SKU_022,2024-12-02,0,CD_SUR
SKU_022,2024-12-09,0,CD_SUR
SKU_022,2024-12-16,0,CD_SUR
SKU_022,2024-12-23,0,CD_SUR
SKU_022,2024-12-30,0,CD_SUR
SKU_022,2025-01-06,0,CD_SUR
SKU_022,2025-01-13,0,CD_SUR
SKU_022,2025-01-20,108,CD_SUR
SKU_022,2025-01-27,0,CD_SUR
SKU_022,2025-02-03,93,CD_SUR
SKU_022,2025-02-10,0,CD_SUR
SKU_022,2025-02-17,0,CD_SUR
SKU_022,2025-02-24,0,CD_SUR
SKU_022,2025-03-03,0,CD_SUR
SKU_022,2025-03-10,0,CD_SUR
SKU_022,2025-03-17,0,CD_SUR
SKU_022,2025-03-24,87,CD_SUR
SKU_022,2025-03-31,0,CD_SUR
SKU_022,2025-04-07,0,CD_SUR
SKU_022,2025-04-14,0,CD_SUR
SKU_022,2025-04-21,97,CD_SUR
SKU_022,2025-04-28,112,CD_SUR
SKU_022,2025-05-05,93,CD_SUR
SKU_022,2025-05-12,72,CD_SUR
SKU_022,2025-05-19,0,CD_SUR
SKU_022,2025-05-26,0,CD_SUR
SKU_022,2025-06-02,0,CD_SUR
SKU_022,2025-06-09,0,CD_SUR
SKU_022,2025-06-16,0,CD_SUR
SKU_022,2025-06-23,100,CD_SUR
SKU_022,2025-06-30,0,CD_SUR
SKU_022,2025-07-07,0,CD_SUR
SKU_022,2025-07-14,97,CD_SUR
SKU_022,2025-07-21,0,CD_SUR
SKU_022,2025-07-28,0,CD_SUR
SKU_022,2025-08-04,95,CD_SUR
SKU_022,2025-08-11,92,CD_SUR
SKU_022,2025-08-18,0,CD_SUR
SKU_022,2025-08-25,86,CD_SUR
SKU_022,2025-09-01,0,CD_SUR
SKU_022,2025-09-08,108,CD_SUR
SKU_022,2025-09-15,0,CD_SUR
SKU_022,2025-09-22,0,CD_SUR
SKU_022,2025-09-29,0,CD_SUR
SKU_022,2025-10-06,0,CD_SUR
SKU_022,2025-10-13,0,CD_SUR
SKU_022,2025-10-20,0,CD_SUR
SKU_022,2025-10-27,0,CD_SUR
SKU_022,2025-11-03,77,CD_SUR
SKU_022,2025-11-10,91,CD_SUR
SKU_022,2025-11-17,0,CD_SUR
SKU_022,2025-11-24,0,CD_SUR
SKU_022,2025-12-01,0,CD_SUR
SKU_022,2025-12-08,0,CD_SUR
SKU_022,2025-12-15,0,CD_SUR
SKU_022,2025-12-22,0,CD_SUR
SKU_022,2025-12-29,0,CD_SUR
SKU_023,2024-01-08,0,CD_NORTE
SKU_023,2024-01-15,0,CD_NORTE
SKU_023,2024-01-22,0,CD_NORTE
SKU_023,2024-01-29,0,CD_NORTE
SKU_023,2024-02-05,0,CD_NORTE
SKU_023,2024-02-12,0,CD_NORTE
SKU_023,2024-02-19,0,CD_NORTE
SKU_023,2024-02-26,0,CD_NORTE
SKU_023,2024-03-04,0,CD_NORTE
SKU_023,2024-03-11,0,CD_NORTE
SKU_023,2024-03-18,0,CD_NORTE
SKU_023,2024-03-25,99,CD_NORTE
SKU_023,2024-04-01,0,CD_NORTE
SKU_023,2024-04-08,92,CD_NORTE
SKU_023,2024-04-15,0,CD_NORTE
SKU_023,2024-04-22,0,CD_NORTE
SKU_023,2024-04-29,0,CD_NORTE
SKU_023,2024-05-06,0,CD_NORTE
SKU_023,2024-05-13,93,CD_NORTE
SKU_023,2024-05-20,0,CD_NORTE
SKU_023,2024-05-27,0,CD_NORTE
SKU_023,2024-06-03,0,CD_NORTE
SKU_023,2024-06-10,78,CD_NORTE
SKU_023,2024-06-17,0,CD_NORTE
SKU_023,2024-06-24,0,CD_NORTE
SKU_023,2024-07-01,0,CD_NORTE
SKU_023,2024-07-08,0,CD_NORTE
SKU_023,2024-07-15,0,CD_NORTE
SKU_023,2024-07-22,0,CD_NORTE
SKU_023,2024-07-29,0,CD_NORTE
SKU_023,2024-08-05,0,CD_NORTE
SKU_023,2024-08-12,0,CD_NORTE
SKU_023,2024-08-19,0,CD_NORTE
SKU_023,2024-08-26,0,CD_NORTE
SKU_023,2024-09-02,0,CD_NORTE
SKU_023,2024-09-09,0,CD_NORTE
SKU_023,2024-09-16,0,CD_NORTE
SKU_023,2024-09-23,119,CD_NORTE
SKU_023,2024-09-30,0,CD_NORTE
SKU_023,2024-10-07,93,CD_NORTE
SKU_023,2024-10-14,0,CD_NORTE
SKU_023,2024-10-21,101,CD_NORTE
SKU_023,2024-10-28,0,CD_NORTE
SKU_023,2024-11-04,0,CD_NORTE
SKU_023,2024-11-11,0,CD_NORTE
SKU_023,2024-11-18,93,CD_NORTE
SKU_023,2024-11-25,0,CD_NORTE
SKU_023,2024-12-02,0,CD_NORTE
SKU_023,2024-12-09,0,CD_NORTE
SKU_023,2024-12-16,0,CD_NORTE
SKU_023,2024-12-23,0,CD_NORTE
SKU_023,2024-12-30,0,CD_NORTE
SKU_023,2025-01-06,0,CD_NORTE
SKU_023,2025-01-13,109,CD_NORTE
SKU_023,2025-01-20,0,CD_NORTE
SKU_023,2025-01-27,0,CD_NORTE
SKU_023,2025-02-03,0,CD_NORTE
SKU_023,2025-02-10,0,CD_NORTE
SKU_023,2025-02-17,0,CD_NORTE
SKU_023,2025-02-24,0,CD_NORTE
SKU_023,2025-03-03,0,CD_NORTE
SKU_023,2025-03-10,0,CD_NORTE
SKU_023,2025-03-17,0,CD_NORTE
SKU_023,2025-03-24,0,CD_NORTE
SKU_023,2025-03-31,0,CD_NORTE
SKU_023,2025-04-07,98,CD_NORTE
SKU_023,2025-04-14,0,CD_NORTE
SKU_023,2025-04-21,0,CD_NORTE
SKU_023,2025-04-28,0,CD_NORTE
SKU_023,2025-05-05,0,CD_NORTE
SKU_023,2025-05-12,0,CD_NORTE
SKU_023,2025-05-19,0,CD_NORTE
SKU_023,2025-05-26,0,CD_NORTE
SKU_023,2025-06-02,0,CD_NORTE
SKU_023,2025-06-09,0,CD_NORTE
SKU_023,2025-06-16,89,CD_NORTE
SKU_023,2025-06-23,107,CD_NORTE
SKU_023,2025-06-30,0,CD_NORTE
SKU_023,2025-07-07,0,CD_NORTE
SKU_023,2025-07-14,87,CD_NORTE
SKU_023,2025-07-21,93,CD_NORTE
SKU_023,2025-07-28,81,CD_NORTE
SKU_023,2025-08-04,0,CD_NORTE
SKU_023,2025-08-11,87,CD_NORTE
SKU_023,2025-08-18,0,CD_NORTE
SKU_023,2025-08-25,0,CD_NORTE
SKU_023,2025-09-01,104,CD_NORTE
SKU_023,2025-09-08,0,CD_NORTE
SKU_023,2025-09-15,0,CD_NORTE
SKU_023,2025-09-22,0,CD_NORTE
SKU_023,2025-09-29,0,CD_NORTE
SKU_023,2025-10-06,0,CD_NORTE
SKU_023,2025-10-13,0,CD_NORTE
SKU_023,2025-10-20,82,CD_NORTE
SKU_023,2025-10-27,87,CD_NORTE
SKU_023,2025-11-03,0,CD_NORTE
SKU_023,2025-11-10,0,CD_NORTE
SKU_023,2025-11-17,0,CD_NORTE
SKU_023,2025-11-24,0,CD_NORTE
SKU_023,2025-12-01,0,CD_NORTE
SKU_023,2025-12-08,0,CD_NORTE
SKU_023,2025-12-15,0,CD_NORTE
SKU_023,2025-12-22,0,CD_NORTE
SKU_023,2025-12-29,0,CD_NORTE
SKU_023,2024-01-08,0,CD_CENTRO
SKU_023,2024-01-15,62,CD_CENTRO
SKU_023,2024-01-22,57,CD_CENTRO
SKU_023,2024-01-29,0,CD_CENTRO
SKU_023,2024-02-05,57,CD_CENTRO
SKU_023,2024-02-12,64,CD_CENTRO
SKU_023,2024-02-19,0,CD_CENTRO
SKU_023,2024-02-26,0,CD_CENTRO
SKU_023,2024-03-04,0,CD_CENTRO
SKU_023,2024-03-11,57,CD_CENTRO
SKU_023,2024-03-18,54,CD_CENTRO
SKU_023,2024-03-25,0,CD_CENTRO
SKU_023,2024-04-01,0,CD_CENTRO
SKU_023,2024-04-08,51,CD_CENTRO
SKU_023,2024-04-15,0,CD_CENTRO
SKU_023,2024-04-22,0,CD_CENTRO
SKU_023,2024-04-29,0,CD_CENTRO
SKU_023,2024-05-06,0,CD_CENTRO
SKU_023,2024-05-13,0,CD_CENTRO
SKU_023,2024-05-20,0,CD_CENTRO
SKU_023,2024-05-27,0,CD_CENTRO
SKU_023,2024-06-03,0,CD_CENTRO
SKU_023,2024-06-10,0,CD_CENTRO
SKU_023,2024-06-17,0,CD_CENTRO
SKU_023,2024-06-24,0,CD_CENTRO
SKU_023,2024-07-01,0,CD_CENTRO
SKU_023,2024-07-08,64,CD_CENTRO
SKU_023,2024-07-15,0,CD_CENTRO
SKU_023,2024-07-22,55,CD_CENTRO
SKU_023,2024-07-29,0,CD_CENTRO
SKU_023,2024-08-05,54,CD_CENTRO
SKU_023,2024-08-12,0,CD_CENTRO
SKU_023,2024-08-19,53,CD_CENTRO
SKU_023,2024-08-26,0,CD_CENTRO
SKU_023,2024-09-02,0,CD_CENTRO
SKU_023,2024-09-09,0,CD_CENTRO
SKU_023,2024-09-16,0,CD_CENTRO
SKU_023,2024-09-23,0,CD_CENTRO
SKU_023,2024-09-30,0,CD_CENTRO
SKU_023,2024-10-07,0,CD_CENTRO
SKU_023,2024-10-14,0,CD_CENTRO
SKU_023,2024-10-21,0,CD_CENTRO
SKU_023,2024-10-28,0,CD_CENTRO
SKU_023,2024-11-04,0,CD_CENTRO
SKU_023,2024-11-11,0,CD_CENTRO
SKU_023,2024-11-18,0,CD_CENTRO
SKU_023,2024-11-25,0,CD_CENTRO
SKU_023,2024-12-02,0,CD_CENTRO
SKU_023,2024-12-09,0,CD_CENTRO
SKU_023,2024-12-16,0,CD_CENTRO
SKU_023,2024-12-23,0,CD_CENTRO
SKU_023,2024-12-30,64,CD_CENTRO
SKU_023,2025-01-06,54,CD_CENTRO
SKU_023,2025-01-13,0,CD_CENTRO
SKU_023,2025-01-20,0,CD_CENTRO
SKU_023,2025-01-27,0,CD_CENTRO
SKU_023,2025-02-03,0,CD_CENTRO
SKU_023,2025-02-10,0,CD_CENTRO
SKU_023,2025-02-17,0,CD_CENTRO
SKU_023,2025-02-24,0,CD_CENTRO
SKU_023,2025-03-03,0,CD_CENTRO
SKU_023,2025-03-10,0,CD_CENTRO
SKU_023,2025-03-17,0,CD_CENTRO
SKU_023,2025-03-24,0,CD_CENTRO
SKU_023,2025-03-31,0,CD_CENTRO
SKU_023,2025-04-07,0,CD_CENTRO
SKU_023,2025-04-14,63,CD_CENTRO
SKU_023,2025-04-21,0,CD_CENTRO
SKU_023,2025-04-28,0,CD_CENTRO
SKU_023,2025-05-05,0,CD_CENTRO
SKU_023,2025-05-12,0,CD_CENTRO
SKU_023,2025-05-19,0,CD_CENTRO
SKU_023,2025-05-26,0,CD_CENTRO
SKU_023,2025-06-02,56,CD_CENTRO
SKU_023,2025-06-09,0,CD_CENTRO
SKU_023,2025-06-16,0,CD_CENTRO
SKU_023,2025-06-23,50,CD_CENTRO
SKU_023,2025-06-30,0,CD_CENTRO
SKU_023,2025-07-07,0,CD_CENTRO
SKU_023,2025-07-14,0,CD_CENTRO
SKU_023,2025-07-21,55,CD_CENTRO
SKU_023,2025-07-28,0,CD_CENTRO
SKU_023,2025-08-04,0,CD_CENTRO
SKU_023,2025-08-11,0,CD_CENTRO
SKU_023,2025-08-18,0,CD_CENTRO
SKU_023,2025-08-25,0,CD_CENTRO
SKU_023,2025-09-01,0,CD_CENTRO
SKU_023,2025-09-08,57,CD_CENTRO
SKU_023,2025-09-15,0,CD_CENTRO
SKU_023,2025-09-22,0,CD_CENTRO
SKU_023,2025-09-29,0,CD_CENTRO
SKU_023,2025-10-06,0,CD_CENTRO
SKU_023,2025-10-13,0,CD_CENTRO
SKU_023,2025-10-20,0,CD_CENTRO
SKU_023,2025-10-27,0,CD_CENTRO
SKU_023,2025-11-03,0,CD_CENTRO
SKU_023,2025-11-10,56,CD_CENTRO
SKU_023,2025-11-17,0,CD_CENTRO
SKU_023,2025-11-24,0,CD_CENTRO
SKU_023,2025-12-01,0,CD_CENTRO
SKU_023,2025-12-08,0,CD_CENTRO
SKU_023,2025-12-15,56,CD_CENTRO
SKU_023,2025-12-22,55,CD_CENTRO
SKU_023,2025-12-29,0,CD_CENTRO
SKU_023,2024-01-08,75,CD_SUR
SKU_023,2024-01-15,0,CD_SUR
SKU_023,2024-01-22,0,CD_SUR
SKU_023,2024-01-29,0,CD_SUR
SKU_023,2024-02-05,87,CD_SUR
SKU_023,2024-02-12,0,CD_SUR
SKU_023,2024-02-19,67,CD_SUR
SKU_023,2024-02-26,0,CD_SUR
SKU_023,2024-03-04,0,CD_SUR
SKU_023,2024-03-11,87,CD_SUR
SKU_023,2024-03-18,0,CD_SUR
SKU_023,2024-03-25,0,CD_SUR
SKU_023,2024-04-01,0,CD_SUR
SKU_023,2024-04-08,0,CD_SUR
SKU_023,2024-04-15,0,CD_SUR
SKU_023,2024-04-22,0,CD_SUR
SKU_023,2024-04-29,79,CD_SUR
SKU_023,2024-05-06,87,CD_SUR
SKU_023,2024-05-13,87,CD_SUR
SKU_023,2024-05-20,0,CD_SUR
SKU_023,2024-05-27,0,CD_SUR
SKU_023,2024-06-03,0,CD_SUR
SKU_023,2024-06-10,0,CD_SUR
SKU_023,2024-06-17,0,CD_SUR
SKU_023,2024-06-24,0,CD_SUR
SKU_023,2024-07-01,0,CD_SUR
SKU_023,2024-07-08,0,CD_SUR
SKU_023,2024-07-15,94,CD_SUR
SKU_023,2024-07-22,92,CD_SUR
SKU_023,2024-07-29,0,CD_SUR
SKU_023,2024-08-05,92,CD_SUR
SKU_023,2024-08-12,93,CD_SUR
SKU_023,2024-08-19,0,CD_SUR
SKU_023,2024-08-26,83,CD_SUR
SKU_023,2024-09-02,0,CD_SUR
SKU_023,2024-09-09,81,CD_SUR
SKU_023,2024-09-16,0,CD_SUR
SKU_023,2024-09-23,88,CD_SUR
SKU_023,2024-09-30,87,CD_SUR
SKU_023,2024-10-07,0,CD_SUR
SKU_023,2024-10-14,0,CD_SUR
SKU_023,2024-10-21,0,CD_SUR
SKU_023,2024-10-28,0,CD_SUR
SKU_023,2024-11-04,78,CD_SUR
SKU_023,2024-11-11,0,CD_SUR
SKU_023,2024-11-18,0,CD_SUR
SKU_023,2024-11-25,0,CD_SUR
SKU_023,2024-12-02,84,CD_SUR
SKU_023,2024-12-09,0,CD_SUR
SKU_023,2024-12-16,0,CD_SUR
SKU_023,2024-12-23,81,CD_SUR
SKU_023,2024-12-30,0,CD_SUR
SKU_023,2025-01-06,74,CD_SUR
SKU_023,2025-01-13,0,CD_SUR
SKU_023,2025-01-20,0,CD_SUR
SKU_023,2025-01-27,0,CD_SUR
SKU_023,2025-02-03,0,CD_SUR
SKU_023,2025-02-10,91,CD_SUR
SKU_023,2025-02-17,0,CD_SUR
SKU_023,2025-02-24,0,CD_SUR
SKU_023,2025-03-03,81,CD_SUR
SKU_023,2025-03-10,0,CD_SUR
SKU_023,2025-03-17,0,CD_SUR
SKU_023,2025-03-24,98,CD_SUR
SKU_023,2025-03-31,68,CD_SUR
SKU_023,2025-04-07,76,CD_SUR
SKU_023,2025-04-14,0,CD_SUR
SKU_023,2025-04-21,0,CD_SUR
SKU_023,2025-04-28,0,CD_SUR
SKU_023,2025-05-05,0,CD_SUR
SKU_023,2025-05-12,0,CD_SUR
SKU_023,2025-05-19,0,CD_SUR
SKU_023,2025-05-26,81,CD_SUR
SKU_023,2025-06-02,0,CD_SUR
SKU_023,2025-06-09,0,CD_SUR
SKU_023,2025-06-16,0,CD_SUR
SKU_023,2025-06-23,0,CD_SUR
SKU_023,2025-06-30,0,CD_SUR
SKU_023,2025-07-07,0,CD_SUR
SKU_023,2025-07-14,90,CD_SUR
SKU_023,2025-07-21,0,CD_SUR
SKU_023,2025-07-28,84,CD_SUR
SKU_023,2025-08-04,0,CD_SUR
SKU_023,2025-08-11,84,CD_SUR
SKU_023,2025-08-18,72,CD_SUR
SKU_023,2025-08-25,72,CD_SUR
SKU_023,2025-09-01,0,CD_SUR
SKU_023,2025-09-08,84,CD_SUR
SKU_023,2025-09-15,0,CD_SUR
SKU_023,2025-09-22,0,CD_SUR
SKU_023,2025-09-29,70,CD_SUR
SKU_023,2025-10-06,77,CD_SUR
SKU_023,2025-10-13,0,CD_SUR
SKU_023,2025-10-20,0,CD_SUR
SKU_023,2025-10-27,0,CD_SUR
SKU_023,2025-11-03,0,CD_SUR
SKU_023,2025-11-10,85,CD_SUR
SKU_023,2025-11-17,73,CD_SUR
SKU_023,2025-11-24,94,CD_SUR
SKU_023,2025-12-01,0,CD_SUR
SKU_023,2025-12-08,0,CD_SUR
SKU_023,2025-12-15,0,CD_SUR
SKU_023,2025-12-22,91,CD_SUR
SKU_023,2025-12-29,68,CD_SUR
SKU_024,2024-01-08,99,CD_NORTE
SKU_024,2024-01-15,0,CD_NORTE
SKU_024,2024-01-22,0,CD_NORTE
SKU_024,2024-01-29,142,CD_NORTE
SKU_024,2024-02-05,89,CD_NORTE
SKU_024,2024-02-12,0,CD_NORTE
SKU_024,2024-02-19,0,CD_NORTE
SKU_024,2024-02-26,0,CD_NORTE
SKU_024,2024-03-04,0,CD_NORTE
SKU_024,2024-03-11,0,CD_NORTE
SKU_024,2024-03-18,111,CD_NORTE
SKU_024,2024-03-25,0,CD_NORTE
SKU_024,2024-04-01,0,CD_NORTE
SKU_024,2024-04-08,0,CD_NORTE
SKU_024,2024-04-15,109,CD_NORTE
SKU_024,2024-04-22,0,CD_NORTE
SKU_024,2024-04-29,107,CD_NORTE
SKU_024,2024-05-06,0,CD_NORTE
SKU_024,2024-05-13,0,CD_NORTE
SKU_024,2024-05-20,114,CD_NORTE
SKU_024,2024-05-27,0,CD_NORTE
SKU_024,2024-06-03,0,CD_NORTE
SKU_024,2024-06-10,0,CD_NORTE
SKU_024,2024-06-17,0,CD_NORTE
SKU_024,2024-06-24,0,CD_NORTE
SKU_024,2024-07-01,0,CD_NORTE
SKU_024,2024-07-08,115,CD_NORTE
SKU_024,2024-07-15,0,CD_NORTE
SKU_024,2024-07-22,0,CD_NORTE
SKU_024,2024-07-29,0,CD_NORTE
SKU_024,2024-08-05,0,CD_NORTE
SKU_024,2024-08-12,0,CD_NORTE
SKU_024,2024-08-19,107,CD_NORTE
SKU_024,2024-08-26,98,CD_NORTE
SKU_024,2024-09-02,0,CD_NORTE
SKU_024,2024-09-09,0,CD_NORTE
SKU_024,2024-09-16,0,CD_NORTE
SKU_024,2024-09-23,0,CD_NORTE
SKU_024,2024-09-30,120,CD_NORTE
SKU_024,2024-10-07,0,CD_NORTE
SKU_024,2024-10-14,0,CD_NORTE
SKU_024,2024-10-21,0,CD_NORTE
SKU_024,2024-10-28,0,CD_NORTE
SKU_024,2024-11-04,0,CD_NORTE
SKU_024,2024-11-11,0,CD_NORTE
SKU_024,2024-11-18,0,CD_NORTE
SKU_024,2024-11-25,0,CD_NORTE
SKU_024,2024-12-02,0,CD_NORTE
SKU_024,2024-12-09,0,CD_NORTE
SKU_024,2024-12-16,0,CD_NORTE
SKU_024,2024-12-23,0,CD_NORTE
SKU_024,2024-12-30,0,CD_NORTE
SKU_024,2025-01-06,0,CD_NORTE
SKU_024,2025-01-13,116,CD_NORTE
SKU_024,2025-01-20,0,CD_NORTE
SKU_024,2025-01-27,0,CD_NORTE
SKU_024,2025-02-03,0,CD_NORTE
SKU_024,2025-02-10,0,CD_NORTE
SKU_024,2025-02-17,110,CD_NORTE
SKU_024,2025-02-24,116,CD_NORTE
SKU_024,2025-03-03,117,CD_NORTE
SKU_024,2025-03-10,0,CD_NORTE
SKU_024,2025-03-17,0,CD_NORTE
SKU_024,2025-03-24,0,CD_NORTE
SKU_024,2025-03-31,0,CD_NORTE
SKU_024,2025-04-07,0,CD_NORTE
SKU_024,2025-04-14,101,CD_NORTE
SKU_024,2025-04-21,115,CD_NORTE
SKU_024,2025-04-28,0,CD_NORTE
SKU_024,2025-05-05,0,CD_NORTE
SKU_024,2025-05-12,0,CD_NORTE
SKU_024,2025-05-19,0,CD_NORTE
SKU_024,2025-05-26,0,CD_NORTE
SKU_024,2025-06-02,103,CD_NORTE
SKU_024,2025-06-09,0,CD_NORTE
SKU_024,2025-06-16,0,CD_NORTE
SKU_024,2025-06-23,0,CD_NORTE
SKU_024,2025-06-30,0,CD_NORTE
SKU_024,2025-07-07,0,CD_NORTE
SKU_024,2025-07-14,0,CD_NORTE
SKU_024,2025-07-21,118,CD_NORTE
SKU_024,2025-07-28,0,CD_NORTE
SKU_024,2025-08-04,107,CD_NORTE
SKU_024,2025-08-11,0,CD_NORTE
SKU_024,2025-08-18,0,CD_NORTE
SKU_024,2025-08-25,0,CD_NORTE
SKU_024,2025-09-01,0,CD_NORTE
SKU_024,2025-09-08,116,CD_NORTE
SKU_024,2025-09-15,104,CD_NORTE
SKU_024,2025-09-22,0,CD_NORTE
SKU_024,2025-09-29,116,CD_NORTE
SKU_024,2025-10-06,0,CD_NORTE
SKU_024,2025-10-13,98,CD_NORTE
SKU_024,2025-10-20,0,CD_NORTE
SKU_024,2025-10-27,0,CD_NORTE
SKU_024,2025-11-03,0,CD_NORTE
SKU_024,2025-11-10,0,CD_NORTE
SKU_024,2025-11-17,0,CD_NORTE
SKU_024,2025-11-24,0,CD_NORTE
SKU_024,2025-12-01,109,CD_NORTE
SKU_024,2025-12-08,0,CD_NORTE
SKU_024,2025-12-15,0,CD_NORTE
SKU_024,2025-12-22,0,CD_NORTE
SKU_024,2025-12-29,0,CD_NORTE
SKU_024,2024-01-08,0,CD_CENTRO
SKU_024,2024-01-15,0,CD_CENTRO
SKU_024,2024-01-22,0,CD_CENTRO
SKU_024,2024-01-29,0,CD_CENTRO
SKU_024,2024-02-05,73,CD_CENTRO
SKU_024,2024-02-12,0,CD_CENTRO
SKU_024,2024-02-19,0,CD_CENTRO
SKU_024,2024-02-26,0,CD_CENTRO
SKU_024,2024-03-04,0,CD_CENTRO
SKU_024,2024-03-11,0,CD_CENTRO
SKU_024,2024-03-18,72,CD_CENTRO
SKU_024,2024-03-25,0,CD_CENTRO
SKU_024,2024-04-01,0,CD_CENTRO
SKU_024,2024-04-08,66,CD_CENTRO
SKU_024,2024-04-15,0,CD_CENTRO
SKU_024,2024-04-22,0,CD_CENTRO
SKU_024,2024-04-29,71,CD_CENTRO
SKU_024,2024-05-06,0,CD_CENTRO
SKU_024,2024-05-13,0,CD_CENTRO
SKU_024,2024-05-20,0,CD_CENTRO
SKU_024,2024-05-27,0,CD_CENTRO
SKU_024,2024-06-03,82,CD_CENTRO
SKU_024,2024-06-10,81,CD_CENTRO
SKU_024,2024-06-17,0,CD_CENTRO
SKU_024,2024-06-24,0,CD_CENTRO
SKU_024,2024-07-01,0,CD_CENTRO
SKU_024,2024-07-08,0,CD_CENTRO
SKU_024,2024-07-15,0,CD_CENTRO
SKU_024,2024-07-22,0,CD_CENTRO
SKU_024,2024-07-29,80,CD_CENTRO
SKU_024,2024-08-05,80,CD_CENTRO
SKU_024,2024-08-12,76,CD_CENTRO
SKU_024,2024-08-19,0,CD_CENTRO
SKU_024,2024-08-26,76,CD_CENTRO
SKU_024,2024-09-02,0,CD_CENTRO
SKU_024,2024-09-09,0,CD_CENTRO
SKU_024,2024-09-16,0,CD_CENTRO
SKU_024,2024-09-23,0,CD_CENTRO
SKU_024,2024-09-30,0,CD_CENTRO
SKU_024,2024-10-07,0,CD_CENTRO
SKU_024,2024-10-14,0,CD_CENTRO
SKU_024,2024-10-21,0,CD_CENTRO
SKU_024,2024-10-28,0,CD_CENTRO
SKU_024,2024-11-04,0,CD_CENTRO
SKU_024,2024-11-11,0,CD_CENTRO
SKU_024,2024-11-18,0,CD_CENTRO
SKU_024,2024-11-25,0,CD_CENTRO
SKU_024,2024-12-02,0,CD_CENTRO
SKU_024,2024-12-09,0,CD_CENTRO
SKU_024,2024-12-16,0,CD_CENTRO
SKU_024,2024-12-23,0,CD_CENTRO
SKU_024,2024-12-30,0,CD_CENTRO
SKU_024,2025-01-06,0,CD_CENTRO
SKU_024,2025-01-13,0,CD_CENTRO
SKU_024,2025-01-20,0,CD_CENTRO
SKU_024,2025-01-27,75,CD_CENTRO
SKU_024,2025-02-03,0,CD_CENTRO
SKU_024,2025-02-10,0,CD_CENTRO
SKU_024,2025-02-17,70,CD_CENTRO
SKU_024,2025-02-24,0,CD_CENTRO
SKU_024,2025-03-03,0,CD_CENTRO
SKU_024,2025-03-10,0,CD_CENTRO
SKU_024,2025-03-17,0,CD_CENTRO
SKU_024,2025-03-24,0,CD_CENTRO
SKU_024,2025-03-31,0,CD_CENTRO
SKU_024,2025-04-07,0,CD_CENTRO
SKU_024,2025-04-14,74,CD_CENTRO
SKU_024,2025-04-21,0,CD_CENTRO
SKU_024,2025-04-28,0,CD_CENTRO
SKU_024,2025-05-05,0,CD_CENTRO
SKU_024,2025-05-12,0,CD_CENTRO
SKU_024,2025-05-19,0,CD_CENTRO
SKU_024,2025-05-26,0,CD_CENTRO
SKU_024,2025-06-02,0,CD_CENTRO
SKU_024,2025-06-09,0,CD_CENTRO
SKU_024,2025-06-16,0,CD_CENTRO
SKU_024,2025-06-23,0,CD_CENTRO
SKU_024,2025-06-30,75,CD_CENTRO
SKU_024,2025-07-07,0,CD_CENTRO
SKU_024,2025-07-14,78,CD_CENTRO
SKU_024,2025-07-21,74,CD_CENTRO
SKU_024,2025-07-28,0,CD_CENTRO
SKU_024,2025-08-04,0,CD_CENTRO
SKU_024,2025-08-11,0,CD_CENTRO
SKU_024,2025-08-18,0,CD_CENTRO
SKU_024,2025-08-25,0,CD_CENTRO
SKU_024,2025-09-01,0,CD_CENTRO
SKU_024,2025-09-08,0,CD_CENTRO
SKU_024,2025-09-15,0,CD_CENTRO
SKU_024,2025-09-22,0,CD_CENTRO
SKU_024,2025-09-29,0,CD_CENTRO
SKU_024,2025-10-06,0,CD_CENTRO
SKU_024,2025-10-13,88,CD_CENTRO
SKU_024,2025-10-20,64,CD_CENTRO
SKU_024,2025-10-27,79,CD_CENTRO
SKU_024,2025-11-03,73,CD_CENTRO
SKU_024,2025-11-10,0,CD_CENTRO
SKU_024,2025-11-17,73,CD_CENTRO
SKU_024,2025-11-24,67,CD_CENTRO
SKU_024,2025-12-01,80,CD_CENTRO
SKU_024,2025-12-08,78,CD_CENTRO
SKU_024,2025-12-15,79,CD_CENTRO
SKU_024,2025-12-22,0,CD_CENTRO
SKU_024,2025-12-29,0,CD_CENTRO
SKU_024,2024-01-08,63,CD_SUR
SKU_024,2024-01-15,0,CD_SUR
SKU_024,2024-01-22,0,CD_SUR
SKU_024,2024-01-29,54,CD_SUR
SKU_024,2024-02-05,0,CD_SUR
SKU_024,2024-02-12,57,CD_SUR
SKU_024,2024-02-19,0,CD_SUR
SKU_024,2024-02-26,0,CD_SUR
SKU_024,2024-03-04,0,CD_SUR
SKU_024,2024-03-11,0,CD_SUR
SKU_024,2024-03-18,62,CD_SUR
SKU_024,2024-03-25,0,CD_SUR
SKU_024,2024-04-01,0,CD_SUR
SKU_024,2024-04-08,0,CD_SUR
SKU_024,2024-04-15,0,CD_SUR
SKU_024,2024-04-22,0,CD_SUR
SKU_024,2024-04-29,77,CD_SUR
SKU_024,2024-05-06,62,CD_SUR
SKU_024,2024-05-13,64,CD_SUR
SKU_024,2024-05-20,0,CD_SUR
SKU_024,2024-05-27,60,CD_SUR
SKU_024,2024-06-03,64,CD_SUR
SKU_024,2024-06-10,0,CD_SUR
SKU_024,2024-06-17,60,CD_SUR
SKU_024,2024-06-24,0,CD_SUR
SKU_024,2024-07-01,66,CD_SUR
SKU_024,2024-07-08,67,CD_SUR
SKU_024,2024-07-15,0,CD_SUR
SKU_024,2024-07-22,61,CD_SUR
SKU_024,2024-07-29,0,CD_SUR
SKU_024,2024-08-05,0,CD_SUR
SKU_024,2024-08-12,55,CD_SUR
SKU_024,2024-08-19,63,CD_SUR
SKU_024,2024-08-26,0,CD_SUR
SKU_024,2024-09-02,71,CD_SUR
SKU_024,2024-09-09,57,CD_SUR
SKU_024,2024-09-16,0,CD_SUR
SKU_024,2024-09-23,0,CD_SUR
SKU_024,2024-09-30,0,CD_SUR
SKU_024,2024-10-07,0,CD_SUR
SKU_024,2024-10-14,0,CD_SUR
SKU_024,2024-10-21,64,CD_SUR
SKU_024,2024-10-28,0,CD_SUR
SKU_024,2024-11-04,0,CD_SUR
SKU_024,2024-11-11,0,CD_SUR
SKU_024,2024-11-18,0,CD_SUR
SKU_024,2024-11-25,55,CD_SUR
SKU_024,2024-12-02,56,CD_SUR
SKU_024,2024-12-09,0,CD_SUR
SKU_024,2024-12-16,0,CD_SUR
SKU_024,2024-12-23,70,CD_SUR
SKU_024,2024-12-30,66,CD_SUR
SKU_024,2025-01-06,0,CD_SUR
SKU_024,2025-01-13,0,CD_SUR
SKU_024,2025-01-20,0,CD_SUR
SKU_024,2025-01-27,0,CD_SUR
SKU_024,2025-02-03,64,CD_SUR
SKU_024,2025-02-10,48,CD_SUR
SKU_024,2025-02-17,0,CD_SUR
SKU_024,2025-02-24,0,CD_SUR
SKU_024,2025-03-03,59,CD_SUR
SKU_024,2025-03-10,66,CD_SUR
SKU_024,2025-03-17,0,CD_SUR
SKU_024,2025-03-24,0,CD_SUR
SKU_024,2025-03-31,0,CD_SUR
SKU_024,2025-04-07,53,CD_SUR
SKU_024,2025-04-14,0,CD_SUR
SKU_024,2025-04-21,0,CD_SUR
SKU_024,2025-04-28,0,CD_SUR
SKU_024,2025-05-05,0,CD_SUR
SKU_024,2025-05-12,0,CD_SUR
SKU_024,2025-05-19,0,CD_SUR
SKU_024,2025-05-26,0,CD_SUR
SKU_024,2025-06-02,0,CD_SUR
SKU_024,2025-06-09,0,CD_SUR
SKU_024,2025-06-16,0,CD_SUR
SKU_024,2025-06-23,0,CD_SUR
SKU_024,2025-06-30,0,CD_SUR
SKU_024,2025-07-07,0,CD_SUR
SKU_024,2025-07-14,0,CD_SUR
SKU_024,2025-07-21,0,CD_SUR
SKU_024,2025-07-28,0,CD_SUR
SKU_024,2025-08-04,0,CD_SUR
SKU_024,2025-08-11,0,CD_SUR
SKU_024,2025-08-18,60,CD_SUR
SKU_024,2025-08-25,0,CD_SUR
SKU_024,2025-09-01,67,CD_SUR
SKU_024,2025-09-08,53,CD_SUR
SKU_024,2025-09-15,0,CD_SUR
SKU_024,2025-09-22,52,CD_SUR
SKU_024,2025-09-29,53,CD_SUR
SKU_024,2025-10-06,64,CD_SUR
SKU_024,2025-10-13,59,CD_SUR
SKU_024,2025-10-20,0,CD_SUR
SKU_024,2025-10-27,0,CD_SUR
SKU_024,2025-11-03,0,CD_SUR
SKU_024,2025-11-10,0,CD_SUR
SKU_024,2025-11-17,67,CD_SUR
SKU_024,2025-11-24,0,CD_SUR
SKU_024,2025-12-01,0,CD_SUR
SKU_024,2025-12-08,0,CD_SUR
SKU_024,2025-12-15,0,CD_SUR
SKU_024,2025-12-22,0,CD_SUR
SKU_024,2025-12-29,0,CD_SUR
SKU_025,2024-01-08,0,CD_NORTE
SKU_025,2024-01-15,121,CD_NORTE
SKU_025,2024-01-22,0,CD_NORTE
SKU_025,2024-01-29,0,CD_NORTE
SKU_025,2024-02-05,0,CD_NORTE
SKU_025,2024-02-12,0,CD_NORTE
SKU_025,2024-02-19,0,CD_NORTE
SKU_025,2024-02-26,143,CD_NORTE
SKU_025,2024-03-04,95,CD_NORTE
SKU_025,2024-03-11,0,CD_NORTE
SKU_025,2024-03-18,0,CD_NORTE
SKU_025,2024-03-25,0,CD_NORTE
SKU_025,2024-04-01,0,CD_NORTE
SKU_025,2024-04-08,0,CD_NORTE
SKU_025,2024-04-15,0,CD_NORTE
SKU_025,2024-04-22,124,CD_NORTE
SKU_025,2024-04-29,145,CD_NORTE
SKU_025,2024-05-06,0,CD_NORTE
SKU_025,2024-05-13,118,CD_NORTE
SKU_025,2024-05-20,119,CD_NORTE
SKU_025,2024-05-27,0,CD_NORTE
SKU_025,2024-06-03,0,CD_NORTE
SKU_025,2024-06-10,0,CD_NORTE
SKU_025,2024-06-17,126,CD_NORTE
SKU_025,2024-06-24,115,CD_NORTE
SKU_025,2024-07-01,118,CD_NORTE
SKU_025,2024-07-08,0,CD_NORTE
SKU_025,2024-07-15,0,CD_NORTE
SKU_025,2024-07-22,0,CD_NORTE
SKU_025,2024-07-29,0,CD_NORTE
SKU_025,2024-08-05,0,CD_NORTE
SKU_025,2024-08-12,118,CD_NORTE
SKU_025,2024-08-19,0,CD_NORTE
SKU_025,2024-08-26,0,CD_NORTE
SKU_025,2024-09-02,0,CD_NORTE
SKU_025,2024-09-09,0,CD_NORTE
SKU_025,2024-09-16,114,CD_NORTE
SKU_025,2024-09-23,0,CD_NORTE
SKU_025,2024-09-30,0,CD_NORTE
SKU_025,2024-10-07,137,CD_NORTE
SKU_025,2024-10-14,128,CD_NORTE
SKU_025,2024-10-21,0,CD_NORTE
SKU_025,2024-10-28,0,CD_NORTE
SKU_025,2024-11-04,125,CD_NORTE
SKU_025,2024-11-11,0,CD_NORTE
SKU_025,2024-11-18,132,CD_NORTE
SKU_025,2024-11-25,0,CD_NORTE
SKU_025,2024-12-02,119,CD_NORTE
SKU_025,2024-12-09,113,CD_NORTE
SKU_025,2024-12-16,0,CD_NORTE
SKU_025,2024-12-23,115,CD_NORTE
SKU_025,2024-12-30,0,CD_NORTE
SKU_025,2025-01-06,122,CD_NORTE
SKU_025,2025-01-13,0,CD_NORTE
SKU_025,2025-01-20,109,CD_NORTE
SKU_025,2025-01-27,0,CD_NORTE
SKU_025,2025-02-03,0,CD_NORTE
SKU_025,2025-02-10,116,CD_NORTE
SKU_025,2025-02-17,0,CD_NORTE
SKU_025,2025-02-24,116,CD_NORTE
SKU_025,2025-03-03,0,CD_NORTE
SKU_025,2025-03-10,148,CD_NORTE
SKU_025,2025-03-17,0,CD_NORTE
SKU_025,2025-03-24,0,CD_NORTE
SKU_025,2025-03-31,0,CD_NORTE
SKU_025,2025-04-07,0,CD_NORTE
SKU_025,2025-04-14,0,CD_NORTE
SKU_025,2025-04-21,0,CD_NORTE
SKU_025,2025-04-28,0,CD_NORTE
SKU_025,2025-05-05,0,CD_NORTE
SKU_025,2025-05-12,88,CD_NORTE
SKU_025,2025-05-19,0,CD_NORTE
SKU_025,2025-05-26,0,CD_NORTE
SKU_025,2025-06-02,0,CD_NORTE
SKU_025,2025-06-09,0,CD_NORTE
SKU_025,2025-06-16,120,CD_NORTE
SKU_025,2025-06-23,0,CD_NORTE
SKU_025,2025-06-30,143,CD_NORTE
SKU_025,2025-07-07,123,CD_NORTE
SKU_025,2025-07-14,131,CD_NORTE
SKU_025,2025-07-21,0,CD_NORTE
SKU_025,2025-07-28,123,CD_NORTE
SKU_025,2025-08-04,114,CD_NORTE
SKU_025,2025-08-11,0,CD_NORTE
SKU_025,2025-08-18,95,CD_NORTE
SKU_025,2025-08-25,125,CD_NORTE
SKU_025,2025-09-01,113,CD_NORTE
SKU_025,2025-09-08,0,CD_NORTE
SKU_025,2025-09-15,0,CD_NORTE
SKU_025,2025-09-22,112,CD_NORTE
SKU_025,2025-09-29,0,CD_NORTE
SKU_025,2025-10-06,0,CD_NORTE
SKU_025,2025-10-13,0,CD_NORTE
SKU_025,2025-10-20,0,CD_NORTE
SKU_025,2025-10-27,0,CD_NORTE
SKU_025,2025-11-03,0,CD_NORTE
SKU_025,2025-11-10,116,CD_NORTE
SKU_025,2025-11-17,143,CD_NORTE
SKU_025,2025-11-24,0,CD_NORTE
SKU_025,2025-12-01,151,CD_NORTE
SKU_025,2025-12-08,0,CD_NORTE
SKU_025,2025-12-15,0,CD_NORTE
SKU_025,2025-12-22,0,CD_NORTE
SKU_025,2025-12-29,0,CD_NORTE
SKU_025,2024-01-08,0,CD_CENTRO
SKU_025,2024-01-15,119,CD_CENTRO
SKU_025,2024-01-22,0,CD_CENTRO
SKU_025,2024-01-29,0,CD_CENTRO
SKU_025,2024-02-05,0,CD_CENTRO
SKU_025,2024-02-12,0,CD_CENTRO
SKU_025,2024-02-19,0,CD_CENTRO
SKU_025,2024-02-26,0,CD_CENTRO
SKU_025,2024-03-04,0,CD_CENTRO
SKU_025,2024-03-11,0,CD_CENTRO
SKU_025,2024-03-18,138,CD_CENTRO
SKU_025,2024-03-25,0,CD_CENTRO
SKU_025,2024-04-01,0,CD_CENTRO
SKU_025,2024-04-08,120,CD_CENTRO
SKU_025,2024-04-15,0,CD_CENTRO
SKU_025,2024-04-22,0,CD_CENTRO
SKU_025,2024-04-29,129,CD_CENTRO
SKU_025,2024-05-06,0,CD_CENTRO
SKU_025,2024-05-13,0,CD_CENTRO
SKU_025,2024-05-20,0,CD_CENTRO
SKU_025,2024-05-27,0,CD_CENTRO
SKU_025,2024-06-03,0,CD_CENTRO
SKU_025,2024-06-10,0,CD_CENTRO
SKU_025,2024-06-17,0,CD_CENTRO
SKU_025,2024-06-24,149,CD_CENTRO
SKU_025,2024-07-01,0,CD_CENTRO
SKU_025,2024-07-08,121,CD_CENTRO
SKU_025,2024-07-15,0,CD_CENTRO
SKU_025,2024-07-22,0,CD_CENTRO
SKU_025,2024-07-29,0,CD_CENTRO
SKU_025,2024-08-05,0,CD_CENTRO
SKU_025,2024-08-12,110,CD_CENTRO
SKU_025,2024-08-19,116,CD_CENTRO
SKU_025,2024-08-26,143,CD_CENTRO
SKU_025,2024-09-02,0,CD_CENTRO
SKU_025,2024-09-09,0,CD_CENTRO
SKU_025,2024-09-16,133,CD_CENTRO
SKU_025,2024-09-23,0,CD_CENTRO
SKU_025,2024-09-30,0,CD_CENTRO
SKU_025,2024-10-07,0,CD_CENTRO
SKU_025,2024-10-14,0,CD_CENTRO
SKU_025,2024-10-21,0,CD_CENTRO
SKU_025,2024-10-28,128,CD_CENTRO
SKU_025,2024-11-04,0,CD_CENTRO
SKU_025,2024-11-11,0,CD_CENTRO
SKU_025,2024-11-18,0,CD_CENTRO
SKU_025,2024-11-25,0,CD_CENTRO
SKU_025,2024-12-02,123,CD_CENTRO
SKU_025,2024-12-09,0,CD_CENTRO
SKU_025,2024-12-16,0,CD_CENTRO
SKU_025,2024-12-23,0,CD_CENTRO
SKU_025,2024-12-30,0,CD_CENTRO
SKU_025,2025-01-06,0,CD_CENTRO
SKU_025,2025-01-13,0,CD_CENTRO
SKU_025,2025-01-20,0,CD_CENTRO
SKU_025,2025-01-27,0,CD_CENTRO
SKU_025,2025-02-03,0,CD_CENTRO
SKU_025,2025-02-10,136,CD_CENTRO
SKU_025,2025-02-17,119,CD_CENTRO
SKU_025,2025-02-24,134,CD_CENTRO
SKU_025,2025-03-03,0,CD_CENTRO
SKU_025,2025-03-10,0,CD_CENTRO
SKU_025,2025-03-17,0,CD_CENTRO
SKU_025,2025-03-24,0,CD_CENTRO
SKU_025,2025-03-31,120,CD_CENTRO
SKU_025,2025-04-07,0,CD_CENTRO
SKU_025,2025-04-14,0,CD_CENTRO
SKU_025,2025-04-21,0,CD_CENTRO
SKU_025,2025-04-28,118,CD_CENTRO
SKU_025,2025-05-05,122,CD_CENTRO
SKU_025,2025-05-12,0,CD_CENTRO
SKU_025,2025-05-19,0,CD_CENTRO
SKU_025,2025-05-26,125,CD_CENTRO
SKU_025,2025-06-02,0,CD_CENTRO
SKU_025,2025-06-09,0,CD_CENTRO
SKU_025,2025-06-16,0,CD_CENTRO
SKU_025,2025-06-23,0,CD_CENTRO
SKU_025,2025-06-30,129,CD_CENTRO
SKU_025,2025-07-07,0,CD_CENTRO
SKU_025,2025-07-14,0,CD_CENTRO
SKU_025,2025-07-21,0,CD_CENTRO
SKU_025,2025-07-28,0,CD_CENTRO
SKU_025,2025-08-04,0,CD_CENTRO
SKU_025,2025-08-11,0,CD_CENTRO
SKU_025,2025-08-18,0,CD_CENTRO
SKU_025,2025-08-25,0,CD_CENTRO
SKU_025,2025-09-01,133,CD_CENTRO
SKU_025,2025-09-08,0,CD_CENTRO
SKU_025,2025-09-15,91,CD_CENTRO
SKU_025,2025-09-22,120,CD_CENTRO
SKU_025,2025-09-29,0,CD_CENTRO
SKU_025,2025-10-06,0,CD_CENTRO
SKU_025,2025-10-13,0,CD_CENTRO
SKU_025,2025-10-20,0,CD_CENTRO
SKU_025,2025-10-27,125,CD_CENTRO
SKU_025,2025-11-03,0,CD_CENTRO
SKU_025,2025-11-10,0,CD_CENTRO
SKU_025,2025-11-17,0,CD_CENTRO
SKU_025,2025-11-24,0,CD_CENTRO
SKU_025,2025-12-01,150,CD_CENTRO
SKU_025,2025-12-08,0,CD_CENTRO
SKU_025,2025-12-15,0,CD_CENTRO
SKU_025,2025-12-22,0,CD_CENTRO
SKU_025,2025-12-29,0,CD_CENTRO
SKU_025,2024-01-08,0,CD_SUR
SKU_025,2024-01-15,70,CD_SUR
SKU_025,2024-01-22,90,CD_SUR
SKU_025,2024-01-29,78,CD_SUR
SKU_025,2024-02-05,72,CD_SUR
SKU_025,2024-02-12,71,CD_SUR
SKU_025,2024-02-19,0,CD_SUR
SKU_025,2024-02-26,0,CD_SUR
SKU_025,2024-03-04,0,CD_SUR
SKU_025,2024-03-11,81,CD_SUR
SKU_025,2024-03-18,0,CD_SUR
SKU_025,2024-03-25,0,CD_SUR
SKU_025,2024-04-01,0,CD_SUR
SKU_025,2024-04-08,68,CD_SUR
SKU_025,2024-04-15,76,CD_SUR
SKU_025,2024-04-22,81,CD_SUR
SKU_025,2024-04-29,88,CD_SUR
SKU_025,2024-05-06,0,CD_SUR
SKU_025,2024-05-13,83,CD_SUR
SKU_025,2024-05-20,72,CD_SUR
SKU_025,2024-05-27,0,CD_SUR
SKU_025,2024-06-03,0,CD_SUR
SKU_025,2024-06-10,0,CD_SUR
SKU_025,2024-06-17,0,CD_SUR
SKU_025,2024-06-24,0,CD_SUR
SKU_025,2024-07-01,87,CD_SUR
SKU_025,2024-07-08,0,CD_SUR
SKU_025,2024-07-15,0,CD_SUR
SKU_025,2024-07-22,0,CD_SUR
SKU_025,2024-07-29,76,CD_SUR
SKU_025,2024-08-05,0,CD_SUR
SKU_025,2024-08-12,0,CD_SUR
SKU_025,2024-08-19,0,CD_SUR
SKU_025,2024-08-26,68,CD_SUR
SKU_025,2024-09-02,77,CD_SUR
SKU_025,2024-09-09,0,CD_SUR
SKU_025,2024-09-16,0,CD_SUR
SKU_025,2024-09-23,0,CD_SUR
SKU_025,2024-09-30,89,CD_SUR
SKU_025,2024-10-07,79,CD_SUR
SKU_025,2024-10-14,0,CD_SUR
SKU_025,2024-10-21,0,CD_SUR
SKU_025,2024-10-28,0,CD_SUR
SKU_025,2024-11-04,0,CD_SUR
SKU_025,2024-11-11,0,CD_SUR
SKU_025,2024-11-18,0,CD_SUR
SKU_025,2024-11-25,0,CD_SUR
SKU_025,2024-12-02,0,CD_SUR
SKU_025,2024-12-09,78,CD_SUR
SKU_025,2024-12-16,0,CD_SUR
SKU_025,2024-12-23,0,CD_SUR
SKU_025,2024-12-30,0,CD_SUR
SKU_025,2025-01-06,0,CD_SUR
SKU_025,2025-01-13,91,CD_SUR
SKU_025,2025-01-20,0,CD_SUR
SKU_025,2025-01-27,0,CD_SUR
SKU_025,2025-02-03,0,CD_SUR
SKU_025,2025-02-10,67,CD_SUR
SKU_025,2025-02-17,68,CD_SUR
SKU_025,2025-02-24,0,CD_SUR
SKU_025,2025-03-03,0,CD_SUR
SKU_025,2025-03-10,0,CD_SUR
SKU_025,2025-03-17,65,CD_SUR
SKU_025,2025-03-24,0,CD_SUR
SKU_025,2025-03-31,81,CD_SUR
SKU_025,2025-04-07,79,CD_SUR
SKU_025,2025-04-14,0,CD_SUR
SKU_025,2025-04-21,0,CD_SUR
SKU_025,2025-04-28,90,CD_SUR
SKU_025,2025-05-05,80,CD_SUR
SKU_025,2025-05-12,75,CD_SUR
SKU_025,2025-05-19,0,CD_SUR
SKU_025,2025-05-26,0,CD_SUR
SKU_025,2025-06-02,0,CD_SUR
SKU_025,2025-06-09,0,CD_SUR
SKU_025,2025-06-16,0,CD_SUR
SKU_025,2025-06-23,78,CD_SUR
SKU_025,2025-06-30,0,CD_SUR
SKU_025,2025-07-07,0,CD_SUR
SKU_025,2025-07-14,79,CD_SUR
SKU_025,2025-07-21,65,CD_SUR
SKU_025,2025-07-28,99,CD_SUR
SKU_025,2025-08-04,82,CD_SUR
SKU_025,2025-08-11,0,CD_SUR
SKU_025,2025-08-18,0,CD_SUR
SKU_025,2025-08-25,0,CD_SUR
SKU_025,2025-09-01,0,CD_SUR
SKU_025,2025-09-08,0,CD_SUR
SKU_025,2025-09-15,0,CD_SUR
SKU_025,2025-09-22,80,CD_SUR
SKU_025,2025-09-29,83,CD_SUR
SKU_025,2025-10-06,0,CD_SUR
SKU_025,2025-10-13,84,CD_SUR
SKU_025,2025-10-20,77,CD_SUR
SKU_025,2025-10-27,0,CD_SUR
SKU_025,2025-11-03,0,CD_SUR
SKU_025,2025-11-10,73,CD_SUR
SKU_025,2025-11-17,0,CD_SUR
SKU_025,2025-11-24,0,CD_SUR
SKU_025,2025-12-01,83,CD_SUR
SKU_025,2025-12-08,81,CD_SUR
SKU_025,2025-12-15,0,CD_SUR
SKU_025,2025-12-22,0,CD_SUR
SKU_025,2025-12-29,72,CD_SUR
SKU_026,2024-01-08,0,CD_NORTE
SKU_026,2024-01-15,122,CD_NORTE
SKU_026,2024-01-22,0,CD_NORTE
SKU_026,2024-01-29,123,CD_NORTE
SKU_026,2024-02-05,127,CD_NORTE
SKU_026,2024-02-12,0,CD_NORTE
SKU_026,2024-02-19,116,CD_NORTE
SKU_026,2024-02-26,108,CD_NORTE
SKU_026,2024-03-04,0,CD_NORTE
SKU_026,2024-03-11,0,CD_NORTE
SKU_026,2024-03-18,0,CD_NORTE
SKU_026,2024-03-25,122,CD_NORTE
SKU_026,2024-04-01,0,CD_NORTE
SKU_026,2024-04-08,132,CD_NORTE
SKU_026,2024-04-15,0,CD_NORTE
SKU_026,2024-04-22,0,CD_NORTE
SKU_026,2024-04-29,0,CD_NORTE
SKU_026,2024-05-06,0,CD_NORTE
SKU_026,2024-05-13,0,CD_NORTE
SKU_026,2024-05-20,0,CD_NORTE
SKU_026,2024-05-27,0,CD_NORTE
SKU_026,2024-06-03,0,CD_NORTE
SKU_026,2024-06-10,0,CD_NORTE
SKU_026,2024-06-17,0,CD_NORTE
SKU_026,2024-06-24,120,CD_NORTE
SKU_026,2024-07-01,128,CD_NORTE
SKU_026,2024-07-08,0,CD_NORTE
SKU_026,2024-07-15,0,CD_NORTE
SKU_026,2024-07-22,0,CD_NORTE
SKU_026,2024-07-29,100,CD_NORTE
SKU_026,2024-08-05,123,CD_NORTE
SKU_026,2024-08-12,0,CD_NORTE
SKU_026,2024-08-19,0,CD_NORTE
SKU_026,2024-08-26,118,CD_NORTE
SKU_026,2024-09-02,0,CD_NORTE
SKU_026,2024-09-09,0,CD_NORTE
SKU_026,2024-09-16,0,CD_NORTE
SKU_026,2024-09-23,0,CD_NORTE
SKU_026,2024-09-30,0,CD_NORTE
SKU_026,2024-10-07,0,CD_NORTE
SKU_026,2024-10-14,0,CD_NORTE
SKU_026,2024-10-21,107,CD_NORTE
SKU_026,2024-10-28,0,CD_NORTE
SKU_026,2024-11-04,131,CD_NORTE
SKU_026,2024-11-11,146,CD_NORTE
SKU_026,2024-11-18,0,CD_NORTE
SKU_026,2024-11-25,0,CD_NORTE
SKU_026,2024-12-02,0,CD_NORTE
SKU_026,2024-12-09,0,CD_NORTE
SKU_026,2024-12-16,0,CD_NORTE
SKU_026,2024-12-23,0,CD_NORTE
SKU_026,2024-12-30,0,CD_NORTE
SKU_026,2025-01-06,0,CD_NORTE
SKU_026,2025-01-13,135,CD_NORTE
SKU_026,2025-01-20,0,CD_NORTE
SKU_026,2025-01-27,0,CD_NORTE
SKU_026,2025-02-03,0,CD_NORTE
SKU_026,2025-02-10,0,CD_NORTE
SKU_026,2025-02-17,0,CD_NORTE
SKU_026,2025-02-24,0,CD_NORTE
SKU_026,2025-03-03,0,CD_NORTE
SKU_026,2025-03-10,0,CD_NORTE
SKU_026,2025-03-17,136,CD_NORTE
SKU_026,2025-03-24,0,CD_NORTE
SKU_026,2025-03-31,0,CD_NORTE
SKU_026,2025-04-07,132,CD_NORTE
SKU_026,2025-04-14,0,CD_NORTE
SKU_026,2025-04-21,0,CD_NORTE
SKU_026,2025-04-28,131,CD_NORTE
SKU_026,2025-05-05,101,CD_NORTE
SKU_026,2025-05-12,0,CD_NORTE
SKU_026,2025-05-19,0,CD_NORTE
SKU_026,2025-05-26,0,CD_NORTE
SKU_026,2025-06-02,0,CD_NORTE
SKU_026,2025-06-09,0,CD_NORTE
SKU_026,2025-06-16,0,CD_NORTE
SKU_026,2025-06-23,0,CD_NORTE
SKU_026,2025-06-30,0,CD_NORTE
SKU_026,2025-07-07,121,CD_NORTE
SKU_026,2025-07-14,0,CD_NORTE
SKU_026,2025-07-21,0,CD_NORTE
SKU_026,2025-07-28,129,CD_NORTE
SKU_026,2025-08-04,130,CD_NORTE
SKU_026,2025-08-11,0,CD_NORTE
SKU_026,2025-08-18,139,CD_NORTE
SKU_026,2025-08-25,110,CD_NORTE
SKU_026,2025-09-01,0,CD_NORTE
SKU_026,2025-09-08,0,CD_NORTE
SKU_026,2025-09-15,0,CD_NORTE
SKU_026,2025-09-22,0,CD_NORTE
SKU_026,2025-09-29,0,CD_NORTE
SKU_026,2025-10-06,0,CD_NORTE
SKU_026,2025-10-13,130,CD_NORTE
SKU_026,2025-10-20,0,CD_NORTE
SKU_026,2025-10-27,0,CD_NORTE
SKU_026,2025-11-03,0,CD_NORTE
SKU_026,2025-11-10,0,CD_NORTE
SKU_026,2025-11-17,0,CD_NORTE
SKU_026,2025-11-24,0,CD_NORTE
SKU_026,2025-12-01,0,CD_NORTE
SKU_026,2025-12-08,0,CD_NORTE
SKU_026,2025-12-15,0,CD_NORTE
SKU_026,2025-12-22,0,CD_NORTE
SKU_026,2025-12-29,0,CD_NORTE
SKU_026,2024-01-08,0,CD_CENTRO
SKU_026,2024-01-15,0,CD_CENTRO
SKU_026,2024-01-22,0,CD_CENTRO
SKU_026,2024-01-29,0,CD_CENTRO
SKU_026,2024-02-05,0,CD_CENTRO
SKU_026,2024-02-12,0,CD_CENTRO
SKU_026,2024-02-19,0,CD_CENTRO
SKU_026,2024-02-26,0,CD_CENTRO
SKU_026,2024-03-04,0,CD_CENTRO
SKU_026,2024-03-11,0,CD_CENTRO
SKU_026,2024-03-18,0,CD_CENTRO
SKU_026,2024-03-25,80,CD_CENTRO
SKU_026,2024-04-01,0,CD_CENTRO
SKU_026,2024-04-08,0,CD_CENTRO
SKU_026,2024-04-15,0,CD_CENTRO
SKU_026,2024-04-22,0,CD_CENTRO
SKU_026,2024-04-29,0,CD_CENTRO
SKU_026,2024-05-06,0,CD_CENTRO
SKU_026,2024-05-13,0,CD_CENTRO
SKU_026,2024-05-20,0,CD_CENTRO
SKU_026,2024-05-27,0,CD_CENTRO
SKU_026,2024-06-03,0,CD_CENTRO
SKU_026,2024-06-10,0,CD_CENTRO
SKU_026,2024-06-17,0,CD_CENTRO
SKU_026,2024-06-24,72,CD_CENTRO
SKU_026,2024-07-01,0,CD_CENTRO
SKU_026,2024-07-08,78,CD_CENTRO
SKU_026,2024-07-15,55,CD_CENTRO
SKU_026,2024-07-22,0,CD_CENTRO
SKU_026,2024-07-29,0,CD_CENTRO
SKU_026,2024-08-05,53,CD_CENTRO
SKU_026,2024-08-12,0,CD_CENTRO
SKU_026,2024-08-19,64,CD_CENTRO
SKU_026,2024-08-26,0,CD_CENTRO
SKU_026,2024-09-02,0,CD_CENTRO
SKU_026,2024-09-09,0,CD_CENTRO
SKU_026,2024-09-16,0,CD_CENTRO
SKU_026,2024-09-23,0,CD_CENTRO
SKU_026,2024-09-30,0,CD_CENTRO
SKU_026,2024-10-07,0,CD_CENTRO
SKU_026,2024-10-14,0,CD_CENTRO
SKU_026,2024-10-21,0,CD_CENTRO
SKU_026,2024-10-28,0,CD_CENTRO
SKU_026,2024-11-04,0,CD_CENTRO
SKU_026,2024-11-11,0,CD_CENTRO
SKU_026,2024-11-18,74,CD_CENTRO
SKU_026,2024-11-25,0,CD_CENTRO
SKU_026,2024-12-02,0,CD_CENTRO
SKU_026,2024-12-09,0,CD_CENTRO
SKU_026,2024-12-16,0,CD_CENTRO
SKU_026,2024-12-23,0,CD_CENTRO
SKU_026,2024-12-30,84,CD_CENTRO
SKU_026,2025-01-06,0,CD_CENTRO
SKU_026,2025-01-13,0,CD_CENTRO
SKU_026,2025-01-20,0,CD_CENTRO
SKU_026,2025-01-27,0,CD_CENTRO
SKU_026,2025-02-03,0,CD_CENTRO
SKU_026,2025-02-10,0,CD_CENTRO
SKU_026,2025-02-17,0,CD_CENTRO
SKU_026,2025-02-24,65,CD_CENTRO
SKU_026,2025-03-03,0,CD_CENTRO
SKU_026,2025-03-10,0,CD_CENTRO
SKU_026,2025-03-17,0,CD_CENTRO
SKU_026,2025-03-24,67,CD_CENTRO
SKU_026,2025-03-31,0,CD_CENTRO
SKU_026,2025-04-07,0,CD_CENTRO
SKU_026,2025-04-14,0,CD_CENTRO
SKU_026,2025-04-21,0,CD_CENTRO
SKU_026,2025-04-28,0,CD_CENTRO
SKU_026,2025-05-05,0,CD_CENTRO
SKU_026,2025-05-12,0,CD_CENTRO
SKU_026,2025-05-19,0,CD_CENTRO
SKU_026,2025-05-26,74,CD_CENTRO
SKU_026,2025-06-02,69,CD_CENTRO
SKU_026,2025-06-09,0,CD_CENTRO
SKU_026,2025-06-16,69,CD_CENTRO
SKU_026,2025-06-23,0,CD_CENTRO
SKU_026,2025-06-30,70,CD_CENTRO
SKU_026,2025-07-07,83,CD_CENTRO
SKU_026,2025-07-14,0,CD_CENTRO
SKU_026,2025-07-21,81,CD_CENTRO
SKU_026,2025-07-28,0,CD_CENTRO
SKU_026,2025-08-04,73,CD_CENTRO
SKU_026,2025-08-11,0,CD_CENTRO
SKU_026,2025-08-18,0,CD_CENTRO
SKU_026,2025-08-25,0,CD_CENTRO
SKU_026,2025-09-01,0,CD_CENTRO
SKU_026,2025-09-08,85,CD_CENTRO
SKU_026,2025-09-15,0,CD_CENTRO
SKU_026,2025-09-22,0,CD_CENTRO
SKU_026,2025-09-29,0,CD_CENTRO
SKU_026,2025-10-06,0,CD_CENTRO
SKU_026,2025-10-13,0,CD_CENTRO
SKU_026,2025-10-20,0,CD_CENTRO
SKU_026,2025-10-27,0,CD_CENTRO
SKU_026,2025-11-03,0,CD_CENTRO
SKU_026,2025-11-10,77,CD_CENTRO
SKU_026,2025-11-17,0,CD_CENTRO
SKU_026,2025-11-24,81,CD_CENTRO
SKU_026,2025-12-01,0,CD_CENTRO
SKU_026,2025-12-08,0,CD_CENTRO
SKU_026,2025-12-15,0,CD_CENTRO
SKU_026,2025-12-22,0,CD_CENTRO
SKU_026,2025-12-29,0,CD_CENTRO
SKU_026,2024-01-08,111,CD_SUR
SKU_026,2024-01-15,0,CD_SUR
SKU_026,2024-01-22,0,CD_SUR
SKU_026,2024-01-29,0,CD_SUR
SKU_026,2024-02-05,0,CD_SUR
SKU_026,2024-02-12,0,CD_SUR
SKU_026,2024-02-19,108,CD_SUR
SKU_026,2024-02-26,0,CD_SUR
SKU_026,2024-03-04,0,CD_SUR
SKU_026,2024-03-11,0,CD_SUR
SKU_026,2024-03-18,0,CD_SUR
SKU_026,2024-03-25,149,CD_SUR
SKU_026,2024-04-01,0,CD_SUR
SKU_026,2024-04-08,103,CD_SUR
SKU_026,2024-04-15,141,CD_SUR
SKU_026,2024-04-22,0,CD_SUR
SKU_026,2024-04-29,0,CD_SUR
SKU_026,2024-05-06,0,CD_SUR
SKU_026,2024-05-13,0,CD_SUR
SKU_026,2024-05-20,0,CD_SUR
SKU_026,2024-05-27,0,CD_SUR
SKU_026,2024-06-03,0,CD_SUR
SKU_026,2024-06-10,0,CD_SUR
SKU_026,2024-06-17,0,CD_SUR
SKU_026,2024-06-24,0,CD_SUR
SKU_026,2024-07-01,0,CD_SUR
SKU_026,2024-07-08,0,CD_SUR
SKU_026,2024-07-15,0,CD_SUR
SKU_026,2024-07-22,0,CD_SUR
SKU_026,2024-07-29,131,CD_SUR
SKU_026,2024-08-05,0,CD_SUR
SKU_026,2024-08-12,0,CD_SUR
SKU_026,2024-08-19,0,CD_SUR
SKU_026,2024-08-26,0,CD_SUR
SKU_026,2024-09-02,0,CD_SUR
SKU_026,2024-09-09,0,CD_SUR
SKU_026,2024-09-16,0,CD_SUR
SKU_026,2024-09-23,0,CD_SUR
SKU_026,2024-09-30,123,CD_SUR
SKU_026,2024-10-07,0,CD_SUR
SKU_026,2024-10-14,0,CD_SUR
SKU_026,2024-10-21,0,CD_SUR
SKU_026,2024-10-28,0,CD_SUR
SKU_026,2024-11-04,0,CD_SUR
SKU_026,2024-11-11,0,CD_SUR
SKU_026,2024-11-18,129,CD_SUR
SKU_026,2024-11-25,0,CD_SUR
SKU_026,2024-12-02,0,CD_SUR
SKU_026,2024-12-09,0,CD_SUR
SKU_026,2024-12-16,118,CD_SUR
SKU_026,2024-12-23,0,CD_SUR
SKU_026,2024-12-30,131,CD_SUR
SKU_026,2025-01-06,0,CD_SUR
SKU_026,2025-01-13,135,CD_SUR
SKU_026,2025-01-20,0,CD_SUR
SKU_026,2025-01-27,0,CD_SUR
SKU_026,2025-02-03,129,CD_SUR
SKU_026,2025-02-10,127,CD_SUR
SKU_026,2025-02-17,0,CD_SUR
SKU_026,2025-02-24,138,CD_SUR
SKU_026,2025-03-03,0,CD_SUR
SKU_026,2025-03-10,0,CD_SUR
SKU_026,2025-03-17,0,CD_SUR
SKU_026,2025-03-24,0,CD_SUR
SKU_026,2025-03-31,157,CD_SUR
SKU_026,2025-04-07,0,CD_SUR
SKU_026,2025-04-14,0,CD_SUR
SKU_026,2025-04-21,0,CD_SUR
SKU_026,2025-04-28,0,CD_SUR
SKU_026,2025-05-05,0,CD_SUR
SKU_026,2025-05-12,131,CD_SUR
SKU_026,2025-05-19,0,CD_SUR
SKU_026,2025-05-26,0,CD_SUR
SKU_026,2025-06-02,0,CD_SUR
SKU_026,2025-06-09,0,CD_SUR
SKU_026,2025-06-16,0,CD_SUR
SKU_026,2025-06-23,146,CD_SUR
SKU_026,2025-06-30,0,CD_SUR
SKU_026,2025-07-07,0,CD_SUR
SKU_026,2025-07-14,0,CD_SUR
SKU_026,2025-07-21,0,CD_SUR
SKU_026,2025-07-28,0,CD_SUR
SKU_026,2025-08-04,0,CD_SUR
SKU_026,2025-08-11,0,CD_SUR
SKU_026,2025-08-18,122,CD_SUR
SKU_026,2025-08-25,0,CD_SUR
SKU_026,2025-09-01,0,CD_SUR
SKU_026,2025-09-08,0,CD_SUR
SKU_026,2025-09-15,0,CD_SUR
SKU_026,2025-09-22,0,CD_SUR
SKU_026,2025-09-29,117,CD_SUR
SKU_026,2025-10-06,0,CD_SUR
SKU_026,2025-10-13,0,CD_SUR
SKU_026,2025-10-20,0,CD_SUR
SKU_026,2025-10-27,0,CD_SUR
SKU_026,2025-11-03,0,CD_SUR
SKU_026,2025-11-10,141,CD_SUR
SKU_026,2025-11-17,132,CD_SUR
SKU_026,2025-11-24,0,CD_SUR
SKU_026,2025-12-01,0,CD_SUR
SKU_026,2025-12-08,0,CD_SUR
SKU_026,2025-12-15,0,CD_SUR
SKU_026,2025-12-22,0,CD_SUR
SKU_026,2025-12-29,0,CD_SUR
SKU_027,2024-01-08,0,CD_NORTE
SKU_027,2024-01-15,135,CD_NORTE
SKU_027,2024-01-22,124,CD_NORTE
SKU_027,2024-01-29,0,CD_NORTE
SKU_027,2024-02-05,0,CD_NORTE
SKU_027,2024-02-12,143,CD_NORTE
SKU_027,2024-02-19,102,CD_NORTE
SKU_027,2024-02-26,0,CD_NORTE
SKU_027,2024-03-04,0,CD_NORTE
SKU_027,2024-03-11,0,CD_NORTE
SKU_027,2024-03-18,0,CD_NORTE
SKU_027,2024-03-25,120,CD_NORTE
SKU_027,2024-04-01,0,CD_NORTE
SKU_027,2024-04-08,110,CD_NORTE
SKU_027,2024-04-15,0,CD_NORTE
SKU_027,2024-04-22,0,CD_NORTE
SKU_027,2024-04-29,0,CD_NORTE
SKU_027,2024-05-06,128,CD_NORTE
SKU_027,2024-05-13,101,CD_NORTE
SKU_027,2024-05-20,0,CD_NORTE
SKU_027,2024-05-27,0,CD_NORTE
SKU_027,2024-06-03,0,CD_NORTE
SKU_027,2024-06-10,125,CD_NORTE
SKU_027,2024-06-17,113,CD_NORTE
SKU_027,2024-06-24,0,CD_NORTE
SKU_027,2024-07-01,112,CD_NORTE
SKU_027,2024-07-08,0,CD_NORTE
SKU_027,2024-07-15,0,CD_NORTE
SKU_027,2024-07-22,0,CD_NORTE
SKU_027,2024-07-29,0,CD_NORTE
SKU_027,2024-08-05,0,CD_NORTE
SKU_027,2024-08-12,103,CD_NORTE
SKU_027,2024-08-19,0,CD_NORTE
SKU_027,2024-08-26,115,CD_NORTE
SKU_027,2024-09-02,0,CD_NORTE
SKU_027,2024-09-09,134,CD_NORTE
SKU_027,2024-09-16,0,CD_NORTE
SKU_027,2024-09-23,121,CD_NORTE
SKU_027,2024-09-30,129,CD_NORTE
SKU_027,2024-10-07,0,CD_NORTE
SKU_027,2024-10-14,141,CD_NORTE
SKU_027,2024-10-21,0,CD_NORTE
SKU_027,2024-10-28,0,CD_NORTE
SKU_027,2024-11-04,124,CD_NORTE
SKU_027,2024-11-11,0,CD_NORTE
SKU_027,2024-11-18,114,CD_NORTE
SKU_027,2024-11-25,127,CD_NORTE
SKU_027,2024-12-02,0,CD_NORTE
SKU_027,2024-12-09,0,CD_NORTE
SKU_027,2024-12-16,114,CD_NORTE
SKU_027,2024-12-23,0,CD_NORTE
SKU_027,2024-12-30,0,CD_NORTE
SKU_027,2025-01-06,0,CD_NORTE
SKU_027,2025-01-13,115,CD_NORTE
SKU_027,2025-01-20,0,CD_NORTE
SKU_027,2025-01-27,0,CD_NORTE
SKU_027,2025-02-03,0,CD_NORTE
SKU_027,2025-02-10,0,CD_NORTE
SKU_027,2025-02-17,0,CD_NORTE
SKU_027,2025-02-24,103,CD_NORTE
SKU_027,2025-03-03,0,CD_NORTE
SKU_027,2025-03-10,0,CD_NORTE
SKU_027,2025-03-17,132,CD_NORTE
SKU_027,2025-03-24,0,CD_NORTE
SKU_027,2025-03-31,0,CD_NORTE
SKU_027,2025-04-07,0,CD_NORTE
SKU_027,2025-04-14,0,CD_NORTE
SKU_027,2025-04-21,116,CD_NORTE
SKU_027,2025-04-28,0,CD_NORTE
SKU_027,2025-05-05,0,CD_NORTE
SKU_027,2025-05-12,0,CD_NORTE
SKU_027,2025-05-19,0,CD_NORTE
SKU_027,2025-05-26,0,CD_NORTE
SKU_027,2025-06-02,0,CD_NORTE
SKU_027,2025-06-09,0,CD_NORTE
SKU_027,2025-06-16,0,CD_NORTE
SKU_027,2025-06-23,0,CD_NORTE
SKU_027,2025-06-30,0,CD_NORTE
SKU_027,2025-07-07,123,CD_NORTE
SKU_027,2025-07-14,108,CD_NORTE
SKU_027,2025-07-21,0,CD_NORTE
SKU_027,2025-07-28,126,CD_NORTE
SKU_027,2025-08-04,0,CD_NORTE
SKU_027,2025-08-11,112,CD_NORTE
SKU_027,2025-08-18,0,CD_NORTE
SKU_027,2025-08-25,119,CD_NORTE
SKU_027,2025-09-01,132,CD_NORTE
SKU_027,2025-09-08,0,CD_NORTE
SKU_027,2025-09-15,0,CD_NORTE
SKU_027,2025-09-22,0,CD_NORTE
SKU_027,2025-09-29,0,CD_NORTE
SKU_027,2025-10-06,0,CD_NORTE
SKU_027,2025-10-13,131,CD_NORTE
SKU_027,2025-10-20,0,CD_NORTE
SKU_027,2025-10-27,0,CD_NORTE
SKU_027,2025-11-03,0,CD_NORTE
SKU_027,2025-11-10,121,CD_NORTE
SKU_027,2025-11-17,0,CD_NORTE
SKU_027,2025-11-24,100,CD_NORTE
SKU_027,2025-12-01,0,CD_NORTE
SKU_027,2025-12-08,0,CD_NORTE
SKU_027,2025-12-15,157,CD_NORTE
SKU_027,2025-12-22,0,CD_NORTE
SKU_027,2025-12-29,142,CD_NORTE
SKU_027,2024-01-08,0,CD_CENTRO
SKU_027,2024-01-15,0,CD_CENTRO
SKU_027,2024-01-22,0,CD_CENTRO
SKU_027,2024-01-29,0,CD_CENTRO
SKU_027,2024-02-05,0,CD_CENTRO
SKU_027,2024-02-12,95,CD_CENTRO
SKU_027,2024-02-19,0,CD_CENTRO
SKU_027,2024-02-26,0,CD_CENTRO
SKU_027,2024-03-04,78,CD_CENTRO
SKU_027,2024-03-11,0,CD_CENTRO
SKU_027,2024-03-18,0,CD_CENTRO
SKU_027,2024-03-25,0,CD_CENTRO
SKU_027,2024-04-01,0,CD_CENTRO
SKU_027,2024-04-08,0,CD_CENTRO
SKU_027,2024-04-15,0,CD_CENTRO
SKU_027,2024-04-22,0,CD_CENTRO
SKU_027,2024-04-29,92,CD_CENTRO
SKU_027,2024-05-06,0,CD_CENTRO
SKU_027,2024-05-13,0,CD_CENTRO
SKU_027,2024-05-20,78,CD_CENTRO
SKU_027,2024-05-27,68,CD_CENTRO
SKU_027,2024-06-03,0,CD_CENTRO
SKU_027,2024-06-10,0,CD_CENTRO
SKU_027,2024-06-17,106,CD_CENTRO
SKU_027,2024-06-24,0,CD_CENTRO
SKU_027,2024-07-01,0,CD_CENTRO
SKU_027,2024-07-08,91,CD_CENTRO
SKU_027,2024-07-15,0,CD_CENTRO
SKU_027,2024-07-22,0,CD_CENTRO
SKU_027,2024-07-29,0,CD_CENTRO
SKU_027,2024-08-05,0,CD_CENTRO
SKU_027,2024-08-12,107,CD_CENTRO
SKU_027,2024-08-19,0,CD_CENTRO
SKU_027,2024-08-26,80,CD_CENTRO
SKU_027,2024-09-02,0,CD_CENTRO
SKU_027,2024-09-09,0,CD_CENTRO
SKU_027,2024-09-16,0,CD_CENTRO
SKU_027,2024-09-23,0,CD_CENTRO
SKU_027,2024-09-30,0,CD_CENTRO
SKU_027,2024-10-07,0,CD_CENTRO
SKU_027,2024-10-14,0,CD_CENTRO
SKU_027,2024-10-21,0,CD_CENTRO
SKU_027,2024-10-28,0,CD_CENTRO
SKU_027,2024-11-04,0,CD_CENTRO
SKU_027,2024-11-11,0,CD_CENTRO
SKU_027,2024-11-18,0,CD_CENTRO
SKU_027,2024-11-25,0,CD_CENTRO
SKU_027,2024-12-02,0,CD_CENTRO
SKU_027,2024-12-09,0,CD_CENTRO
SKU_027,2024-12-16,0,CD_CENTRO
SKU_027,2024-12-23,0,CD_CENTRO
SKU_027,2024-12-30,0,CD_CENTRO
SKU_027,2025-01-06,0,CD_CENTRO
SKU_027,2025-01-13,0,CD_CENTRO
SKU_027,2025-01-20,93,CD_CENTRO
SKU_027,2025-01-27,97,CD_CENTRO
SKU_027,2025-02-03,0,CD_CENTRO
SKU_027,2025-02-10,0,CD_CENTRO
SKU_027,2025-02-17,0,CD_CENTRO
SKU_027,2025-02-24,87,CD_CENTRO
SKU_027,2025-03-03,0,CD_CENTRO
SKU_027,2025-03-10,76,CD_CENTRO
SKU_027,2025-03-17,0,CD_CENTRO
SKU_027,2025-03-24,0,CD_CENTRO
SKU_027,2025-03-31,87,CD_CENTRO
SKU_027,2025-04-07,0,CD_CENTRO
SKU_027,2025-04-14,0,CD_CENTRO
SKU_027,2025-04-21,0,CD_CENTRO
SKU_027,2025-04-28,0,CD_CENTRO
SKU_027,2025-05-05,0,CD_CENTRO
SKU_027,2025-05-12,95,CD_CENTRO
SKU_027,2025-05-19,0,CD_CENTRO
SKU_027,2025-05-26,0,CD_CENTRO
SKU_027,2025-06-02,0,CD_CENTRO
SKU_027,2025-06-09,0,CD_CENTRO
SKU_027,2025-06-16,0,CD_CENTRO
SKU_027,2025-06-23,0,CD_CENTRO
SKU_027,2025-06-30,0,CD_CENTRO
SKU_027,2025-07-07,0,CD_CENTRO
SKU_027,2025-07-14,0,CD_CENTRO
SKU_027,2025-07-21,0,CD_CENTRO
SKU_027,2025-07-28,0,CD_CENTRO
SKU_027,2025-08-04,0,CD_CENTRO
SKU_027,2025-08-11,0,CD_CENTRO
SKU_027,2025-08-18,0,CD_CENTRO
SKU_027,2025-08-25,94,CD_CENTRO
SKU_027,2025-09-01,0,CD_CENTRO
SKU_027,2025-09-08,0,CD_CENTRO
SKU_027,2025-09-15,0,CD_CENTRO
SKU_027,2025-09-22,0,CD_CENTRO
SKU_027,2025-09-29,89,CD_CENTRO
SKU_027,2025-10-06,0,CD_CENTRO
SKU_027,2025-10-13,0,CD_CENTRO
SKU_027,2025-10-20,0,CD_CENTRO
SKU_027,2025-10-27,0,CD_CENTRO
SKU_027,2025-11-03,97,CD_CENTRO
SKU_027,2025-11-10,97,CD_CENTRO
SKU_027,2025-11-17,0,CD_CENTRO
SKU_027,2025-11-24,0,CD_CENTRO
SKU_027,2025-12-01,0,CD_CENTRO
SKU_027,2025-12-08,0,CD_CENTRO
SKU_027,2025-12-15,0,CD_CENTRO
SKU_027,2025-12-22,0,CD_CENTRO
SKU_027,2025-12-29,84,CD_CENTRO
SKU_027,2024-01-08,0,CD_SUR
SKU_027,2024-01-15,0,CD_SUR
SKU_027,2024-01-22,0,CD_SUR
SKU_027,2024-01-29,91,CD_SUR
SKU_027,2024-02-05,129,CD_SUR
SKU_027,2024-02-12,0,CD_SUR
SKU_027,2024-02-19,0,CD_SUR
SKU_027,2024-02-26,0,CD_SUR
SKU_027,2024-03-04,0,CD_SUR
SKU_027,2024-03-11,0,CD_SUR
SKU_027,2024-03-18,0,CD_SUR
SKU_027,2024-03-25,0,CD_SUR
SKU_027,2024-04-01,0,CD_SUR
SKU_027,2024-04-08,0,CD_SUR
SKU_027,2024-04-15,0,CD_SUR
SKU_027,2024-04-22,122,CD_SUR
SKU_027,2024-04-29,0,CD_SUR
SKU_027,2024-05-06,106,CD_SUR
SKU_027,2024-05-13,0,CD_SUR
SKU_027,2024-05-20,0,CD_SUR
SKU_027,2024-05-27,0,CD_SUR
SKU_027,2024-06-03,0,CD_SUR
SKU_027,2024-06-10,131,CD_SUR
SKU_027,2024-06-17,0,CD_SUR
SKU_027,2024-06-24,0,CD_SUR
SKU_027,2024-07-01,113,CD_SUR
SKU_027,2024-07-08,0,CD_SUR
SKU_027,2024-07-15,0,CD_SUR
SKU_027,2024-07-22,0,CD_SUR
SKU_027,2024-07-29,0,CD_SUR
SKU_027,2024-08-05,0,CD_SUR
SKU_027,2024-08-12,0,CD_SUR
SKU_027,2024-08-19,0,CD_SUR
SKU_027,2024-08-26,0,CD_SUR
SKU_027,2024-09-02,0,CD_SUR
SKU_027,2024-09-09,0,CD_SUR
SKU_027,2024-09-16,97,CD_SUR
SKU_027,2024-09-23,108,CD_SUR
SKU_027,2024-09-30,0,CD_SUR
SKU_027,2024-10-07,0,CD_SUR
SKU_027,2024-10-14,0,CD_SUR
SKU_027,2024-10-21,0,CD_SUR
SKU_027,2024-10-28,0,CD_SUR
SKU_027,2024-11-04,100,CD_SUR
SKU_027,2024-11-11,0,CD_SUR
SKU_027,2024-11-18,0,CD_SUR
SKU_027,2024-11-25,0,CD_SUR
SKU_027,2024-12-02,0,CD_SUR
SKU_027,2024-12-09,0,CD_SUR
SKU_027,2024-12-16,0,CD_SUR
SKU_027,2024-12-23,94,CD_SUR
SKU_027,2024-12-30,0,CD_SUR
SKU_027,2025-01-06,0,CD_SUR
SKU_027,2025-01-13,0,CD_SUR
SKU_027,2025-01-20,0,CD_SUR
SKU_027,2025-01-27,94,CD_SUR
SKU_027,2025-02-03,105,CD_SUR
SKU_027,2025-02-10,0,CD_SUR
SKU_027,2025-02-17,0,CD_SUR
SKU_027,2025-02-24,0,CD_SUR
SKU_027,2025-03-03,0,CD_SUR
SKU_027,2025-03-10,0,CD_SUR
SKU_027,2025-03-17,115,CD_SUR
SKU_027,2025-03-24,0,CD_SUR
SKU_027,2025-03-31,0,CD_SUR
SKU_027,2025-04-07,0,CD_SUR
SKU_027,2025-04-14,118,CD_SUR
SKU_027,2025-04-21,0,CD_SUR
SKU_027,2025-04-28,94,CD_SUR
SKU_027,2025-05-05,0,CD_SUR
SKU_027,2025-05-12,0,CD_SUR
SKU_027,2025-05-19,104,CD_SUR
SKU_027,2025-05-26,0,CD_SUR
SKU_027,2025-06-02,0,CD_SUR
SKU_027,2025-06-09,112,CD_SUR
SKU_027,2025-06-16,109,CD_SUR
SKU_027,2025-06-23,0,CD_SUR
SKU_027,2025-06-30,0,CD_SUR
SKU_027,2025-07-07,0,CD_SUR
SKU_027,2025-07-14,0,CD_SUR
SKU_027,2025-07-21,0,CD_SUR
SKU_027,2025-07-28,0,CD_SUR
SKU_027,2025-08-04,0,CD_SUR
SKU_027,2025-08-11,0,CD_SUR
SKU_027,2025-08-18,0,CD_SUR
SKU_027,2025-08-25,0,CD_SUR
SKU_027,2025-09-01,114,CD_SUR
SKU_027,2025-09-08,0,CD_SUR
SKU_027,2025-09-15,0,CD_SUR
SKU_027,2025-09-22,0,CD_SUR
SKU_027,2025-09-29,0,CD_SUR
SKU_027,2025-10-06,0,CD_SUR
SKU_027,2025-10-13,0,CD_SUR
SKU_027,2025-10-20,102,CD_SUR
SKU_027,2025-10-27,0,CD_SUR
SKU_027,2025-11-03,0,CD_SUR
SKU_027,2025-11-10,121,CD_SUR
SKU_027,2025-11-17,0,CD_SUR
SKU_027,2025-11-24,0,CD_SUR
SKU_027,2025-12-01,107,CD_SUR
SKU_027,2025-12-08,0,CD_SUR
SKU_027,2025-12-15,0,CD_SUR
SKU_027,2025-12-22,0,CD_SUR
SKU_027,2025-12-29,0,CD_SUR
SKU_028,2024-01-08,0,CD_NORTE
SKU_028,2024-01-15,0,CD_NORTE
SKU_028,2024-01-22,0,CD_NORTE
SKU_028,2024-01-29,0,CD_NORTE
SKU_028,2024-02-05,0,CD_NORTE
SKU_028,2024-02-12,0,CD_NORTE
SKU_028,2024-02-19,0,CD_NORTE
SKU_028,2024-02-26,0,CD_NORTE
SKU_028,2024-03-04,0,CD_NORTE
SKU_028,2024-03-11,0,CD_NORTE
SKU_028,2024-03-18,0,CD_NORTE
SKU_028,2024-03-25,0,CD_NORTE
SKU_028,2024-04-01,0,CD_NORTE
SKU_028,2024-04-08,0,CD_NORTE
SKU_028,2024-04-15,0,CD_NORTE
SKU_028,2024-04-22,0,CD_NORTE
SKU_028,2024-04-29,0,CD_NORTE
SKU_028,2024-05-06,0,CD_NORTE
SKU_028,2024-05-13,0,CD_NORTE
SKU_028,2024-05-20,0,CD_NORTE
SKU_028,2024-05-27,0,CD_NORTE
SKU_028,2024-06-03,0,CD_NORTE
SKU_028,2024-06-10,0,CD_NORTE
SKU_028,2024-06-17,150,CD_NORTE
SKU_028,2024-06-24,0,CD_NORTE
SKU_028,2024-07-01,0,CD_NORTE
SKU_028,2024-07-08,0,CD_NORTE
SKU_028,2024-07-15,0,CD_NORTE
SKU_028,2024-07-22,0,CD_NORTE
SKU_028,2024-07-29,0,CD_NORTE
SKU_028,2024-08-05,0,CD_NORTE
SKU_028,2024-08-12,0,CD_NORTE
SKU_028,2024-08-19,0,CD_NORTE
SKU_028,2024-08-26,0,CD_NORTE
SKU_028,2024-09-02,0,CD_NORTE
SKU_028,2024-09-09,0,CD_NORTE
SKU_028,2024-09-16,0,CD_NORTE
SKU_028,2024-09-23,0,CD_NORTE
SKU_028,2024-09-30,0,CD_NORTE
SKU_028,2024-10-07,129,CD_NORTE
SKU_028,2024-10-14,0,CD_NORTE
SKU_028,2024-10-21,0,CD_NORTE
SKU_028,2024-10-28,0,CD_NORTE
SKU_028,2024-11-04,109,CD_NORTE
SKU_028,2024-11-11,145,CD_NORTE
SKU_028,2024-11-18,0,CD_NORTE
SKU_028,2024-11-25,0,CD_NORTE
SKU_028,2024-12-02,124,CD_NORTE
SKU_028,2024-12-09,0,CD_NORTE
SKU_028,2024-12-16,0,CD_NORTE
SKU_028,2024-12-23,0,CD_NORTE
SKU_028,2024-12-30,153,CD_NORTE
SKU_028,2025-01-06,134,CD_NORTE
SKU_028,2025-01-13,0,CD_NORTE
SKU_028,2025-01-20,0,CD_NORTE
SKU_028,2025-01-27,0,CD_NORTE
SKU_028,2025-02-03,147,CD_NORTE
SKU_028,2025-02-10,0,CD_NORTE
SKU_028,2025-02-17,0,CD_NORTE
SKU_028,2025-02-24,0,CD_NORTE
SKU_028,2025-03-03,0,CD_NORTE
SKU_028,2025-03-10,0,CD_NORTE
SKU_028,2025-03-17,0,CD_NORTE
SKU_028,2025-03-24,0,CD_NORTE
SKU_028,2025-03-31,0,CD_NORTE
SKU_028,2025-04-07,158,CD_NORTE
SKU_028,2025-04-14,0,CD_NORTE
SKU_028,2025-04-21,0,CD_NORTE
SKU_028,2025-04-28,0,CD_NORTE
SKU_028,2025-05-05,122,CD_NORTE
SKU_028,2025-05-12,0,CD_NORTE
SKU_028,2025-05-19,131,CD_NORTE
SKU_028,2025-05-26,0,CD_NORTE
SKU_028,2025-06-02,0,CD_NORTE
SKU_028,2025-06-09,0,CD_NORTE
SKU_028,2025-06-16,0,CD_NORTE
SKU_028,2025-06-23,0,CD_NORTE
SKU_028,2025-06-30,0,CD_NORTE
SKU_028,2025-07-07,138,CD_NORTE
SKU_028,2025-07-14,0,CD_NORTE
SKU_028,2025-07-21,160,CD_NORTE
SKU_028,2025-07-28,0,CD_NORTE
SKU_028,2025-08-04,130,CD_NORTE
SKU_028,2025-08-11,0,CD_NORTE
SKU_028,2025-08-18,0,CD_NORTE
SKU_028,2025-08-25,0,CD_NORTE
SKU_028,2025-09-01,0,CD_NORTE
SKU_028,2025-09-08,131,CD_NORTE
SKU_028,2025-09-15,0,CD_NORTE
SKU_028,2025-09-22,0,CD_NORTE
SKU_028,2025-09-29,0,CD_NORTE
SKU_028,2025-10-06,0,CD_NORTE
SKU_028,2025-10-13,0,CD_NORTE
SKU_028,2025-10-20,146,CD_NORTE
SKU_028,2025-10-27,0,CD_NORTE
SKU_028,2025-11-03,131,CD_NORTE
SKU_028,2025-11-10,141,CD_NORTE
SKU_028,2025-11-17,0,CD_NORTE
SKU_028,2025-11-24,0,CD_NORTE
SKU_028,2025-12-01,0,CD_NORTE
SKU_028,2025-12-08,0,CD_NORTE
SKU_028,2025-12-15,0,CD_NORTE
SKU_028,2025-12-22,0,CD_NORTE
SKU_028,2025-12-29,0,CD_NORTE
SKU_028,2024-01-08,112,CD_CENTRO
SKU_028,2024-01-15,0,CD_CENTRO
SKU_028,2024-01-22,131,CD_CENTRO
SKU_028,2024-01-29,0,CD_CENTRO
SKU_028,2024-02-05,156,CD_CENTRO
SKU_028,2024-02-12,0,CD_CENTRO
SKU_028,2024-02-19,0,CD_CENTRO
SKU_028,2024-02-26,0,CD_CENTRO
SKU_028,2024-03-04,0,CD_CENTRO
SKU_028,2024-03-11,0,CD_CENTRO
SKU_028,2024-03-18,109,CD_CENTRO
SKU_028,2024-03-25,0,CD_CENTRO
SKU_028,2024-04-01,0,CD_CENTRO
SKU_028,2024-04-08,126,CD_CENTRO
SKU_028,2024-04-15,135,CD_CENTRO
SKU_028,2024-04-22,0,CD_CENTRO
SKU_028,2024-04-29,0,CD_CENTRO
SKU_028,2024-05-06,0,CD_CENTRO
SKU_028,2024-05-13,127,CD_CENTRO
SKU_028,2024-05-20,170,CD_CENTRO
SKU_028,2024-05-27,0,CD_CENTRO
SKU_028,2024-06-03,139,CD_CENTRO
SKU_028,2024-06-10,0,CD_CENTRO
SKU_028,2024-06-17,118,CD_CENTRO
SKU_028,2024-06-24,0,CD_CENTRO
SKU_028,2024-07-01,0,CD_CENTRO
SKU_028,2024-07-08,0,CD_CENTRO
SKU_028,2024-07-15,101,CD_CENTRO
SKU_028,2024-07-22,0,CD_CENTRO
SKU_028,2024-07-29,0,CD_CENTRO
SKU_028,2024-08-05,0,CD_CENTRO
SKU_028,2024-08-12,0,CD_CENTRO
SKU_028,2024-08-19,136,CD_CENTRO
SKU_028,2024-08-26,0,CD_CENTRO
SKU_028,2024-09-02,0,CD_CENTRO
SKU_028,2024-09-09,0,CD_CENTRO
SKU_028,2024-09-16,0,CD_CENTRO
SKU_028,2024-09-23,0,CD_CENTRO
SKU_028,2024-09-30,0,CD_CENTRO
SKU_028,2024-10-07,0,CD_CENTRO
SKU_028,2024-10-14,0,CD_CENTRO
SKU_028,2024-10-21,122,CD_CENTRO
SKU_028,2024-10-28,0,CD_CENTRO
SKU_028,2024-11-04,0,CD_CENTRO
SKU_028,2024-11-11,0,CD_CENTRO
SKU_028,2024-11-18,0,CD_CENTRO
SKU_028,2024-11-25,0,CD_CENTRO
SKU_028,2024-12-02,0,CD_CENTRO
SKU_028,2024-12-09,0,CD_CENTRO
SKU_028,2024-12-16,149,CD_CENTRO
SKU_028,2024-12-23,0,CD_CENTRO
SKU_028,2024-12-30,128,CD_CENTRO
SKU_028,2025-01-06,124,CD_CENTRO
SKU_028,2025-01-13,0,CD_CENTRO
SKU_028,2025-01-20,0,CD_CENTRO
SKU_028,2025-01-27,0,CD_CENTRO
SKU_028,2025-02-03,0,CD_CENTRO
SKU_028,2025-02-10,0,CD_CENTRO
SKU_028,2025-02-17,0,CD_CENTRO
SKU_028,2025-02-24,0,CD_CENTRO
SKU_028,2025-03-03,124,CD_CENTRO
SKU_028,2025-03-10,145,CD_CENTRO
SKU_028,2025-03-17,0,CD_CENTRO
SKU_028,2025-03-24,0,CD_CENTRO
SKU_028,2025-03-31,0,CD_CENTRO
SKU_028,2025-04-07,0,CD_CENTRO
SKU_028,2025-04-14,0,CD_CENTRO
SKU_028,2025-04-21,137,CD_CENTRO
SKU_028,2025-04-28,155,CD_CENTRO
SKU_028,2025-05-05,0,CD_CENTRO
SKU_028,2025-05-12,0,CD_CENTRO
SKU_028,2025-05-19,129,CD_CENTRO
SKU_028,2025-05-26,0,CD_CENTRO
SKU_028,2025-06-02,0,CD_CENTRO
SKU_028,2025-06-09,0,CD_CENTRO
SKU_028,2025-06-16,143,CD_CENTRO
SKU_028,2025-06-23,0,CD_CENTRO
SKU_028,2025-06-30,144,CD_CENTRO
SKU_028,2025-07-07,0,CD_CENTRO
SKU_028,2025-07-14,0,CD_CENTRO
SKU_028,2025-07-21,0,CD_CENTRO
SKU_028,2025-07-28,0,CD_CENTRO
SKU_028,2025-08-04,141,CD_CENTRO
SKU_028,2025-08-11,125,CD_CENTRO
SKU_028,2025-08-18,0,CD_CENTRO
SKU_028,2025-08-25,138,CD_CENTRO
SKU_028,2025-09-01,131,CD_CENTRO
SKU_028,2025-09-08,0,CD_CENTRO
SKU_028,2025-09-15,0,CD_CENTRO
SKU_028,2025-09-22,0,CD_CENTRO
SKU_028,2025-09-29,130,CD_CENTRO
SKU_028,2025-10-06,0,CD_CENTRO
SKU_028,2025-10-13,0,CD_CENTRO
SKU_028,2025-10-20,0,CD_CENTRO
SKU_028,2025-10-27,121,CD_CENTRO
SKU_028,2025-11-03,0,CD_CENTRO
SKU_028,2025-11-10,0,CD_CENTRO
SKU_028,2025-11-17,0,CD_CENTRO
SKU_028,2025-11-24,0,CD_CENTRO
SKU_028,2025-12-01,104,CD_CENTRO
SKU_028,2025-12-08,148,CD_CENTRO
SKU_028,2025-12-15,0,CD_CENTRO
SKU_028,2025-12-22,0,CD_CENTRO
SKU_028,2025-12-29,0,CD_CENTRO
SKU_028,2024-01-08,0,CD_SUR
SKU_028,2024-01-15,165,CD_SUR
SKU_028,2024-01-22,0,CD_SUR
SKU_028,2024-01-29,0,CD_SUR
SKU_028,2024-02-05,167,CD_SUR
SKU_028,2024-02-12,0,CD_SUR
SKU_028,2024-02-19,164,CD_SUR
SKU_028,2024-02-26,0,CD_SUR
SKU_028,2024-03-04,0,CD_SUR
SKU_028,2024-03-11,0,CD_SUR
SKU_028,2024-03-18,153,CD_SUR
SKU_028,2024-03-25,164,CD_SUR
SKU_028,2024-04-01,147,CD_SUR
SKU_028,2024-04-08,157,CD_SUR
SKU_028,2024-04-15,0,CD_SUR
SKU_028,2024-04-22,0,CD_SUR
SKU_028,2024-04-29,0,CD_SUR
SKU_028,2024-05-06,0,CD_SUR
SKU_028,2024-05-13,0,CD_SUR
SKU_028,2024-05-20,0,CD_SUR
SKU_028,2024-05-27,0,CD_SUR
SKU_028,2024-06-03,0,CD_SUR
SKU_028,2024-06-10,0,CD_SUR
SKU_028,2024-06-17,0,CD_SUR
SKU_028,2024-06-24,145,CD_SUR
SKU_028,2024-07-01,132,CD_SUR
SKU_028,2024-07-08,0,CD_SUR
SKU_028,2024-07-15,161,CD_SUR
SKU_028,2024-07-22,0,CD_SUR
SKU_028,2024-07-29,0,CD_SUR
SKU_028,2024-08-05,167,CD_SUR
SKU_028,2024-08-12,185,CD_SUR
SKU_028,2024-08-19,0,CD_SUR
SKU_028,2024-08-26,0,CD_SUR
SKU_028,2024-09-02,0,CD_SUR
SKU_028,2024-09-09,0,CD_SUR
SKU_028,2024-09-16,0,CD_SUR
SKU_028,2024-09-23,0,CD_SUR
SKU_028,2024-09-30,152,CD_SUR
SKU_028,2024-10-07,0,CD_SUR
SKU_028,2024-10-14,132,CD_SUR
SKU_028,2024-10-21,0,CD_SUR
SKU_028,2024-10-28,0,CD_SUR
SKU_028,2024-11-04,0,CD_SUR
SKU_028,2024-11-11,0,CD_SUR
SKU_028,2024-11-18,0,CD_SUR
SKU_028,2024-11-25,0,CD_SUR
SKU_028,2024-12-02,143,CD_SUR
SKU_028,2024-12-09,0,CD_SUR
SKU_028,2024-12-16,0,CD_SUR
SKU_028,2024-12-23,146,CD_SUR
SKU_028,2024-12-30,0,CD_SUR
SKU_028,2025-01-06,150,CD_SUR
SKU_028,2025-01-13,155,CD_SUR
SKU_028,2025-01-20,153,CD_SUR
SKU_028,2025-01-27,0,CD_SUR
SKU_028,2025-02-03,0,CD_SUR
SKU_028,2025-02-10,0,CD_SUR
SKU_028,2025-02-17,0,CD_SUR
SKU_028,2025-02-24,0,CD_SUR
SKU_028,2025-03-03,0,CD_SUR
SKU_028,2025-03-10,160,CD_SUR
SKU_028,2025-03-17,0,CD_SUR
SKU_028,2025-03-24,151,CD_SUR
SKU_028,2025-03-31,0,CD_SUR
SKU_028,2025-04-07,115,CD_SUR
SKU_028,2025-04-14,0,CD_SUR
SKU_028,2025-04-21,151,CD_SUR
SKU_028,2025-04-28,149,CD_SUR
SKU_028,2025-05-05,0,CD_SUR
SKU_028,2025-05-12,0,CD_SUR
SKU_028,2025-05-19,0,CD_SUR
SKU_028,2025-05-26,0,CD_SUR
SKU_028,2025-06-02,0,CD_SUR
SKU_028,2025-06-09,0,CD_SUR
SKU_028,2025-06-16,0,CD_SUR
SKU_028,2025-06-23,0,CD_SUR
SKU_028,2025-06-30,0,CD_SUR
SKU_028,2025-07-07,0,CD_SUR
SKU_028,2025-07-14,0,CD_SUR
SKU_028,2025-07-21,156,CD_SUR
SKU_028,2025-07-28,143,CD_SUR
SKU_028,2025-08-04,0,CD_SUR
SKU_028,2025-08-11,0,CD_SUR
SKU_028,2025-08-18,151,CD_SUR
SKU_028,2025-08-25,0,CD_SUR
SKU_028,2025-09-01,0,CD_SUR
SKU_028,2025-09-08,0,CD_SUR
SKU_028,2025-09-15,0,CD_SUR
SKU_028,2025-09-22,0,CD_SUR
SKU_028,2025-09-29,0,CD_SUR
SKU_028,2025-10-06,0,CD_SUR
SKU_028,2025-10-13,0,CD_SUR
SKU_028,2025-10-20,0,CD_SUR
SKU_028,2025-10-27,0,CD_SUR
SKU_028,2025-11-03,0,CD_SUR
SKU_028,2025-11-10,0,CD_SUR
SKU_028,2025-11-17,0,CD_SUR
SKU_028,2025-11-24,0,CD_SUR
SKU_028,2025-12-01,0,CD_SUR
SKU_028,2025-12-08,156,CD_SUR
SKU_028,2025-12-15,146,CD_SUR
SKU_028,2025-12-22,158,CD_SUR
SKU_028,2025-12-29,0,CD_SUR
SKU_029,2024-01-08,102,CD_NORTE
SKU_029,2024-01-15,0,CD_NORTE
SKU_029,2024-01-22,107,CD_NORTE
SKU_029,2024-01-29,0,CD_NORTE
SKU_029,2024-02-05,106,CD_NORTE
SKU_029,2024-02-12,0,CD_NORTE
SKU_029,2024-02-19,0,CD_NORTE
SKU_029,2024-02-26,102,CD_NORTE
SKU_029,2024-03-04,0,CD_NORTE
SKU_029,2024-03-11,0,CD_NORTE
SKU_029,2024-03-18,73,CD_NORTE
SKU_029,2024-03-25,101,CD_NORTE
SKU_029,2024-04-01,0,CD_NORTE
SKU_029,2024-04-08,103,CD_NORTE
SKU_029,2024-04-15,105,CD_NORTE
SKU_029,2024-04-22,90,CD_NORTE
SKU_029,2024-04-29,0,CD_NORTE
SKU_029,2024-05-06,0,CD_NORTE
SKU_029,2024-05-13,78,CD_NORTE
SKU_029,2024-05-20,0,CD_NORTE
SKU_029,2024-05-27,0,CD_NORTE
SKU_029,2024-06-03,107,CD_NORTE
SKU_029,2024-06-10,87,CD_NORTE
SKU_029,2024-06-17,0,CD_NORTE
SKU_029,2024-06-24,0,CD_NORTE
SKU_029,2024-07-01,111,CD_NORTE
SKU_029,2024-07-08,0,CD_NORTE
SKU_029,2024-07-15,0,CD_NORTE
SKU_029,2024-07-22,93,CD_NORTE
SKU_029,2024-07-29,0,CD_NORTE
SKU_029,2024-08-05,0,CD_NORTE
SKU_029,2024-08-12,0,CD_NORTE
SKU_029,2024-08-19,0,CD_NORTE
SKU_029,2024-08-26,89,CD_NORTE
SKU_029,2024-09-02,0,CD_NORTE
SKU_029,2024-09-09,0,CD_NORTE
SKU_029,2024-09-16,0,CD_NORTE
SKU_029,2024-09-23,102,CD_NORTE
SKU_029,2024-09-30,0,CD_NORTE
SKU_029,2024-10-07,105,CD_NORTE
SKU_029,2024-10-14,105,CD_NORTE
SKU_029,2024-10-21,104,CD_NORTE
SKU_029,2024-10-28,0,CD_NORTE
SKU_029,2024-11-04,92,CD_NORTE
SKU_029,2024-11-11,0,CD_NORTE
SKU_029,2024-11-18,84,CD_NORTE
SKU_029,2024-11-25,95,CD_NORTE
SKU_029,2024-12-02,88,CD_NORTE
SKU_029,2024-12-09,103,CD_NORTE
SKU_029,2024-12-16,0,CD_NORTE
SKU_029,2024-12-23,0,CD_NORTE
SKU_029,2024-12-30,0,CD_NORTE
SKU_029,2025-01-06,0,CD_NORTE
SKU_029,2025-01-13,0,CD_NORTE
SKU_029,2025-01-20,0,CD_NORTE
SKU_029,2025-01-27,108,CD_NORTE
SKU_029,2025-02-03,0,CD_NORTE
SKU_029,2025-02-10,0,CD_NORTE
SKU_029,2025-02-17,101,CD_NORTE
SKU_029,2025-02-24,99,CD_NORTE
SKU_029,2025-03-03,96,CD_NORTE
SKU_029,2025-03-10,0,CD_NORTE
SKU_029,2025-03-17,0,CD_NORTE
SKU_029,2025-03-24,0,CD_NORTE
SKU_029,2025-03-31,0,CD_NORTE
SKU_029,2025-04-07,0,CD_NORTE
SKU_029,2025-04-14,0,CD_NORTE
SKU_029,2025-04-21,109,CD_NORTE
SKU_029,2025-04-28,0,CD_NORTE
SKU_029,2025-05-05,0,CD_NORTE
SKU_029,2025-05-12,0,CD_NORTE
SKU_029,2025-05-19,0,CD_NORTE
SKU_029,2025-05-26,0,CD_NORTE
SKU_029,2025-06-02,81,CD_NORTE
SKU_029,2025-06-09,0,CD_NORTE
SKU_029,2025-06-16,0,CD_NORTE
SKU_029,2025-06-23,0,CD_NORTE
SKU_029,2025-06-30,87,CD_NORTE
SKU_029,2025-07-07,117,CD_NORTE
SKU_029,2025-07-14,0,CD_NORTE
SKU_029,2025-07-21,87,CD_NORTE
SKU_029,2025-07-28,104,CD_NORTE
SKU_029,2025-08-04,0,CD_NORTE
SKU_029,2025-08-11,0,CD_NORTE
SKU_029,2025-08-18,106,CD_NORTE
SKU_029,2025-08-25,0,CD_NORTE
SKU_029,2025-09-01,0,CD_NORTE
SKU_029,2025-09-08,80,CD_NORTE
SKU_029,2025-09-15,0,CD_NORTE
SKU_029,2025-09-22,0,CD_NORTE
SKU_029,2025-09-29,0,CD_NORTE
SKU_029,2025-10-06,0,CD_NORTE
SKU_029,2025-10-13,0,CD_NORTE
SKU_029,2025-10-20,0,CD_NORTE
SKU_029,2025-10-27,82,CD_NORTE
SKU_029,2025-11-03,0,CD_NORTE
SKU_029,2025-11-10,0,CD_NORTE
SKU_029,2025-11-17,0,CD_NORTE
SKU_029,2025-11-24,0,CD_NORTE
SKU_029,2025-12-01,112,CD_NORTE
SKU_029,2025-12-08,0,CD_NORTE
SKU_029,2025-12-15,0,CD_NORTE
SKU_029,2025-12-22,0,CD_NORTE
SKU_029,2025-12-29,89,CD_NORTE
SKU_029,2024-01-08,0,CD_CENTRO
SKU_029,2024-01-15,0,CD_CENTRO
SKU_029,2024-01-22,0,CD_CENTRO
SKU_029,2024-01-29,0,CD_CENTRO
SKU_029,2024-02-05,0,CD_CENTRO
SKU_029,2024-02-12,0,CD_CENTRO
SKU_029,2024-02-19,115,CD_CENTRO
SKU_029,2024-02-26,0,CD_CENTRO
SKU_029,2024-03-04,0,CD_CENTRO
SKU_029,2024-03-11,0,CD_CENTRO
SKU_029,2024-03-18,0,CD_CENTRO
SKU_029,2024-03-25,124,CD_CENTRO
SKU_029,2024-04-01,131,CD_CENTRO
SKU_029,2024-04-08,0,CD_CENTRO
SKU_029,2024-04-15,125,CD_CENTRO
SKU_029,2024-04-22,0,CD_CENTRO
SKU_029,2024-04-29,0,CD_CENTRO
SKU_029,2024-05-06,0,CD_CENTRO
SKU_029,2024-05-13,0,CD_CENTRO
SKU_029,2024-05-20,0,CD_CENTRO
SKU_029,2024-05-27,0,CD_CENTRO
SKU_029,2024-06-03,0,CD_CENTRO
SKU_029,2024-06-10,0,CD_CENTRO
SKU_029,2024-06-17,0,CD_CENTRO
SKU_029,2024-06-24,0,CD_CENTRO
SKU_029,2024-07-01,0,CD_CENTRO
SKU_029,2024-07-08,0,CD_CENTRO
SKU_029,2024-07-15,0,CD_CENTRO
SKU_029,2024-07-22,133,CD_CENTRO
SKU_029,2024-07-29,0,CD_CENTRO
SKU_029,2024-08-05,149,CD_CENTRO
SKU_029,2024-08-12,0,CD_CENTRO
SKU_029,2024-08-19,0,CD_CENTRO
SKU_029,2024-08-26,121,CD_CENTRO
SKU_029,2024-09-02,0,CD_CENTRO
SKU_029,2024-09-09,0,CD_CENTRO
SKU_029,2024-09-16,0,CD_CENTRO
SKU_029,2024-09-23,0,CD_CENTRO
SKU_029,2024-09-30,0,CD_CENTRO
SKU_029,2024-10-07,0,CD_CENTRO
SKU_029,2024-10-14,105,CD_CENTRO
SKU_029,2024-10-21,0,CD_CENTRO
SKU_029,2024-10-28,0,CD_CENTRO
SKU_029,2024-11-04,0,CD_CENTRO
SKU_029,2024-11-11,0,CD_CENTRO
SKU_029,2024-11-18,0,CD_CENTRO
SKU_029,2024-11-25,0,CD_CENTRO
SKU_029,2024-12-02,0,CD_CENTRO
SKU_029,2024-12-09,0,CD_CENTRO
SKU_029,2024-12-16,0,CD_CENTRO
SKU_029,2024-12-23,0,CD_CENTRO
SKU_029,2024-12-30,0,CD_CENTRO
SKU_029,2025-01-06,137,CD_CENTRO
SKU_029,2025-01-13,0,CD_CENTRO
SKU_029,2025-01-20,148,CD_CENTRO
SKU_029,2025-01-27,0,CD_CENTRO
SKU_029,2025-02-03,0,CD_CENTRO
SKU_029,2025-02-10,0,CD_CENTRO
SKU_029,2025-02-17,0,CD_CENTRO
SKU_029,2025-02-24,0,CD_CENTRO
SKU_029,2025-03-03,0,CD_CENTRO
SKU_029,2025-03-10,0,CD_CENTRO
SKU_029,2025-03-17,132,CD_CENTRO
SKU_029,2025-03-24,0,CD_CENTRO
SKU_029,2025-03-31,113,CD_CENTRO
SKU_029,2025-04-07,0,CD_CENTRO
SKU_029,2025-04-14,0,CD_CENTRO
SKU_029,2025-04-21,0,CD_CENTRO
SKU_029,2025-04-28,0,CD_CENTRO
SKU_029,2025-05-05,0,CD_CENTRO
SKU_029,2025-05-12,0,CD_CENTRO
SKU_029,2025-05-19,0,CD_CENTRO
SKU_029,2025-05-26,0,CD_CENTRO
SKU_029,2025-06-02,0,CD_CENTRO
SKU_029,2025-06-09,0,CD_CENTRO
SKU_029,2025-06-16,0,CD_CENTRO
SKU_029,2025-06-23,125,CD_CENTRO
SKU_029,2025-06-30,0,CD_CENTRO
SKU_029,2025-07-07,0,CD_CENTRO
SKU_029,2025-07-14,0,CD_CENTRO
SKU_029,2025-07-21,0,CD_CENTRO
SKU_029,2025-07-28,0,CD_CENTRO
SKU_029,2025-08-04,0,CD_CENTRO
SKU_029,2025-08-11,0,CD_CENTRO
SKU_029,2025-08-18,0,CD_CENTRO
SKU_029,2025-08-25,0,CD_CENTRO
SKU_029,2025-09-01,0,CD_CENTRO
SKU_029,2025-09-08,113,CD_CENTRO
SKU_029,2025-09-15,0,CD_CENTRO
SKU_029,2025-09-22,0,CD_CENTRO
SKU_029,2025-09-29,135,CD_CENTRO
SKU_029,2025-10-06,110,CD_CENTRO
SKU_029,2025-10-13,0,CD_CENTRO
SKU_029,2025-10-20,123,CD_CENTRO
SKU_029,2025-10-27,114,CD_CENTRO
SKU_029,2025-11-03,0,CD_CENTRO
SKU_029,2025-11-10,0,CD_CENTRO
SKU_029,2025-11-17,0,CD_CENTRO
SKU_029,2025-11-24,0,CD_CENTRO
SKU_029,2025-12-01,0,CD_CENTRO
SKU_029,2025-12-08,0,CD_CENTRO
SKU_029,2025-12-15,0,CD_CENTRO
SKU_029,2025-12-22,0,CD_CENTRO
SKU_029,2025-12-29,129,CD_CENTRO
SKU_029,2024-01-08,0,CD_SUR
SKU_029,2024-01-15,0,CD_SUR
SKU_029,2024-01-22,0,CD_SUR
SKU_029,2024-01-29,0,CD_SUR
SKU_029,2024-02-05,0,CD_SUR
SKU_029,2024-02-12,0,CD_SUR
SKU_029,2024-02-19,0,CD_SUR
SKU_029,2024-02-26,76,CD_SUR
SKU_029,2024-03-04,64,CD_SUR
SKU_029,2024-03-11,0,CD_SUR
SKU_029,2024-03-18,0,CD_SUR
SKU_029,2024-03-25,0,CD_SUR
SKU_029,2024-04-01,65,CD_SUR
SKU_029,2024-04-08,0,CD_SUR
SKU_029,2024-04-15,0,CD_SUR
SKU_029,2024-04-22,0,CD_SUR
SKU_029,2024-04-29,71,CD_SUR
SKU_029,2024-05-06,0,CD_SUR
SKU_029,2024-05-13,74,CD_SUR
SKU_029,2024-05-20,0,CD_SUR
SKU_029,2024-05-27,0,CD_SUR
SKU_029,2024-06-03,81,CD_SUR
SKU_029,2024-06-10,0,CD_SUR
SKU_029,2024-06-17,58,CD_SUR
SKU_029,2024-06-24,0,CD_SUR
SKU_029,2024-07-01,0,CD_SUR
SKU_029,2024-07-08,0,CD_SUR
SKU_029,2024-07-15,0,CD_SUR
SKU_029,2024-07-22,0,CD_SUR
SKU_029,2024-07-29,0,CD_SUR
SKU_029,2024-08-05,0,CD_SUR
SKU_029,2024-08-12,74,CD_SUR
SKU_029,2024-08-19,0,CD_SUR
SKU_029,2024-08-26,0,CD_SUR
SKU_029,2024-09-02,0,CD_SUR
SKU_029,2024-09-09,0,CD_SUR
SKU_029,2024-09-16,0,CD_SUR
SKU_029,2024-09-23,0,CD_SUR
SKU_029,2024-09-30,0,CD_SUR
SKU_029,2024-10-07,0,CD_SUR
SKU_029,2024-10-14,75,CD_SUR
SKU_029,2024-10-21,0,CD_SUR
SKU_029,2024-10-28,0,CD_SUR
SKU_029,2024-11-04,0,CD_SUR
SKU_029,2024-11-11,0,CD_SUR
SKU_029,2024-11-18,64,CD_SUR
SKU_029,2024-11-25,0,CD_SUR
SKU_029,2024-12-02,0,CD_SUR
SKU_029,2024-12-09,0,CD_SUR
SKU_029,2024-12-16,67,CD_SUR
SKU_029,2024-12-23,58,CD_SUR
SKU_029,2024-12-30,0,CD_SUR
SKU_029,2025-01-06,0,CD_SUR
SKU_029,2025-01-13,0,CD_SUR
SKU_029,2025-01-20,66,CD_SUR
SKU_029,2025-01-27,0,CD_SUR
SKU_029,2025-02-03,71,CD_SUR
SKU_029,2025-02-10,80,CD_SUR
SKU_029,2025-02-17,0,CD_SUR
SKU_029,2025-02-24,0,CD_SUR
SKU_029,2025-03-03,81,CD_SUR
SKU_029,2025-03-10,0,CD_SUR
SKU_029,2025-03-17,0,CD_SUR
SKU_029,2025-03-24,62,CD_SUR
SKU_029,2025-03-31,0,CD_SUR
SKU_029,2025-04-07,0,CD_SUR
SKU_029,2025-04-14,79,CD_SUR
SKU_029,2025-04-21,0,CD_SUR
SKU_029,2025-04-28,56,CD_SUR
SKU_029,2025-05-05,0,CD_SUR
SKU_029,2025-05-12,65,CD_SUR
SKU_029,2025-05-19,0,CD_SUR
SKU_029,2025-05-26,0,CD_SUR
SKU_029,2025-06-02,0,CD_SUR
SKU_029,2025-06-09,0,CD_SUR
SKU_029,2025-06-16,0,CD_SUR
SKU_029,2025-06-23,0,CD_SUR
SKU_029,2025-06-30,67,CD_SUR
SKU_029,2025-07-07,0,CD_SUR
SKU_029,2025-07-14,0,CD_SUR
SKU_029,2025-07-21,0,CD_SUR
SKU_029,2025-07-28,0,CD_SUR
SKU_029,2025-08-04,0,CD_SUR
SKU_029,2025-08-11,0,CD_SUR
SKU_029,2025-08-18,0,CD_SUR
SKU_029,2025-08-25,0,CD_SUR
SKU_029,2025-09-01,0,CD_SUR
SKU_029,2025-09-08,0,CD_SUR
SKU_029,2025-09-15,0,CD_SUR
SKU_029,2025-09-22,0,CD_SUR
SKU_029,2025-09-29,71,CD_SUR
SKU_029,2025-10-06,0,CD_SUR
SKU_029,2025-10-13,0,CD_SUR
SKU_029,2025-10-20,0,CD_SUR
SKU_029,2025-10-27,0,CD_SUR
SKU_029,2025-11-03,0,CD_SUR
SKU_029,2025-11-10,0,CD_SUR
SKU_029,2025-11-17,0,CD_SUR
SKU_029,2025-11-24,70,CD_SUR
SKU_029,2025-12-01,0,CD_SUR
SKU_029,2025-12-08,0,CD_SUR
SKU_029,2025-12-15,0,CD_SUR
SKU_029,2025-12-22,0,CD_SUR
SKU_029,2025-12-29,0,CD_SUR
SKU_030,2024-01-08,0,CD_NORTE
SKU_030,2024-01-15,0,CD_NORTE
SKU_030,2024-01-22,0,CD_NORTE
SKU_030,2024-01-29,116,CD_NORTE
SKU_030,2024-02-05,0,CD_NORTE
SKU_030,2024-02-12,114,CD_NORTE
SKU_030,2024-02-19,0,CD_NORTE
SKU_030,2024-02-26,0,CD_NORTE
SKU_030,2024-03-04,0,CD_NORTE
SKU_030,2024-03-11,0,CD_NORTE
SKU_030,2024-03-18,0,CD_NORTE
SKU_030,2024-03-25,109,CD_NORTE
SKU_030,2024-04-01,0,CD_NORTE
SKU_030,2024-04-08,81,CD_NORTE
SKU_030,2024-04-15,0,CD_NORTE
SKU_030,2024-04-22,100,CD_NORTE
SKU_030,2024-04-29,0,CD_NORTE
SKU_030,2024-05-06,0,CD_NORTE
SKU_030,2024-05-13,116,CD_NORTE
SKU_030,2024-05-20,0,CD_NORTE
SKU_030,2024-05-27,82,CD_NORTE
SKU_030,2024-06-03,0,CD_NORTE
SKU_030,2024-06-10,0,CD_NORTE
SKU_030,2024-06-17,113,CD_NORTE
SKU_030,2024-06-24,119,CD_NORTE
SKU_030,2024-07-01,0,CD_NORTE
SKU_030,2024-07-08,0,CD_NORTE
SKU_030,2024-07-15,0,CD_NORTE
SKU_030,2024-07-22,121,CD_NORTE
SKU_030,2024-07-29,119,CD_NORTE
SKU_030,2024-08-05,0,CD_NORTE
SKU_030,2024-08-12,123,CD_NORTE
SKU_030,2024-08-19,0,CD_NORTE
SKU_030,2024-08-26,130,CD_NORTE
SKU_030,2024-09-02,124,CD_NORTE
SKU_030,2024-09-09,0,CD_NORTE
SKU_030,2024-09-16,0,CD_NORTE
SKU_030,2024-09-23,0,CD_NORTE
SKU_030,2024-09-30,114,CD_NORTE
SKU_030,2024-10-07,0,CD_NORTE
SKU_030,2024-10-14,0,CD_NORTE
SKU_030,2024-10-21,110,CD_NORTE
SKU_030,2024-10-28,0,CD_NORTE
SKU_030,2024-11-04,0,CD_NORTE
SKU_030,2024-11-11,0,CD_NORTE
SKU_030,2024-11-18,0,CD_NORTE
SKU_030,2024-11-25,0,CD_NORTE
SKU_030,2024-12-02,113,CD_NORTE
SKU_030,2024-12-09,0,CD_NORTE
SKU_030,2024-12-16,0,CD_NORTE
SKU_030,2024-12-23,0,CD_NORTE
SKU_030,2024-12-30,0,CD_NORTE
SKU_030,2025-01-06,0,CD_NORTE
SKU_030,2025-01-13,0,CD_NORTE
SKU_030,2025-01-20,109,CD_NORTE
SKU_030,2025-01-27,0,CD_NORTE
SKU_030,2025-02-03,0,CD_NORTE
SKU_030,2025-02-10,0,CD_NORTE
SKU_030,2025-02-17,0,CD_NORTE
SKU_030,2025-02-24,125,CD_NORTE
SKU_030,2025-03-03,0,CD_NORTE
SKU_030,2025-03-10,118,CD_NORTE
SKU_030,2025-03-17,0,CD_NORTE
SKU_030,2025-03-24,108,CD_NORTE
SKU_030,2025-03-31,0,CD_NORTE
SKU_030,2025-04-07,0,CD_NORTE
SKU_030,2025-04-14,0,CD_NORTE
SKU_030,2025-04-21,0,CD_NORTE
SKU_030,2025-04-28,0,CD_NORTE
SKU_030,2025-05-05,0,CD_NORTE
SKU_030,2025-05-12,127,CD_NORTE
SKU_030,2025-05-19,0,CD_NORTE
SKU_030,2025-05-26,0,CD_NORTE
SKU_030,2025-06-02,109,CD_NORTE
SKU_030,2025-06-09,0,CD_NORTE
SKU_030,2025-06-16,0,CD_NORTE
SKU_030,2025-06-23,0,CD_NORTE
SKU_030,2025-06-30,0,CD_NORTE
SKU_030,2025-07-07,0,CD_NORTE
SKU_030,2025-07-14,0,CD_NORTE
SKU_030,2025-07-21,101,CD_NORTE
SKU_030,2025-07-28,0,CD_NORTE
SKU_030,2025-08-04,0,CD_NORTE
SKU_030,2025-08-11,0,CD_NORTE
SKU_030,2025-08-18,112,CD_NORTE
SKU_030,2025-08-25,103,CD_NORTE
SKU_030,2025-09-01,122,CD_NORTE
SKU_030,2025-09-08,0,CD_NORTE
SKU_030,2025-09-15,0,CD_NORTE
SKU_030,2025-09-22,103,CD_NORTE
SKU_030,2025-09-29,0,CD_NORTE
SKU_030,2025-10-06,0,CD_NORTE
SKU_030,2025-10-13,0,CD_NORTE
SKU_030,2025-10-20,0,CD_NORTE
SKU_030,2025-10-27,111,CD_NORTE
SKU_030,2025-11-03,0,CD_NORTE
SKU_030,2025-11-10,123,CD_NORTE
SKU_030,2025-11-17,0,CD_NORTE
SKU_030,2025-11-24,0,CD_NORTE
SKU_030,2025-12-01,0,CD_NORTE
SKU_030,2025-12-08,0,CD_NORTE
SKU_030,2025-12-15,0,CD_NORTE
SKU_030,2025-12-22,0,CD_NORTE
SKU_030,2025-12-29,0,CD_NORTE
SKU_030,2024-01-08,0,CD_CENTRO
SKU_030,2024-01-15,0,CD_CENTRO
SKU_030,2024-01-22,0,CD_CENTRO
SKU_030,2024-01-29,0,CD_CENTRO
SKU_030,2024-02-05,0,CD_CENTRO
SKU_030,2024-02-12,98,CD_CENTRO
SKU_030,2024-02-19,0,CD_CENTRO
SKU_030,2024-02-26,0,CD_CENTRO
SKU_030,2024-03-04,0,CD_CENTRO
SKU_030,2024-03-11,0,CD_CENTRO
SKU_030,2024-03-18,0,CD_CENTRO
SKU_030,2024-03-25,0,CD_CENTRO
SKU_030,2024-04-01,0,CD_CENTRO
SKU_030,2024-04-08,0,CD_CENTRO
SKU_030,2024-04-15,0,CD_CENTRO
SKU_030,2024-04-22,0,CD_CENTRO
SKU_030,2024-04-29,0,CD_CENTRO
SKU_030,2024-05-06,0,CD_CENTRO
SKU_030,2024-05-13,0,CD_CENTRO
SKU_030,2024-05-20,0,CD_CENTRO
SKU_030,2024-05-27,104,CD_CENTRO
SKU_030,2024-06-03,0,CD_CENTRO
SKU_030,2024-06-10,0,CD_CENTRO
SKU_030,2024-06-17,0,CD_CENTRO
SKU_030,2024-06-24,108,CD_CENTRO
SKU_030,2024-07-01,0,CD_CENTRO
SKU_030,2024-07-08,97,CD_CENTRO
SKU_030,2024-07-15,0,CD_CENTRO
SKU_030,2024-07-22,0,CD_CENTRO
SKU_030,2024-07-29,0,CD_CENTRO
SKU_030,2024-08-05,0,CD_CENTRO
SKU_030,2024-08-12,116,CD_CENTRO
SKU_030,2024-08-19,104,CD_CENTRO
SKU_030,2024-08-26,0,CD_CENTRO
SKU_030,2024-09-02,0,CD_CENTRO
SKU_030,2024-09-09,0,CD_CENTRO
SKU_030,2024-09-16,0,CD_CENTRO
SKU_030,2024-09-23,0,CD_CENTRO
SKU_030,2024-09-30,108,CD_CENTRO
SKU_030,2024-10-07,0,CD_CENTRO
SKU_030,2024-10-14,0,CD_CENTRO
SKU_030,2024-10-21,0,CD_CENTRO
SKU_030,2024-10-28,0,CD_CENTRO
SKU_030,2024-11-04,0,CD_CENTRO
SKU_030,2024-11-11,0,CD_CENTRO
SKU_030,2024-11-18,102,CD_CENTRO
SKU_030,2024-11-25,0,CD_CENTRO
SKU_030,2024-12-02,0,CD_CENTRO
SKU_030,2024-12-09,0,CD_CENTRO
SKU_030,2024-12-16,0,CD_CENTRO
SKU_030,2024-12-23,0,CD_CENTRO
SKU_030,2024-12-30,0,CD_CENTRO
SKU_030,2025-01-06,0,CD_CENTRO
SKU_030,2025-01-13,0,CD_CENTRO
SKU_030,2025-01-20,0,CD_CENTRO
SKU_030,2025-01-27,108,CD_CENTRO
SKU_030,2025-02-03,124,CD_CENTRO
SKU_030,2025-02-10,0,CD_CENTRO
SKU_030,2025-02-17,102,CD_CENTRO
SKU_030,2025-02-24,0,CD_CENTRO
SKU_030,2025-03-03,0,CD_CENTRO
SKU_030,2025-03-10,0,CD_CENTRO
SKU_030,2025-03-17,0,CD_CENTRO
SKU_030,2025-03-24,100,CD_CENTRO
SKU_030,2025-03-31,0,CD_CENTRO
SKU_030,2025-04-07,0,CD_CENTRO
SKU_030,2025-04-14,0,CD_CENTRO
SKU_030,2025-04-21,0,CD_CENTRO
SKU_030,2025-04-28,97,CD_CENTRO
SKU_030,2025-05-05,0,CD_CENTRO
SKU_030,2025-05-12,0,CD_CENTRO
SKU_030,2025-05-19,0,CD_CENTRO
SKU_030,2025-05-26,0,CD_CENTRO
SKU_030,2025-06-02,0,CD_CENTRO
SKU_030,2025-06-09,0,CD_CENTRO
SKU_030,2025-06-16,0,CD_CENTRO
SKU_030,2025-06-23,0,CD_CENTRO
SKU_030,2025-06-30,0,CD_CENTRO
SKU_030,2025-07-07,0,CD_CENTRO
SKU_030,2025-07-14,105,CD_CENTRO
SKU_030,2025-07-21,105,CD_CENTRO
SKU_030,2025-07-28,0,CD_CENTRO
SKU_030,2025-08-04,0,CD_CENTRO
SKU_030,2025-08-11,0,CD_CENTRO
SKU_030,2025-08-18,0,CD_CENTRO
SKU_030,2025-08-25,0,CD_CENTRO
SKU_030,2025-09-01,0,CD_CENTRO
SKU_030,2025-09-08,107,CD_CENTRO
SKU_030,2025-09-15,111,CD_CENTRO
SKU_030,2025-09-22,0,CD_CENTRO
SKU_030,2025-09-29,0,CD_CENTRO
SKU_030,2025-10-06,0,CD_CENTRO
SKU_030,2025-10-13,110,CD_CENTRO
SKU_030,2025-10-20,106,CD_CENTRO
SKU_030,2025-10-27,0,CD_CENTRO
SKU_030,2025-11-03,0,CD_CENTRO
SKU_030,2025-11-10,0,CD_CENTRO
SKU_030,2025-11-17,0,CD_CENTRO
SKU_030,2025-11-24,0,CD_CENTRO
SKU_030,2025-12-01,127,CD_CENTRO
SKU_030,2025-12-08,113,CD_CENTRO
SKU_030,2025-12-15,0,CD_CENTRO
SKU_030,2025-12-22,0,CD_CENTRO
SKU_030,2025-12-29,94,CD_CENTRO
SKU_030,2024-01-08,0,CD_SUR
SKU_030,2024-01-15,0,CD_SUR
SKU_030,2024-01-22,0,CD_SUR
SKU_030,2024-01-29,89,CD_SUR
SKU_030,2024-02-05,0,CD_SUR
SKU_030,2024-02-12,0,CD_SUR
SKU_030,2024-02-19,100,CD_SUR
SKU_030,2024-02-26,0,CD_SUR
SKU_030,2024-03-04,101,CD_SUR
SKU_030,2024-03-11,0,CD_SUR
SKU_030,2024-03-18,106,CD_SUR
SKU_030,2024-03-25,0,CD_SUR
SKU_030,2024-04-01,88,CD_SUR
SKU_030,2024-04-08,0,CD_SUR
SKU_030,2024-04-15,0,CD_SUR
SKU_030,2024-04-22,0,CD_SUR
SKU_030,2024-04-29,0,CD_SUR
SKU_030,2024-05-06,0,CD_SUR
SKU_030,2024-05-13,90,CD_SUR
SKU_030,2024-05-20,0,CD_SUR
SKU_030,2024-05-27,109,CD_SUR
SKU_030,2024-06-03,97,CD_SUR
SKU_030,2024-06-10,0,CD_SUR
SKU_030,2024-06-17,116,CD_SUR
SKU_030,2024-06-24,0,CD_SUR
SKU_030,2024-07-01,0,CD_SUR
SKU_030,2024-07-08,0,CD_SUR
SKU_030,2024-07-15,0,CD_SUR
SKU_030,2024-07-22,0,CD_SUR
SKU_030,2024-07-29,0,CD_SUR
SKU_030,2024-08-05,0,CD_SUR
SKU_030,2024-08-12,0,CD_SUR
SKU_030,2024-08-19,0,CD_SUR
SKU_030,2024-08-26,0,CD_SUR
SKU_030,2024-09-02,0,CD_SUR
SKU_030,2024-09-09,0,CD_SUR
SKU_030,2024-09-16,0,CD_SUR
SKU_030,2024-09-23,107,CD_SUR
SKU_030,2024-09-30,111,CD_SUR
SKU_030,2024-10-07,120,CD_SUR
SKU_030,2024-10-14,102,CD_SUR
SKU_030,2024-10-21,99,CD_SUR
SKU_030,2024-10-28,0,CD_SUR
SKU_030,2024-11-04,0,CD_SUR
SKU_030,2024-11-11,0,CD_SUR
SKU_030,2024-11-18,114,CD_SUR
SKU_030,2024-11-25,0,CD_SUR
SKU_030,2024-12-02,0,CD_SUR
SKU_030,2024-12-09,0,CD_SUR
SKU_030,2024-12-16,0,CD_SUR
SKU_030,2024-12-23,0,CD_SUR
SKU_030,2024-12-30,0,CD_SUR
SKU_030,2025-01-06,0,CD_SUR
SKU_030,2025-01-13,110,CD_SUR
SKU_030,2025-01-20,0,CD_SUR
SKU_030,2025-01-27,103,CD_SUR
SKU_030,2025-02-03,0,CD_SUR
SKU_030,2025-02-10,0,CD_SUR
SKU_030,2025-02-17,120,CD_SUR
SKU_030,2025-02-24,103,CD_SUR
SKU_030,2025-03-03,105,CD_SUR
SKU_030,2025-03-10,105,CD_SUR
SKU_030,2025-03-17,95,CD_SUR
SKU_030,2025-03-24,106,CD_SUR
SKU_030,2025-03-31,120,CD_SUR
SKU_030,2025-04-07,110,CD_SUR
SKU_030,2025-04-14,0,CD_SUR
SKU_030,2025-04-21,0,CD_SUR
SKU_030,2025-04-28,105,CD_SUR
SKU_030,2025-05-05,0,CD_SUR
SKU_030,2025-05-12,0,CD_SUR
SKU_030,2025-05-19,0,CD_SUR
SKU_030,2025-05-26,0,CD_SUR
SKU_030,2025-06-02,0,CD_SUR
SKU_030,2025-06-09,0,CD_SUR
SKU_030,2025-06-16,0,CD_SUR
SKU_030,2025-06-23,0,CD_SUR
SKU_030,2025-06-30,0,CD_SUR
SKU_030,2025-07-07,0,CD_SUR
SKU_030,2025-07-14,0,CD_SUR
SKU_030,2025-07-21,0,CD_SUR
SKU_030,2025-07-28,0,CD_SUR
SKU_030,2025-08-04,0,CD_SUR
SKU_030,2025-08-11,103,CD_SUR
SKU_030,2025-08-18,0,CD_SUR
SKU_030,2025-08-25,108,CD_SUR
SKU_030,2025-09-01,0,CD_SUR
SKU_030,2025-09-08,0,CD_SUR
SKU_030,2025-09-15,113,CD_SUR
SKU_030,2025-09-22,0,CD_SUR
SKU_030,2025-09-29,111,CD_SUR
SKU_030,2025-10-06,0,CD_SUR
SKU_030,2025-10-13,102,CD_SUR
SKU_030,2025-10-20,0,CD_SUR
SKU_030,2025-10-27,0,CD_SUR
SKU_030,2025-11-03,0,CD_SUR
SKU_030,2025-11-10,0,CD_SUR
SKU_030,2025-11-17,108,CD_SUR
SKU_030,2025-11-24,0,CD_SUR
SKU_030,2025-12-01,110,CD_SUR
SKU_030,2025-12-08,94,CD_SUR
SKU_030,2025-12-15,107,CD_SUR
SKU_030,2025-12-22,0,CD_SUR
SKU_030,2025-12-29,0,CD_SUR
SKU_031,2024-01-08,14,CD_CENTRO
SKU_031,2024-01-15,12,CD_CENTRO
SKU_031,2024-01-22,70,CD_CENTRO
SKU_031,2024-01-29,180,CD_CENTRO
SKU_031,2024-02-05,124,CD_CENTRO
SKU_031,2024-02-12,62,CD_CENTRO
SKU_031,2024-02-19,43,CD_CENTRO
SKU_031,2024-02-26,76,CD_CENTRO
SKU_031,2024-03-04,0,CD_CENTRO
SKU_031,2024-03-11,46,CD_CENTRO
SKU_031,2024-03-18,22,CD_CENTRO
SKU_031,2024-03-25,90,CD_CENTRO
SKU_031,2024-04-01,163,CD_CENTRO
SKU_031,2024-04-08,37,CD_CENTRO
SKU_031,2024-04-15,146,CD_CENTRO
SKU_031,2024-04-22,45,CD_CENTRO
SKU_031,2024-04-29,129,CD_CENTRO
SKU_031,2024-05-06,2,CD_CENTRO
SKU_031,2024-05-13,94,CD_CENTRO
SKU_031,2024-05-20,130,CD_CENTRO
SKU_031,2024-05-27,0,CD_CENTRO
SKU_031,2024-06-03,86,CD_CENTRO
SKU_031,2024-06-10,13,CD_CENTRO
SKU_031,2024-06-17,9,CD_CENTRO
SKU_031,2024-06-24,67,CD_CENTRO
SKU_031,2024-07-01,41,CD_CENTRO
SKU_031,2024-07-08,44,CD_CENTRO
SKU_031,2024-07-15,271,CD_CENTRO
SKU_031,2024-07-22,102,CD_CENTRO
SKU_031,2024-07-29,0,CD_CENTRO
SKU_031,2024-08-05,0,CD_CENTRO
SKU_031,2024-08-12,42,CD_CENTRO
SKU_031,2024-08-19,2,CD_CENTRO
SKU_031,2024-08-26,3,CD_CENTRO
SKU_031,2024-09-02,91,CD_CENTRO
SKU_031,2024-09-09,144,CD_CENTRO
SKU_031,2024-09-16,97,CD_CENTRO
SKU_031,2024-09-23,103,CD_CENTRO
SKU_031,2024-09-30,2,CD_CENTRO
SKU_031,2024-10-07,270,CD_CENTRO
SKU_031,2024-10-14,339,CD_CENTRO
SKU_031,2024-10-21,63,CD_CENTRO
SKU_031,2024-10-28,6,CD_CENTRO
SKU_031,2024-11-04,62,CD_CENTRO
SKU_031,2024-11-11,176,CD_CENTRO
SKU_031,2024-11-18,90,CD_CENTRO
SKU_031,2024-11-25,101,CD_CENTRO
SKU_031,2024-12-02,7,CD_CENTRO
SKU_031,2024-12-09,0,CD_CENTRO
SKU_031,2024-12-16,0,CD_CENTRO
SKU_031,2024-12-23,9,CD_CENTRO
SKU_031,2024-12-30,11,CD_CENTRO
SKU_031,2025-01-06,185,CD_CENTRO
SKU_031,2025-01-13,59,CD_CENTRO
SKU_031,2025-01-20,0,CD_CENTRO
SKU_031,2025-01-27,124,CD_CENTRO
SKU_031,2025-02-03,0,CD_CENTRO
SKU_031,2025-02-10,10,CD_CENTRO
SKU_031,2025-02-17,207,CD_CENTRO
SKU_031,2025-02-24,136,CD_CENTRO
SKU_031,2025-03-03,20,CD_CENTRO
SKU_031,2025-03-10,164,CD_CENTRO
SKU_031,2025-03-17,24,CD_CENTRO
SKU_031,2025-03-24,18,CD_CENTRO
SKU_031,2025-03-31,24,CD_CENTRO
SKU_031,2025-04-07,509,CD_CENTRO
SKU_031,2025-04-14,195,CD_CENTRO
SKU_031,2025-04-21,32,CD_CENTRO
SKU_031,2025-04-28,97,CD_CENTRO
SKU_031,2025-05-05,89,CD_CENTRO
SKU_031,2025-05-12,130,CD_CENTRO
SKU_031,2025-05-19,0,CD_CENTRO
SKU_031,2025-05-26,28,CD_CENTRO
SKU_031,2025-06-02,56,CD_CENTRO
SKU_031,2025-06-09,87,CD_CENTRO
SKU_031,2025-06-16,2,CD_CENTRO
SKU_031,2025-06-23,37,CD_CENTRO
SKU_031,2025-06-30,94,CD_CENTRO
SKU_031,2025-07-07,23,CD_CENTRO
SKU_031,2025-07-14,250,CD_CENTRO
SKU_031,2025-07-21,2,CD_CENTRO
SKU_031,2025-07-28,251,CD_CENTRO
SKU_031,2025-08-04,0,CD_CENTRO
SKU_031,2025-08-11,0,CD_CENTRO
SKU_031,2025-08-18,19,CD_CENTRO
SKU_031,2025-08-25,4,CD_CENTRO
SKU_031,2025-09-01,27,CD_CENTRO
SKU_031,2025-09-08,122,CD_CENTRO
SKU_031,2025-09-15,110,CD_CENTRO
SKU_031,2025-09-22,19,CD_CENTRO
SKU_031,2025-09-29,17,CD_CENTRO
SKU_031,2025-10-06,81,CD_CENTRO
SKU_031,2025-10-13,48,CD_CENTRO
SKU_031,2025-10-20,124,CD_CENTRO
SKU_031,2025-10-27,2,CD_CENTRO
SKU_031,2025-11-03,74,CD_CENTRO
SKU_031,2025-11-10,104,CD_CENTRO
SKU_031,2025-11-17,396,CD_CENTRO
SKU_031,2025-11-24,90,CD_CENTRO
SKU_031,2025-12-01,21,CD_CENTRO
SKU_031,2025-12-08,9,CD_CENTRO
SKU_031,2025-12-15,81,CD_CENTRO
SKU_031,2025-12-22,59,CD_CENTRO
SKU_031,2025-12-29,181,CD_CENTRO
SKU_031,2024-01-08,63,CD_SUR
SKU_031,2024-01-15,30,CD_SUR
SKU_031,2024-01-22,192,CD_SUR
SKU_031,2024-01-29,44,CD_SUR
SKU_031,2024-02-05,26,CD_SUR
SKU_031,2024-02-12,20,CD_SUR
SKU_031,2024-02-19,39,CD_SUR
SKU_031,2024-02-26,7,CD_SUR
SKU_031,2024-03-04,3,CD_SUR
SKU_031,2024-03-11,94,CD_SUR
SKU_031,2024-03-18,97,CD_SUR
SKU_031,2024-03-25,0,CD_SUR
SKU_031,2024-04-01,76,CD_SUR
SKU_031,2024-04-08,145,CD_SUR
SKU_031,2024-04-15,13,CD_SUR
SKU_031,2024-04-22,278,CD_SUR
SKU_031,2024-04-29,10,CD_SUR
SKU_031,2024-05-06,113,CD_SUR
SKU_031,2024-05-13,41,CD_SUR
SKU_031,2024-05-20,214,CD_SUR
SKU_031,2024-05-27,72,CD_SUR
SKU_031,2024-06-03,9,CD_SUR
SKU_031,2024-06-10,97,CD_SUR
SKU_031,2024-06-17,1,CD_SUR
SKU_031,2024-06-24,0,CD_SUR
SKU_031,2024-07-01,151,CD_SUR
SKU_031,2024-07-08,106,CD_SUR
SKU_031,2024-07-15,24,CD_SUR
SKU_031,2024-07-22,47,CD_SUR
SKU_031,2024-07-29,0,CD_SUR
SKU_031,2024-08-05,1,CD_SUR
SKU_031,2024-08-12,119,CD_SUR
SKU_031,2024-08-19,39,CD_SUR
SKU_031,2024-08-26,86,CD_SUR
SKU_031,2024-09-02,317,CD_SUR
SKU_031,2024-09-09,36,CD_SUR
SKU_031,2024-09-16,468,CD_SUR
SKU_031,2024-09-23,307,CD_SUR
SKU_031,2024-09-30,28,CD_SUR
SKU_031,2024-10-07,0,CD_SUR
SKU_031,2024-10-14,58,CD_SUR
SKU_031,2024-10-21,136,CD_SUR
SKU_031,2024-10-28,60,CD_SUR
SKU_031,2024-11-04,7,CD_SUR
SKU_031,2024-11-11,19,CD_SUR
SKU_031,2024-11-18,158,CD_SUR
SKU_031,2024-11-25,106,CD_SUR
SKU_031,2024-12-02,85,CD_SUR
SKU_031,2024-12-09,19,CD_SUR
SKU_031,2024-12-16,184,CD_SUR
SKU_031,2024-12-23,327,CD_SUR
SKU_031,2024-12-30,4,CD_SUR
SKU_031,2025-01-06,8,CD_SUR
SKU_031,2025-01-13,218,CD_SUR
SKU_031,2025-01-20,171,CD_SUR
SKU_031,2025-01-27,97,CD_SUR
SKU_031,2025-02-03,293,CD_SUR
SKU_031,2025-02-10,105,CD_SUR
SKU_031,2025-02-17,25,CD_SUR
SKU_031,2025-02-24,132,CD_SUR
SKU_031,2025-03-03,105,CD_SUR
SKU_031,2025-03-10,429,CD_SUR
SKU_031,2025-03-17,24,CD_SUR
SKU_031,2025-03-24,0,CD_SUR
SKU_031,2025-03-31,92,CD_SUR
SKU_031,2025-04-07,153,CD_SUR
SKU_031,2025-04-14,42,CD_SUR
SKU_031,2025-04-21,0,CD_SUR
SKU_031,2025-04-28,48,CD_SUR
SKU_031,2025-05-05,221,CD_SUR
SKU_031,2025-05-12,52,CD_SUR
SKU_031,2025-05-19,0,CD_SUR
SKU_031,2025-05-26,0,CD_SUR
SKU_031,2025-06-02,0,CD_SUR
SKU_031,2025-06-09,99,CD_SUR
SKU_031,2025-06-16,222,CD_SUR
SKU_031,2025-06-23,0,CD_SUR
SKU_031,2025-06-30,0,CD_SUR
SKU_031,2025-07-07,24,CD_SUR
SKU_031,2025-07-14,405,CD_SUR
SKU_031,2025-07-21,122,CD_SUR
SKU_031,2025-07-28,0,CD_SUR
SKU_031,2025-08-04,0,CD_SUR
SKU_031,2025-08-11,0,CD_SUR
SKU_031,2025-08-18,0,CD_SUR
SKU_031,2025-08-25,0,CD_SUR
SKU_031,2025-09-01,69,CD_SUR
SKU_031,2025-09-08,57,CD_SUR
SKU_031,2025-09-15,312,CD_SUR
SKU_031,2025-09-22,23,CD_SUR
SKU_031,2025-09-29,38,CD_SUR
SKU_031,2025-10-06,0,CD_SUR
SKU_031,2025-10-13,37,CD_SUR
SKU_031,2025-10-20,34,CD_SUR
SKU_031,2025-10-27,64,CD_SUR
SKU_031,2025-11-03,457,CD_SUR
SKU_031,2025-11-10,222,CD_SUR
SKU_031,2025-11-17,40,CD_SUR
SKU_031,2025-11-24,56,CD_SUR
SKU_031,2025-12-01,112,CD_SUR
SKU_031,2025-12-08,2,CD_SUR
SKU_031,2025-12-15,173,CD_SUR
SKU_031,2025-12-22,214,CD_SUR
SKU_031,2025-12-29,197,CD_SUR
SKU_032,2024-01-08,2,CD_NORTE
SKU_032,2024-01-15,66,CD_NORTE
SKU_032,2024-01-22,55,CD_NORTE
SKU_032,2024-01-29,143,CD_NORTE
SKU_032,2024-02-05,68,CD_NORTE
SKU_032,2024-02-12,30,CD_NORTE
SKU_032,2024-02-19,57,CD_NORTE
SKU_032,2024-02-26,0,CD_NORTE
SKU_032,2024-03-04,94,CD_NORTE
SKU_032,2024-03-11,8,CD_NORTE
SKU_032,2024-03-18,0,CD_NORTE
SKU_032,2024-03-25,76,CD_NORTE
SKU_032,2024-04-01,194,CD_NORTE
SKU_032,2024-04-08,28,CD_NORTE
SKU_032,2024-04-15,77,CD_NORTE
SKU_032,2024-04-22,134,CD_NORTE
SKU_032,2024-04-29,147,CD_NORTE
SKU_032,2024-05-06,99,CD_NORTE
SKU_032,2024-05-13,29,CD_NORTE
SKU_032,2024-05-20,28,CD_NORTE
SKU_032,2024-05-27,86,CD_NORTE
SKU_032,2024-06-03,95,CD_NORTE
SKU_032,2024-06-10,216,CD_NORTE
SKU_032,2024-06-17,20,CD_NORTE
SKU_032,2024-06-24,49,CD_NORTE
SKU_032,2024-07-01,22,CD_NORTE
SKU_032,2024-07-08,7,CD_NORTE
SKU_032,2024-07-15,40,CD_NORTE
SKU_032,2024-07-22,37,CD_NORTE
SKU_032,2024-07-29,25,CD_NORTE
SKU_032,2024-08-05,27,CD_NORTE
SKU_032,2024-08-12,35,CD_NORTE
SKU_032,2024-08-19,351,CD_NORTE
SKU_032,2024-08-26,119,CD_NORTE
SKU_032,2024-09-02,6,CD_NORTE
SKU_032,2024-09-09,161,CD_NORTE
SKU_032,2024-09-16,0,CD_NORTE
SKU_032,2024-09-23,78,CD_NORTE
SKU_032,2024-09-30,173,CD_NORTE
SKU_032,2024-10-07,33,CD_NORTE
SKU_032,2024-10-14,49,CD_NORTE
SKU_032,2024-10-21,0,CD_NORTE
SKU_032,2024-10-28,177,CD_NORTE
SKU_032,2024-11-04,25,CD_NORTE
SKU_032,2024-11-11,193,CD_NORTE
SKU_032,2024-11-18,138,CD_NORTE
SKU_032,2024-11-25,307,CD_NORTE
SKU_032,2024-12-02,31,CD_NORTE
SKU_032,2024-12-09,0,CD_NORTE
SKU_032,2024-12-16,21,CD_NORTE
SKU_032,2024-12-23,31,CD_NORTE
SKU_032,2024-12-30,241,CD_NORTE
SKU_032,2025-01-06,32,CD_NORTE
SKU_032,2025-01-13,164,CD_NORTE
SKU_032,2025-01-20,40,CD_NORTE
SKU_032,2025-01-27,39,CD_NORTE
SKU_032,2025-02-03,17,CD_NORTE
SKU_032,2025-02-10,0,CD_NORTE
SKU_032,2025-02-17,60,CD_NORTE
SKU_032,2025-02-24,148,CD_NORTE
SKU_032,2025-03-03,4,CD_NORTE
SKU_032,2025-03-10,172,CD_NORTE
SKU_032,2025-03-17,85,CD_NORTE
SKU_032,2025-03-24,75,CD_NORTE
SKU_032,2025-03-31,77,CD_NORTE
SKU_032,2025-04-07,27,CD_NORTE
SKU_032,2025-04-14,42,CD_NORTE
SKU_032,2025-04-21,125,CD_NORTE
SKU_032,2025-04-28,29,CD_NORTE
SKU_032,2025-05-05,50,CD_NORTE
SKU_032,2025-05-12,2,CD_NORTE
SKU_032,2025-05-19,103,CD_NORTE
SKU_032,2025-05-26,42,CD_NORTE
SKU_032,2025-06-02,58,CD_NORTE
SKU_032,2025-06-09,10,CD_NORTE
SKU_032,2025-06-16,374,CD_NORTE
SKU_032,2025-06-23,28,CD_NORTE
SKU_032,2025-06-30,79,CD_NORTE
SKU_032,2025-07-07,0,CD_NORTE
SKU_032,2025-07-14,0,CD_NORTE
SKU_032,2025-07-21,0,CD_NORTE
SKU_032,2025-07-28,68,CD_NORTE
SKU_032,2025-08-04,120,CD_NORTE
SKU_032,2025-08-11,27,CD_NORTE
SKU_032,2025-08-18,110,CD_NORTE
SKU_032,2025-08-25,38,CD_NORTE
SKU_032,2025-09-01,92,CD_NORTE
SKU_032,2025-09-08,87,CD_NORTE
SKU_032,2025-09-15,120,CD_NORTE
SKU_032,2025-09-22,86,CD_NORTE
SKU_032,2025-09-29,180,CD_NORTE
SKU_032,2025-10-06,26,CD_NORTE
SKU_032,2025-10-13,0,CD_NORTE
SKU_032,2025-10-20,180,CD_NORTE
SKU_032,2025-10-27,11,CD_NORTE
SKU_032,2025-11-03,84,CD_NORTE
SKU_032,2025-11-10,62,CD_NORTE
SKU_032,2025-11-17,53,CD_NORTE
SKU_032,2025-11-24,29,CD_NORTE
SKU_032,2025-12-01,55,CD_NORTE
SKU_032,2025-12-08,14,CD_NORTE
SKU_032,2025-12-15,36,CD_NORTE
SKU_032,2025-12-22,8,CD_NORTE
SKU_032,2025-12-29,66,CD_NORTE
SKU_032,2024-01-08,16,CD_CENTRO
SKU_032,2024-01-15,0,CD_CENTRO
SKU_032,2024-01-22,5,CD_CENTRO
SKU_032,2024-01-29,90,CD_CENTRO
SKU_032,2024-02-05,152,CD_CENTRO
SKU_032,2024-02-12,39,CD_CENTRO
SKU_032,2024-02-19,174,CD_CENTRO
SKU_032,2024-02-26,20,CD_CENTRO
SKU_032,2024-03-04,33,CD_CENTRO
SKU_032,2024-03-11,14,CD_CENTRO
SKU_032,2024-03-18,81,CD_CENTRO
SKU_032,2024-03-25,46,CD_CENTRO
SKU_032,2024-04-01,80,CD_CENTRO
SKU_032,2024-04-08,120,CD_CENTRO
SKU_032,2024-04-15,66,CD_CENTRO
SKU_032,2024-04-22,83,CD_CENTRO
SKU_032,2024-04-29,230,CD_CENTRO
SKU_032,2024-05-06,30,CD_CENTRO
SKU_032,2024-05-13,37,CD_CENTRO
SKU_032,2024-05-20,106,CD_CENTRO
SKU_032,2024-05-27,79,CD_CENTRO
SKU_032,2024-06-03,17,CD_CENTRO
SKU_032,2024-06-10,40,CD_CENTRO
SKU_032,2024-06-17,53,CD_CENTRO
SKU_032,2024-06-24,46,CD_CENTRO
SKU_032,2024-07-01,16,CD_CENTRO
SKU_032,2024-07-08,217,CD_CENTRO
SKU_032,2024-07-15,121,CD_CENTRO
SKU_032,2024-07-22,55,CD_CENTRO
SKU_032,2024-07-29,272,CD_CENTRO
SKU_032,2024-08-05,191,CD_CENTRO
SKU_032,2024-08-12,12,CD_CENTRO
SKU_032,2024-08-19,24,CD_CENTRO
SKU_032,2024-08-26,66,CD_CENTRO
SKU_032,2024-09-02,135,CD_CENTRO
SKU_032,2024-09-09,3,CD_CENTRO
SKU_032,2024-09-16,347,CD_CENTRO
SKU_032,2024-09-23,0,CD_CENTRO
SKU_032,2024-09-30,51,CD_CENTRO
SKU_032,2024-10-07,37,CD_CENTRO
SKU_032,2024-10-14,29,CD_CENTRO
SKU_032,2024-10-21,16,CD_CENTRO
SKU_032,2024-10-28,132,CD_CENTRO
SKU_032,2024-11-04,261,CD_CENTRO
SKU_032,2024-11-11,45,CD_CENTRO
SKU_032,2024-11-18,256,CD_CENTRO
SKU_032,2024-11-25,146,CD_CENTRO
SKU_032,2024-12-02,55,CD_CENTRO
SKU_032,2024-12-09,94,CD_CENTRO
SKU_032,2024-12-16,48,CD_CENTRO
SKU_032,2024-12-23,0,CD_CENTRO
SKU_032,2024-12-30,69,CD_CENTRO
SKU_032,2025-01-06,5,CD_CENTRO
SKU_032,2025-01-13,100,CD_CENTRO
SKU_032,2025-01-20,5,CD_CENTRO
SKU_032,2025-01-27,143,CD_CENTRO
SKU_032,2025-02-03,146,CD_CENTRO
SKU_032,2025-02-10,0,CD_CENTRO
SKU_032,2025-02-17,23,CD_CENTRO
SKU_032,2025-02-24,33,CD_CENTRO
SKU_032,2025-03-03,55,CD_CENTRO
SKU_032,2025-03-10,76,CD_CENTRO
SKU_032,2025-03-17,28,CD_CENTRO
SKU_032,2025-03-24,75,CD_CENTRO
SKU_032,2025-03-31,30,CD_CENTRO
SKU_032,2025-04-07,5,CD_CENTRO
SKU_032,2025-04-14,0,CD_CENTRO
SKU_032,2025-04-21,9,CD_CENTRO
SKU_032,2025-04-28,132,CD_CENTRO
SKU_032,2025-05-05,273,CD_CENTRO
SKU_032,2025-05-12,47,CD_CENTRO
SKU_032,2025-05-19,60,CD_CENTRO
SKU_032,2025-05-26,13,CD_CENTRO
SKU_032,2025-06-02,67,CD_CENTRO
SKU_032,2025-06-09,0,CD_CENTRO
SKU_032,2025-06-16,0,CD_CENTRO
SKU_032,2025-06-23,13,CD_CENTRO
SKU_032,2025-06-30,0,CD_CENTRO
SKU_032,2025-07-07,79,CD_CENTRO
SKU_032,2025-07-14,227,CD_CENTRO
SKU_032,2025-07-21,18,CD_CENTRO
SKU_032,2025-07-28,121,CD_CENTRO
SKU_032,2025-08-04,2,CD_CENTRO
SKU_032,2025-08-11,40,CD_CENTRO
SKU_032,2025-08-18,10,CD_CENTRO
SKU_032,2025-08-25,37,CD_CENTRO
SKU_032,2025-09-01,55,CD_CENTRO
SKU_032,2025-09-08,39,CD_CENTRO
SKU_032,2025-09-15,45,CD_CENTRO
SKU_032,2025-09-22,30,CD_CENTRO
SKU_032,2025-09-29,0,CD_CENTRO
SKU_032,2025-10-06,90,CD_CENTRO
SKU_032,2025-10-13,211,CD_CENTRO
SKU_032,2025-10-20,43,CD_CENTRO
SKU_032,2025-10-27,18,CD_CENTRO
SKU_032,2025-11-03,27,CD_CENTRO
SKU_032,2025-11-10,0,CD_CENTRO
SKU_032,2025-11-17,162,CD_CENTRO
SKU_032,2025-11-24,71,CD_CENTRO
SKU_032,2025-12-01,178,CD_CENTRO
SKU_032,2025-12-08,14,CD_CENTRO
SKU_032,2025-12-15,50,CD_CENTRO
SKU_032,2025-12-22,27,CD_CENTRO
SKU_032,2025-12-29,241,CD_CENTRO
SKU_032,2024-01-08,16,CD_SUR
SKU_032,2024-01-15,14,CD_SUR
SKU_032,2024-01-22,41,CD_SUR
SKU_032,2024-01-29,82,CD_SUR
SKU_032,2024-02-05,67,CD_SUR
SKU_032,2024-02-12,0,CD_SUR
SKU_032,2024-02-19,40,CD_SUR
SKU_032,2024-02-26,49,CD_SUR
SKU_032,2024-03-04,14,CD_SUR
SKU_032,2024-03-11,0,CD_SUR
SKU_032,2024-03-18,28,CD_SUR
SKU_032,2024-03-25,14,CD_SUR
SKU_032,2024-04-01,106,CD_SUR
SKU_032,2024-04-08,6,CD_SUR
SKU_032,2024-04-15,56,CD_SUR
SKU_032,2024-04-22,15,CD_SUR
SKU_032,2024-04-29,32,CD_SUR
SKU_032,2024-05-06,0,CD_SUR
SKU_032,2024-05-13,17,CD_SUR
SKU_032,2024-05-20,19,CD_SUR
SKU_032,2024-05-27,15,CD_SUR
SKU_032,2024-06-03,68,CD_SUR
SKU_032,2024-06-10,22,CD_SUR
SKU_032,2024-06-17,64,CD_SUR
SKU_032,2024-06-24,30,CD_SUR
SKU_032,2024-07-01,39,CD_SUR
SKU_032,2024-07-08,0,CD_SUR
SKU_032,2024-07-15,38,CD_SUR
SKU_032,2024-07-22,182,CD_SUR
SKU_032,2024-07-29,22,CD_SUR
SKU_032,2024-08-05,27,CD_SUR
SKU_032,2024-08-12,119,CD_SUR
SKU_032,2024-08-19,9,CD_SUR
SKU_032,2024-08-26,88,CD_SUR
SKU_032,2024-09-02,8,CD_SUR
SKU_032,2024-09-09,53,CD_SUR
SKU_032,2024-09-16,8,CD_SUR
SKU_032,2024-09-23,126,CD_SUR
SKU_032,2024-09-30,41,CD_SUR
SKU_032,2024-10-07,20,CD_SUR
SKU_032,2024-10-14,7,CD_SUR
SKU_032,2024-10-21,23,CD_SUR
SKU_032,2024-10-28,60,CD_SUR
SKU_032,2024-11-04,24,CD_SUR
SKU_032,2024-11-11,14,CD_SUR
SKU_032,2024-11-18,42,CD_SUR
SKU_032,2024-11-25,27,CD_SUR
SKU_032,2024-12-02,0,CD_SUR
SKU_032,2024-12-09,9,CD_SUR
SKU_032,2024-12-16,8,CD_SUR
SKU_032,2024-12-23,60,CD_SUR
SKU_032,2024-12-30,180,CD_SUR
SKU_032,2025-01-06,13,CD_SUR
SKU_032,2025-01-13,73,CD_SUR
SKU_032,2025-01-20,0,CD_SUR
SKU_032,2025-01-27,0,CD_SUR
SKU_032,2025-02-03,0,CD_SUR
SKU_032,2025-02-10,4,CD_SUR
SKU_032,2025-02-17,0,CD_SUR
SKU_032,2025-02-24,24,CD_SUR
SKU_032,2025-03-03,35,CD_SUR
SKU_032,2025-03-10,15,CD_SUR
SKU_032,2025-03-17,37,CD_SUR
SKU_032,2025-03-24,105,CD_SUR
SKU_032,2025-03-31,142,CD_SUR
SKU_032,2025-04-07,16,CD_SUR
SKU_032,2025-04-14,0,CD_SUR
SKU_032,2025-04-21,16,CD_SUR
SKU_032,2025-04-28,190,CD_SUR
SKU_032,2025-05-05,15,CD_SUR
SKU_032,2025-05-12,0,CD_SUR
SKU_032,2025-05-19,58,CD_SUR
SKU_032,2025-05-26,14,CD_SUR
SKU_032,2025-06-02,0,CD_SUR
SKU_032,2025-06-09,22,CD_SUR
SKU_032,2025-06-16,10,CD_SUR
SKU_032,2025-06-23,95,CD_SUR
SKU_032,2025-06-30,105,CD_SUR
SKU_032,2025-07-07,17,CD_SUR
SKU_032,2025-07-14,196,CD_SUR
SKU_032,2025-07-21,0,CD_SUR
SKU_032,2025-07-28,0,CD_SUR
SKU_032,2025-08-04,22,CD_SUR
SKU_032,2025-08-11,5,CD_SUR
SKU_032,2025-08-18,0,CD_SUR
SKU_032,2025-08-25,70,CD_SUR
SKU_032,2025-09-01,44,CD_SUR
SKU_032,2025-09-08,16,CD_SUR
SKU_032,2025-09-15,14,CD_SUR
SKU_032,2025-09-22,182,CD_SUR
SKU_032,2025-09-29,97,CD_SUR
SKU_032,2025-10-06,81,CD_SUR
SKU_032,2025-10-13,0,CD_SUR
SKU_032,2025-10-20,7,CD_SUR
SKU_032,2025-10-27,69,CD_SUR
SKU_032,2025-11-03,0,CD_SUR
SKU_032,2025-11-10,12,CD_SUR
SKU_032,2025-11-17,186,CD_SUR
SKU_032,2025-11-24,3,CD_SUR
SKU_032,2025-12-01,21,CD_SUR
SKU_032,2025-12-08,27,CD_SUR
SKU_032,2025-12-15,85,CD_SUR
SKU_032,2025-12-22,71,CD_SUR
SKU_032,2025-12-29,0,CD_SUR
SKU_033,2024-01-08,204,CD_NORTE
SKU_033,2024-01-15,19,CD_NORTE
SKU_033,2024-01-22,41,CD_NORTE
SKU_033,2024-01-29,19,CD_NORTE
SKU_033,2024-02-05,95,CD_NORTE
SKU_033,2024-02-12,128,CD_NORTE
SKU_033,2024-02-19,39,CD_NORTE
SKU_033,2024-02-26,80,CD_NORTE
SKU_033,2024-03-04,121,CD_NORTE
SKU_033,2024-03-11,56,CD_NORTE
SKU_033,2024-03-18,198,CD_NORTE
SKU_033,2024-03-25,152,CD_NORTE
SKU_033,2024-04-01,7,CD_NORTE
SKU_033,2024-04-08,100,CD_NORTE
SKU_033,2024-04-15,28,CD_NORTE
SKU_033,2024-04-22,286,CD_NORTE
SKU_033,2024-04-29,324,CD_NORTE
SKU_033,2024-05-06,218,CD_NORTE
SKU_033,2024-05-13,53,CD_NORTE
SKU_033,2024-05-20,35,CD_NORTE
SKU_033,2024-05-27,28,CD_NORTE
SKU_033,2024-06-03,244,CD_NORTE
SKU_033,2024-06-10,0,CD_NORTE
SKU_033,2024-06-17,0,CD_NORTE
SKU_033,2024-06-24,0,CD_NORTE
SKU_033,2024-07-01,12,CD_NORTE
SKU_033,2024-07-08,82,CD_NORTE
SKU_033,2024-07-15,0,CD_NORTE
SKU_033,2024-07-22,40,CD_NORTE
SKU_033,2024-07-29,26,CD_NORTE
SKU_033,2024-08-05,365,CD_NORTE
SKU_033,2024-08-12,0,CD_NORTE
SKU_033,2024-08-19,134,CD_NORTE
SKU_033,2024-08-26,44,CD_NORTE
SKU_033,2024-09-02,10,CD_NORTE
SKU_033,2024-09-09,75,CD_NORTE
SKU_033,2024-09-16,25,CD_NORTE
SKU_033,2024-09-23,79,CD_NORTE
SKU_033,2024-09-30,186,CD_NORTE
SKU_033,2024-10-07,99,CD_NORTE
SKU_033,2024-10-14,0,CD_NORTE
SKU_033,2024-10-21,103,CD_NORTE
SKU_033,2024-10-28,80,CD_NORTE
SKU_033,2024-11-04,270,CD_NORTE
SKU_033,2024-11-11,0,CD_NORTE
SKU_033,2024-11-18,277,CD_NORTE
SKU_033,2024-11-25,172,CD_NORTE
SKU_033,2024-12-02,38,CD_NORTE
SKU_033,2024-12-09,0,CD_NORTE
SKU_033,2024-12-16,63,CD_NORTE
SKU_033,2024-12-23,21,CD_NORTE
SKU_033,2024-12-30,104,CD_NORTE
SKU_033,2025-01-06,71,CD_NORTE
SKU_033,2025-01-13,11,CD_NORTE
SKU_033,2025-01-20,23,CD_NORTE
SKU_033,2025-01-27,67,CD_NORTE
SKU_033,2025-02-03,0,CD_NORTE
SKU_033,2025-02-10,225,CD_NORTE
SKU_033,2025-02-17,0,CD_NORTE
SKU_033,2025-02-24,86,CD_NORTE
SKU_033,2025-03-03,118,CD_NORTE
SKU_033,2025-03-10,43,CD_NORTE
SKU_033,2025-03-17,87,CD_NORTE
SKU_033,2025-03-24,61,CD_NORTE
SKU_033,2025-03-31,111,CD_NORTE
SKU_033,2025-04-07,5,CD_NORTE
SKU_033,2025-04-14,70,CD_NORTE
SKU_033,2025-04-21,36,CD_NORTE
SKU_033,2025-04-28,41,CD_NORTE
SKU_033,2025-05-05,334,CD_NORTE
SKU_033,2025-05-12,0,CD_NORTE
SKU_033,2025-05-19,21,CD_NORTE
SKU_033,2025-05-26,38,CD_NORTE
SKU_033,2025-06-02,0,CD_NORTE
SKU_033,2025-06-09,0,CD_NORTE
SKU_033,2025-06-16,73,CD_NORTE
SKU_033,2025-06-23,205,CD_NORTE
SKU_033,2025-06-30,56,CD_NORTE
SKU_033,2025-07-07,140,CD_NORTE
SKU_033,2025-07-14,200,CD_NORTE
SKU_033,2025-07-21,38,CD_NORTE
SKU_033,2025-07-28,51,CD_NORTE
SKU_033,2025-08-04,45,CD_NORTE
SKU_033,2025-08-11,184,CD_NORTE
SKU_033,2025-08-18,5,CD_NORTE
SKU_033,2025-08-25,38,CD_NORTE
SKU_033,2025-09-01,117,CD_NORTE
SKU_033,2025-09-08,86,CD_NORTE
SKU_033,2025-09-15,59,CD_NORTE
SKU_033,2025-09-22,80,CD_NORTE
SKU_033,2025-09-29,23,CD_NORTE
SKU_033,2025-10-06,58,CD_NORTE
SKU_033,2025-10-13,72,CD_NORTE
SKU_033,2025-10-20,238,CD_NORTE
SKU_033,2025-10-27,31,CD_NORTE
SKU_033,2025-11-03,208,CD_NORTE
SKU_033,2025-11-10,106,CD_NORTE
SKU_033,2025-11-17,2,CD_NORTE
SKU_033,2025-11-24,133,CD_NORTE
SKU_033,2025-12-01,4,CD_NORTE
SKU_033,2025-12-08,0,CD_NORTE
SKU_033,2025-12-15,612,CD_NORTE
SKU_033,2025-12-22,212,CD_NORTE
SKU_033,2025-12-29,0,CD_NORTE
SKU_033,2024-01-08,218,CD_CENTRO
SKU_033,2024-01-15,6,CD_CENTRO
SKU_033,2024-01-22,40,CD_CENTRO
SKU_033,2024-01-29,496,CD_CENTRO
SKU_033,2024-02-05,58,CD_CENTRO
SKU_033,2024-02-12,15,CD_CENTRO
SKU_033,2024-02-19,366,CD_CENTRO
SKU_033,2024-02-26,435,CD_CENTRO
SKU_033,2024-03-04,22,CD_CENTRO
SKU_033,2024-03-11,0,CD_CENTRO
SKU_033,2024-03-18,210,CD_CENTRO
SKU_033,2024-03-25,52,CD_CENTRO
SKU_033,2024-04-01,50,CD_CENTRO
SKU_033,2024-04-08,32,CD_CENTRO
SKU_033,2024-04-15,5,CD_CENTRO
SKU_033,2024-04-22,33,CD_CENTRO
SKU_033,2024-04-29,6,CD_CENTRO
SKU_033,2024-05-06,271,CD_CENTRO
SKU_033,2024-05-13,114,CD_CENTRO
SKU_033,2024-05-20,229,CD_CENTRO
SKU_033,2024-05-27,133,CD_CENTRO
SKU_033,2024-06-03,15,CD_CENTRO
SKU_033,2024-06-10,296,CD_CENTRO
SKU_033,2024-06-17,242,CD_CENTRO
SKU_033,2024-06-24,45,CD_CENTRO
SKU_033,2024-07-01,12,CD_CENTRO
SKU_033,2024-07-08,128,CD_CENTRO
SKU_033,2024-07-15,137,CD_CENTRO
SKU_033,2024-07-22,238,CD_CENTRO
SKU_033,2024-07-29,6,CD_CENTRO
SKU_033,2024-08-05,16,CD_CENTRO
SKU_033,2024-08-12,96,CD_CENTRO
SKU_033,2024-08-19,101,CD_CENTRO
SKU_033,2024-08-26,4,CD_CENTRO
SKU_033,2024-09-02,53,CD_CENTRO
SKU_033,2024-09-09,92,CD_CENTRO
SKU_033,2024-09-16,141,CD_CENTRO
SKU_033,2024-09-23,40,CD_CENTRO
SKU_033,2024-09-30,69,CD_CENTRO
SKU_033,2024-10-07,177,CD_CENTRO
SKU_033,2024-10-14,323,CD_CENTRO
SKU_033,2024-10-21,27,CD_CENTRO
SKU_033,2024-10-28,31,CD_CENTRO
SKU_033,2024-11-04,295,CD_CENTRO
SKU_033,2024-11-11,169,CD_CENTRO
SKU_033,2024-11-18,133,CD_CENTRO
SKU_033,2024-11-25,289,CD_CENTRO
SKU_033,2024-12-02,35,CD_CENTRO
SKU_033,2024-12-09,111,CD_CENTRO
SKU_033,2024-12-16,0,CD_CENTRO
SKU_033,2024-12-23,112,CD_CENTRO
SKU_033,2024-12-30,94,CD_CENTRO
SKU_033,2025-01-06,11,CD_CENTRO
SKU_033,2025-01-13,560,CD_CENTRO
SKU_033,2025-01-20,0,CD_CENTRO
SKU_033,2025-01-27,54,CD_CENTRO
SKU_033,2025-02-03,107,CD_CENTRO
SKU_033,2025-02-10,228,CD_CENTRO
SKU_033,2025-02-17,58,CD_CENTRO
SKU_033,2025-02-24,0,CD_CENTRO
SKU_033,2025-03-03,0,CD_CENTRO
SKU_033,2025-03-10,156,CD_CENTRO
SKU_033,2025-03-17,375,CD_CENTRO
SKU_033,2025-03-24,47,CD_CENTRO
SKU_033,2025-03-31,55,CD_CENTRO
SKU_033,2025-04-07,248,CD_CENTRO
SKU_033,2025-04-14,18,CD_CENTRO
SKU_033,2025-04-21,0,CD_CENTRO
SKU_033,2025-04-28,3,CD_CENTRO
SKU_033,2025-05-05,252,CD_CENTRO
SKU_033,2025-05-12,181,CD_CENTRO
SKU_033,2025-05-19,0,CD_CENTRO
SKU_033,2025-05-26,378,CD_CENTRO
SKU_033,2025-06-02,6,CD_CENTRO
SKU_033,2025-06-09,18,CD_CENTRO
SKU_033,2025-06-16,12,CD_CENTRO
SKU_033,2025-06-23,0,CD_CENTRO
SKU_033,2025-06-30,121,CD_CENTRO
SKU_033,2025-07-07,98,CD_CENTRO
SKU_033,2025-07-14,47,CD_CENTRO
SKU_033,2025-07-21,6,CD_CENTRO
SKU_033,2025-07-28,107,CD_CENTRO
SKU_033,2025-08-04,89,CD_CENTRO
SKU_033,2025-08-11,13,CD_CENTRO
SKU_033,2025-08-18,0,CD_CENTRO
SKU_033,2025-08-25,252,CD_CENTRO
SKU_033,2025-09-01,50,CD_CENTRO
SKU_033,2025-09-08,143,CD_CENTRO
SKU_033,2025-09-15,0,CD_CENTRO
SKU_033,2025-09-22,227,CD_CENTRO
SKU_033,2025-09-29,91,CD_CENTRO
SKU_033,2025-10-06,30,CD_CENTRO
SKU_033,2025-10-13,39,CD_CENTRO
SKU_033,2025-10-20,228,CD_CENTRO
SKU_033,2025-10-27,0,CD_CENTRO
SKU_033,2025-11-03,0,CD_CENTRO
SKU_033,2025-11-10,0,CD_CENTRO
SKU_033,2025-11-17,37,CD_CENTRO
SKU_033,2025-11-24,0,CD_CENTRO
SKU_033,2025-12-01,0,CD_CENTRO
SKU_033,2025-12-08,0,CD_CENTRO
SKU_033,2025-12-15,144,CD_CENTRO
SKU_033,2025-12-22,485,CD_CENTRO
SKU_033,2025-12-29,903,CD_CENTRO
SKU_033,2024-01-08,0,CD_SUR
SKU_033,2024-01-15,1,CD_SUR
SKU_033,2024-01-22,29,CD_SUR
SKU_033,2024-01-29,0,CD_SUR
SKU_033,2024-02-05,22,CD_SUR
SKU_033,2024-02-12,20,CD_SUR
SKU_033,2024-02-19,17,CD_SUR
SKU_033,2024-02-26,83,CD_SUR
SKU_033,2024-03-04,6,CD_SUR
SKU_033,2024-03-11,91,CD_SUR
SKU_033,2024-03-18,0,CD_SUR
SKU_033,2024-03-25,79,CD_SUR
SKU_033,2024-04-01,19,CD_SUR
SKU_033,2024-04-08,20,CD_SUR
SKU_033,2024-04-15,134,CD_SUR
SKU_033,2024-04-22,96,CD_SUR
SKU_033,2024-04-29,140,CD_SUR
SKU_033,2024-05-06,128,CD_SUR
SKU_033,2024-05-13,224,CD_SUR
SKU_033,2024-05-20,0,CD_SUR
SKU_033,2024-05-27,58,CD_SUR
SKU_033,2024-06-03,160,CD_SUR
SKU_033,2024-06-10,111,CD_SUR
SKU_033,2024-06-17,0,CD_SUR
SKU_033,2024-06-24,151,CD_SUR
SKU_033,2024-07-01,1,CD_SUR
SKU_033,2024-07-08,226,CD_SUR
SKU_033,2024-07-15,43,CD_SUR
SKU_033,2024-07-22,107,CD_SUR
SKU_033,2024-07-29,9,CD_SUR
SKU_033,2024-08-05,34,CD_SUR
SKU_033,2024-08-12,0,CD_SUR
SKU_033,2024-08-19,21,CD_SUR
SKU_033,2024-08-26,23,CD_SUR
SKU_033,2024-09-02,9,CD_SUR
SKU_033,2024-09-09,110,CD_SUR
SKU_033,2024-09-16,1,CD_SUR
SKU_033,2024-09-23,25,CD_SUR
SKU_033,2024-09-30,13,CD_SUR
SKU_033,2024-10-07,60,CD_SUR
SKU_033,2024-10-14,20,CD_SUR
SKU_033,2024-10-21,20,CD_SUR
SKU_033,2024-10-28,45,CD_SUR
SKU_033,2024-11-04,71,CD_SUR
SKU_033,2024-11-11,9,CD_SUR
SKU_033,2024-11-18,13,CD_SUR
SKU_033,2024-11-25,19,CD_SUR
SKU_033,2024-12-02,0,CD_SUR
SKU_033,2024-12-09,0,CD_SUR
SKU_033,2024-12-16,0,CD_SUR
SKU_033,2024-12-23,244,CD_SUR
SKU_033,2024-12-30,34,CD_SUR
SKU_033,2025-01-06,61,CD_SUR
SKU_033,2025-01-13,19,CD_SUR
SKU_033,2025-01-20,45,CD_SUR
SKU_033,2025-01-27,0,CD_SUR
SKU_033,2025-02-03,5,CD_SUR
SKU_033,2025-02-10,2,CD_SUR
SKU_033,2025-02-17,42,CD_SUR
SKU_033,2025-02-24,0,CD_SUR
SKU_033,2025-03-03,34,CD_SUR
SKU_033,2025-03-10,10,CD_SUR
SKU_033,2025-03-17,0,CD_SUR
SKU_033,2025-03-24,78,CD_SUR
SKU_033,2025-03-31,332,CD_SUR
SKU_033,2025-04-07,34,CD_SUR
SKU_033,2025-04-14,66,CD_SUR
SKU_033,2025-04-21,221,CD_SUR
SKU_033,2025-04-28,119,CD_SUR
SKU_033,2025-05-05,0,CD_SUR
SKU_033,2025-05-12,42,CD_SUR
SKU_033,2025-05-19,90,CD_SUR
SKU_033,2025-05-26,9,CD_SUR
SKU_033,2025-06-02,48,CD_SUR
SKU_033,2025-06-09,22,CD_SUR
SKU_033,2025-06-16,12,CD_SUR
SKU_033,2025-06-23,37,CD_SUR
SKU_033,2025-06-30,21,CD_SUR
SKU_033,2025-07-07,80,CD_SUR
SKU_033,2025-07-14,41,CD_SUR
SKU_033,2025-07-21,51,CD_SUR
SKU_033,2025-07-28,11,CD_SUR
SKU_033,2025-08-04,10,CD_SUR
SKU_033,2025-08-11,59,CD_SUR
SKU_033,2025-08-18,281,CD_SUR
SKU_033,2025-08-25,7,CD_SUR
SKU_033,2025-09-01,0,CD_SUR
SKU_033,2025-09-08,68,CD_SUR
SKU_033,2025-09-15,136,CD_SUR
SKU_033,2025-09-22,5,CD_SUR
SKU_033,2025-09-29,140,CD_SUR
SKU_033,2025-10-06,50,CD_SUR
SKU_033,2025-10-13,35,CD_SUR
SKU_033,2025-10-20,25,CD_SUR
SKU_033,2025-10-27,24,CD_SUR
SKU_033,2025-11-03,24,CD_SUR
SKU_033,2025-11-10,145,CD_SUR
SKU_033,2025-11-17,0,CD_SUR
SKU_033,2025-11-24,0,CD_SUR
SKU_033,2025-12-01,86,CD_SUR
SKU_033,2025-12-08,74,CD_SUR
SKU_033,2025-12-15,107,CD_SUR
SKU_033,2025-12-22,20,CD_SUR
SKU_033,2025-12-29,0,CD_SUR
SKU_034,2024-01-08,0,CD_NORTE
SKU_034,2024-01-15,55,CD_NORTE
SKU_034,2024-01-22,78,CD_NORTE
SKU_034,2024-01-29,15,CD_NORTE
SKU_034,2024-02-05,3,CD_NORTE
SKU_034,2024-02-12,17,CD_NORTE
SKU_034,2024-02-19,0,CD_NORTE
SKU_034,2024-02-26,104,CD_NORTE
SKU_034,2024-03-04,8,CD_NORTE
SKU_034,2024-03-11,22,CD_NORTE
SKU_034,2024-03-18,43,CD_NORTE
SKU_034,2024-03-25,9,CD_NORTE
SKU_034,2024-04-01,0,CD_NORTE
SKU_034,2024-04-08,22,CD_NORTE
SKU_034,2024-04-15,254,CD_NORTE
SKU_034,2024-04-22,2,CD_NORTE
SKU_034,2024-04-29,0,CD_NORTE
SKU_034,2024-05-06,0,CD_NORTE
SKU_034,2024-05-13,111,CD_NORTE
SKU_034,2024-05-20,0,CD_NORTE
SKU_034,2024-05-27,51,CD_NORTE
SKU_034,2024-06-03,0,CD_NORTE
SKU_034,2024-06-10,117,CD_NORTE
SKU_034,2024-06-17,93,CD_NORTE
SKU_034,2024-06-24,27,CD_NORTE
SKU_034,2024-07-01,197,CD_NORTE
SKU_034,2024-07-08,71,CD_NORTE
SKU_034,2024-07-15,182,CD_NORTE
SKU_034,2024-07-22,55,CD_NORTE
SKU_034,2024-07-29,0,CD_NORTE
SKU_034,2024-08-05,439,CD_NORTE
SKU_034,2024-08-12,155,CD_NORTE
SKU_034,2024-08-19,355,CD_NORTE
SKU_034,2024-08-26,0,CD_NORTE
SKU_034,2024-09-02,0,CD_NORTE
SKU_034,2024-09-09,76,CD_NORTE
SKU_034,2024-09-16,67,CD_NORTE
SKU_034,2024-09-23,148,CD_NORTE
SKU_034,2024-09-30,223,CD_NORTE
SKU_034,2024-10-07,349,CD_NORTE
SKU_034,2024-10-14,0,CD_NORTE
SKU_034,2024-10-21,41,CD_NORTE
SKU_034,2024-10-28,168,CD_NORTE
SKU_034,2024-11-04,80,CD_NORTE
SKU_034,2024-11-11,83,CD_NORTE
SKU_034,2024-11-18,21,CD_NORTE
SKU_034,2024-11-25,45,CD_NORTE
SKU_034,2024-12-02,281,CD_NORTE
SKU_034,2024-12-09,17,CD_NORTE
SKU_034,2024-12-16,105,CD_NORTE
SKU_034,2024-12-23,94,CD_NORTE
SKU_034,2024-12-30,0,CD_NORTE
SKU_034,2025-01-06,14,CD_NORTE
SKU_034,2025-01-13,41,CD_NORTE
SKU_034,2025-01-20,87,CD_NORTE
SKU_034,2025-01-27,22,CD_NORTE
SKU_034,2025-02-03,169,CD_NORTE
SKU_034,2025-02-10,376,CD_NORTE
SKU_034,2025-02-17,25,CD_NORTE
SKU_034,2025-02-24,22,CD_NORTE
SKU_034,2025-03-03,64,CD_NORTE
SKU_034,2025-03-10,0,CD_NORTE
SKU_034,2025-03-17,145,CD_NORTE
SKU_034,2025-03-24,0,CD_NORTE
SKU_034,2025-03-31,35,CD_NORTE
SKU_034,2025-04-07,2,CD_NORTE
SKU_034,2025-04-14,82,CD_NORTE
SKU_034,2025-04-21,329,CD_NORTE
SKU_034,2025-04-28,52,CD_NORTE
SKU_034,2025-05-05,57,CD_NORTE
SKU_034,2025-05-12,364,CD_NORTE
SKU_034,2025-05-19,125,CD_NORTE
SKU_034,2025-05-26,0,CD_NORTE
SKU_034,2025-06-02,133,CD_NORTE
SKU_034,2025-06-09,87,CD_NORTE
SKU_034,2025-06-16,386,CD_NORTE
SKU_034,2025-06-23,0,CD_NORTE
SKU_034,2025-06-30,123,CD_NORTE
SKU_034,2025-07-07,0,CD_NORTE
SKU_034,2025-07-14,237,CD_NORTE
SKU_034,2025-07-21,126,CD_NORTE
SKU_034,2025-07-28,139,CD_NORTE
SKU_034,2025-08-04,36,CD_NORTE
SKU_034,2025-08-11,0,CD_NORTE
SKU_034,2025-08-18,38,CD_NORTE
SKU_034,2025-08-25,0,CD_NORTE
SKU_034,2025-09-01,160,CD_NORTE
SKU_034,2025-09-08,37,CD_NORTE
SKU_034,2025-09-15,87,CD_NORTE
SKU_034,2025-09-22,30,CD_NORTE
SKU_034,2025-09-29,178,CD_NORTE
SKU_034,2025-10-06,12,CD_NORTE
SKU_034,2025-10-13,582,CD_NORTE
SKU_034,2025-10-20,97,CD_NORTE
SKU_034,2025-10-27,22,CD_NORTE
SKU_034,2025-11-03,82,CD_NORTE
SKU_034,2025-11-10,35,CD_NORTE
SKU_034,2025-11-17,41,CD_NORTE
SKU_034,2025-11-24,106,CD_NORTE
SKU_034,2025-12-01,0,CD_NORTE
SKU_034,2025-12-08,7,CD_NORTE
SKU_034,2025-12-15,448,CD_NORTE
SKU_034,2025-12-22,3,CD_NORTE
SKU_034,2025-12-29,114,CD_NORTE
SKU_034,2024-01-08,18,CD_CENTRO
SKU_034,2024-01-15,5,CD_CENTRO
SKU_034,2024-01-22,114,CD_CENTRO
SKU_034,2024-01-29,106,CD_CENTRO
SKU_034,2024-02-05,126,CD_CENTRO
SKU_034,2024-02-12,0,CD_CENTRO
SKU_034,2024-02-19,52,CD_CENTRO
SKU_034,2024-02-26,92,CD_CENTRO
SKU_034,2024-03-04,13,CD_CENTRO
SKU_034,2024-03-11,79,CD_CENTRO
SKU_034,2024-03-18,7,CD_CENTRO
SKU_034,2024-03-25,15,CD_CENTRO
SKU_034,2024-04-01,48,CD_CENTRO
SKU_034,2024-04-08,0,CD_CENTRO
SKU_034,2024-04-15,80,CD_CENTRO
SKU_034,2024-04-22,12,CD_CENTRO
SKU_034,2024-04-29,15,CD_CENTRO
SKU_034,2024-05-06,17,CD_CENTRO
SKU_034,2024-05-13,20,CD_CENTRO
SKU_034,2024-05-20,0,CD_CENTRO
SKU_034,2024-05-27,0,CD_CENTRO
SKU_034,2024-06-03,19,CD_CENTRO
SKU_034,2024-06-10,38,CD_CENTRO
SKU_034,2024-06-17,0,CD_CENTRO
SKU_034,2024-06-24,80,CD_CENTRO
SKU_034,2024-07-01,0,CD_CENTRO
SKU_034,2024-07-08,43,CD_CENTRO
SKU_034,2024-07-15,112,CD_CENTRO
SKU_034,2024-07-22,95,CD_CENTRO
SKU_034,2024-07-29,10,CD_CENTRO
SKU_034,2024-08-05,4,CD_CENTRO
SKU_034,2024-08-12,158,CD_CENTRO
SKU_034,2024-08-19,6,CD_CENTRO
SKU_034,2024-08-26,0,CD_CENTRO
SKU_034,2024-09-02,12,CD_CENTRO
SKU_034,2024-09-09,2,CD_CENTRO
SKU_034,2024-09-16,74,CD_CENTRO
SKU_034,2024-09-23,65,CD_CENTRO
SKU_034,2024-09-30,325,CD_CENTRO
SKU_034,2024-10-07,163,CD_CENTRO
SKU_034,2024-10-14,40,CD_CENTRO
SKU_034,2024-10-21,35,CD_CENTRO
SKU_034,2024-10-28,26,CD_CENTRO
SKU_034,2024-11-04,12,CD_CENTRO
SKU_034,2024-11-11,11,CD_CENTRO
SKU_034,2024-11-18,0,CD_CENTRO
SKU_034,2024-11-25,0,CD_CENTRO
SKU_034,2024-12-02,0,CD_CENTRO
SKU_034,2024-12-09,0,CD_CENTRO
SKU_034,2024-12-16,11,CD_CENTRO
SKU_034,2024-12-23,9,CD_CENTRO
SKU_034,2024-12-30,21,CD_CENTRO
SKU_034,2025-01-06,91,CD_CENTRO
SKU_034,2025-01-13,0,CD_CENTRO
SKU_034,2025-01-20,0,CD_CENTRO
SKU_034,2025-01-27,244,CD_CENTRO
SKU_034,2025-02-03,65,CD_CENTRO
SKU_034,2025-02-10,329,CD_CENTRO
SKU_034,2025-02-17,108,CD_CENTRO
SKU_034,2025-02-24,46,CD_CENTRO
SKU_034,2025-03-03,29,CD_CENTRO
SKU_034,2025-03-10,0,CD_CENTRO
SKU_034,2025-03-17,15,CD_CENTRO
SKU_034,2025-03-24,0,CD_CENTRO
SKU_034,2025-03-31,12,CD_CENTRO
SKU_034,2025-04-07,218,CD_CENTRO
SKU_034,2025-04-14,325,CD_CENTRO
SKU_034,2025-04-21,0,CD_CENTRO
SKU_034,2025-04-28,3,CD_CENTRO
SKU_034,2025-05-05,0,CD_CENTRO
SKU_034,2025-05-12,12,CD_CENTRO
SKU_034,2025-05-19,41,CD_CENTRO
SKU_034,2025-05-26,15,CD_CENTRO
SKU_034,2025-06-02,34,CD_CENTRO
SKU_034,2025-06-09,10,CD_CENTRO
SKU_034,2025-06-16,46,CD_CENTRO
SKU_034,2025-06-23,24,CD_CENTRO
SKU_034,2025-06-30,33,CD_CENTRO
SKU_034,2025-07-07,0,CD_CENTRO
SKU_034,2025-07-14,7,CD_CENTRO
SKU_034,2025-07-21,0,CD_CENTRO
SKU_034,2025-07-28,42,CD_CENTRO
SKU_034,2025-08-04,307,CD_CENTRO
SKU_034,2025-08-11,30,CD_CENTRO
SKU_034,2025-08-18,157,CD_CENTRO
SKU_034,2025-08-25,139,CD_CENTRO
SKU_034,2025-09-01,228,CD_CENTRO
SKU_034,2025-09-08,117,CD_CENTRO
SKU_034,2025-09-15,81,CD_CENTRO
SKU_034,2025-09-22,146,CD_CENTRO
SKU_034,2025-09-29,6,CD_CENTRO
SKU_034,2025-10-06,47,CD_CENTRO
SKU_034,2025-10-13,0,CD_CENTRO
SKU_034,2025-10-20,340,CD_CENTRO
SKU_034,2025-10-27,110,CD_CENTRO
SKU_034,2025-11-03,245,CD_CENTRO
SKU_034,2025-11-10,113,CD_CENTRO
SKU_034,2025-11-17,156,CD_CENTRO
SKU_034,2025-11-24,92,CD_CENTRO
SKU_034,2025-12-01,0,CD_CENTRO
SKU_034,2025-12-08,271,CD_CENTRO
SKU_034,2025-12-15,56,CD_CENTRO
SKU_034,2025-12-22,194,CD_CENTRO
SKU_034,2025-12-29,131,CD_CENTRO
SKU_034,2024-01-08,23,CD_SUR
SKU_034,2024-01-15,45,CD_SUR
SKU_034,2024-01-22,131,CD_SUR
SKU_034,2024-01-29,0,CD_SUR
SKU_034,2024-02-05,29,CD_SUR
SKU_034,2024-02-12,52,CD_SUR
SKU_034,2024-02-19,80,CD_SUR
SKU_034,2024-02-26,98,CD_SUR
SKU_034,2024-03-04,0,CD_SUR
SKU_034,2024-03-11,13,CD_SUR
SKU_034,2024-03-18,0,CD_SUR
SKU_034,2024-03-25,58,CD_SUR
SKU_034,2024-04-01,170,CD_SUR
SKU_034,2024-04-08,242,CD_SUR
SKU_034,2024-04-15,75,CD_SUR
SKU_034,2024-04-22,288,CD_SUR
SKU_034,2024-04-29,0,CD_SUR
SKU_034,2024-05-06,59,CD_SUR
SKU_034,2024-05-13,41,CD_SUR
SKU_034,2024-05-20,56,CD_SUR
SKU_034,2024-05-27,9,CD_SUR
SKU_034,2024-06-03,36,CD_SUR
SKU_034,2024-06-10,0,CD_SUR
SKU_034,2024-06-17,43,CD_SUR
SKU_034,2024-06-24,132,CD_SUR
SKU_034,2024-07-01,0,CD_SUR
SKU_034,2024-07-08,0,CD_SUR
SKU_034,2024-07-15,100,CD_SUR
SKU_034,2024-07-22,0,CD_SUR
SKU_034,2024-07-29,64,CD_SUR
SKU_034,2024-08-05,0,CD_SUR
SKU_034,2024-08-12,30,CD_SUR
SKU_034,2024-08-19,14,CD_SUR
SKU_034,2024-08-26,30,CD_SUR
SKU_034,2024-09-02,80,CD_SUR
SKU_034,2024-09-09,21,CD_SUR
SKU_034,2024-09-16,39,CD_SUR
SKU_034,2024-09-23,34,CD_SUR
SKU_034,2024-09-30,102,CD_SUR
SKU_034,2024-10-07,151,CD_SUR
SKU_034,2024-10-14,84,CD_SUR
SKU_034,2024-10-21,29,CD_SUR
SKU_034,2024-10-28,0,CD_SUR
SKU_034,2024-11-04,40,CD_SUR
SKU_034,2024-11-11,11,CD_SUR
SKU_034,2024-11-18,13,CD_SUR
SKU_034,2024-11-25,13,CD_SUR
SKU_034,2024-12-02,0,CD_SUR
SKU_034,2024-12-09,0,CD_SUR
SKU_034,2024-12-16,10,CD_SUR
SKU_034,2024-12-23,14,CD_SUR
SKU_034,2024-12-30,16,CD_SUR
SKU_034,2025-01-06,8,CD_SUR
SKU_034,2025-01-13,72,CD_SUR
SKU_034,2025-01-20,325,CD_SUR
SKU_034,2025-01-27,148,CD_SUR
SKU_034,2025-02-03,3,CD_SUR
SKU_034,2025-02-10,39,CD_SUR
SKU_034,2025-02-17,137,CD_SUR
SKU_034,2025-02-24,0,CD_SUR
SKU_034,2025-03-03,10,CD_SUR
SKU_034,2025-03-10,132,CD_SUR
SKU_034,2025-03-17,63,CD_SUR
SKU_034,2025-03-24,187,CD_SUR
SKU_034,2025-03-31,146,CD_SUR
SKU_034,2025-04-07,79,CD_SUR
SKU_034,2025-04-14,75,CD_SUR
SKU_034,2025-04-21,17,CD_SUR
SKU_034,2025-04-28,0,CD_SUR
SKU_034,2025-05-05,0,CD_SUR
SKU_034,2025-05-12,9,CD_SUR
SKU_034,2025-05-19,0,CD_SUR
SKU_034,2025-05-26,38,CD_SUR
SKU_034,2025-06-02,14,CD_SUR
SKU_034,2025-06-09,8,CD_SUR
SKU_034,2025-06-16,25,CD_SUR
SKU_034,2025-06-23,138,CD_SUR
SKU_034,2025-06-30,0,CD_SUR
SKU_034,2025-07-07,1,CD_SUR
SKU_034,2025-07-14,24,CD_SUR
SKU_034,2025-07-21,0,CD_SUR
SKU_034,2025-07-28,0,CD_SUR
SKU_034,2025-08-04,89,CD_SUR
SKU_034,2025-08-11,50,CD_SUR
SKU_034,2025-08-18,14,CD_SUR
SKU_034,2025-08-25,233,CD_SUR
SKU_034,2025-09-01,61,CD_SUR
SKU_034,2025-09-08,52,CD_SUR
SKU_034,2025-09-15,1,CD_SUR
SKU_034,2025-09-22,47,CD_SUR
SKU_034,2025-09-29,127,CD_SUR
SKU_034,2025-10-06,17,CD_SUR
SKU_034,2025-10-13,77,CD_SUR
SKU_034,2025-10-20,1,CD_SUR
SKU_034,2025-10-27,264,CD_SUR
SKU_034,2025-11-03,5,CD_SUR
SKU_034,2025-11-10,160,CD_SUR
SKU_034,2025-11-17,26,CD_SUR
SKU_034,2025-11-24,62,CD_SUR
SKU_034,2025-12-01,80,CD_SUR
SKU_034,2025-12-08,11,CD_SUR
SKU_034,2025-12-15,133,CD_SUR
SKU_034,2025-12-22,0,CD_SUR
SKU_034,2025-12-29,28,CD_SUR
SKU_035,2024-01-08,403,CD_NORTE
SKU_035,2024-01-15,54,CD_NORTE
SKU_035,2024-01-22,264,CD_NORTE
SKU_035,2024-01-29,28,CD_NORTE
SKU_035,2024-02-05,23,CD_NORTE
SKU_035,2024-02-12,106,CD_NORTE
SKU_035,2024-02-19,0,CD_NORTE
SKU_035,2024-02-26,166,CD_NORTE
SKU_035,2024-03-04,92,CD_NORTE
SKU_035,2024-03-11,29,CD_NORTE
SKU_035,2024-03-18,4,CD_NORTE
SKU_035,2024-03-25,106,CD_NORTE
SKU_035,2024-04-01,15,CD_NORTE
SKU_035,2024-04-08,46,CD_NORTE
SKU_035,2024-04-15,124,CD_NORTE
SKU_035,2024-04-22,11,CD_NORTE
SKU_035,2024-04-29,15,CD_NORTE
SKU_035,2024-05-06,0,CD_NORTE
SKU_035,2024-05-13,7,CD_NORTE
SKU_035,2024-05-20,610,CD_NORTE
SKU_035,2024-05-27,128,CD_NORTE
SKU_035,2024-06-03,260,CD_NORTE
SKU_035,2024-06-10,0,CD_NORTE
SKU_035,2024-06-17,38,CD_NORTE
SKU_035,2024-06-24,154,CD_NORTE
SKU_035,2024-07-01,0,CD_NORTE
SKU_035,2024-07-08,27,CD_NORTE
SKU_035,2024-07-15,76,CD_NORTE
SKU_035,2024-07-22,0,CD_NORTE
SKU_035,2024-07-29,191,CD_NORTE
SKU_035,2024-08-05,186,CD_NORTE
SKU_035,2024-08-12,174,CD_NORTE
SKU_035,2024-08-19,191,CD_NORTE
SKU_035,2024-08-26,26,CD_NORTE
SKU_035,2024-09-02,72,CD_NORTE
SKU_035,2024-09-09,170,CD_NORTE
SKU_035,2024-09-16,243,CD_NORTE
SKU_035,2024-09-23,39,CD_NORTE
SKU_035,2024-09-30,295,CD_NORTE
SKU_035,2024-10-07,0,CD_NORTE
SKU_035,2024-10-14,66,CD_NORTE
SKU_035,2024-10-21,122,CD_NORTE
SKU_035,2024-10-28,34,CD_NORTE
SKU_035,2024-11-04,58,CD_NORTE
SKU_035,2024-11-11,345,CD_NORTE
SKU_035,2024-11-18,79,CD_NORTE
SKU_035,2024-11-25,294,CD_NORTE
SKU_035,2024-12-02,147,CD_NORTE
SKU_035,2024-12-09,91,CD_NORTE
SKU_035,2024-12-16,240,CD_NORTE
SKU_035,2024-12-23,0,CD_NORTE
SKU_035,2024-12-30,120,CD_NORTE
SKU_035,2025-01-06,0,CD_NORTE
SKU_035,2025-01-13,0,CD_NORTE
SKU_035,2025-01-20,0,CD_NORTE
SKU_035,2025-01-27,0,CD_NORTE
SKU_035,2025-02-03,115,CD_NORTE
SKU_035,2025-02-10,31,CD_NORTE
SKU_035,2025-02-17,55,CD_NORTE
SKU_035,2025-02-24,126,CD_NORTE
SKU_035,2025-03-03,0,CD_NORTE
SKU_035,2025-03-10,245,CD_NORTE
SKU_035,2025-03-17,42,CD_NORTE
SKU_035,2025-03-24,27,CD_NORTE
SKU_035,2025-03-31,99,CD_NORTE
SKU_035,2025-04-07,8,CD_NORTE
SKU_035,2025-04-14,138,CD_NORTE
SKU_035,2025-04-21,134,CD_NORTE
SKU_035,2025-04-28,48,CD_NORTE
SKU_035,2025-05-05,246,CD_NORTE
SKU_035,2025-05-12,77,CD_NORTE
SKU_035,2025-05-19,114,CD_NORTE
SKU_035,2025-05-26,0,CD_NORTE
SKU_035,2025-06-02,26,CD_NORTE
SKU_035,2025-06-09,59,CD_NORTE
SKU_035,2025-06-16,218,CD_NORTE
SKU_035,2025-06-23,26,CD_NORTE
SKU_035,2025-06-30,54,CD_NORTE
SKU_035,2025-07-07,42,CD_NORTE
SKU_035,2025-07-14,0,CD_NORTE
SKU_035,2025-07-21,18,CD_NORTE
SKU_035,2025-07-28,38,CD_NORTE
SKU_035,2025-08-04,0,CD_NORTE
SKU_035,2025-08-11,29,CD_NORTE
SKU_035,2025-08-18,283,CD_NORTE
SKU_035,2025-08-25,149,CD_NORTE
SKU_035,2025-09-01,0,CD_NORTE
SKU_035,2025-09-08,0,CD_NORTE
SKU_035,2025-09-15,0,CD_NORTE
SKU_035,2025-09-22,42,CD_NORTE
SKU_035,2025-09-29,159,CD_NORTE
SKU_035,2025-10-06,2,CD_NORTE
SKU_035,2025-10-13,82,CD_NORTE
SKU_035,2025-10-20,0,CD_NORTE
SKU_035,2025-10-27,0,CD_NORTE
SKU_035,2025-11-03,32,CD_NORTE
SKU_035,2025-11-10,13,CD_NORTE
SKU_035,2025-11-17,237,CD_NORTE
SKU_035,2025-11-24,24,CD_NORTE
SKU_035,2025-12-01,190,CD_NORTE
SKU_035,2025-12-08,59,CD_NORTE
SKU_035,2025-12-15,2,CD_NORTE
SKU_035,2025-12-22,145,CD_NORTE
SKU_035,2025-12-29,100,CD_NORTE
SKU_035,2024-01-08,16,CD_CENTRO
SKU_035,2024-01-15,61,CD_CENTRO
SKU_035,2024-01-22,45,CD_CENTRO
SKU_035,2024-01-29,0,CD_CENTRO
SKU_035,2024-02-05,71,CD_CENTRO
SKU_035,2024-02-12,210,CD_CENTRO
SKU_035,2024-02-19,154,CD_CENTRO
SKU_035,2024-02-26,9,CD_CENTRO
SKU_035,2024-03-04,228,CD_CENTRO
SKU_035,2024-03-11,66,CD_CENTRO
SKU_035,2024-03-18,447,CD_CENTRO
SKU_035,2024-03-25,16,CD_CENTRO
SKU_035,2024-04-01,114,CD_CENTRO
SKU_035,2024-04-08,28,CD_CENTRO
SKU_035,2024-04-15,0,CD_CENTRO
SKU_035,2024-04-22,59,CD_CENTRO
SKU_035,2024-04-29,2,CD_CENTRO
SKU_035,2024-05-06,17,CD_CENTRO
SKU_035,2024-05-13,10,CD_CENTRO
SKU_035,2024-05-20,28,CD_CENTRO
SKU_035,2024-05-27,0,CD_CENTRO
SKU_035,2024-06-03,11,CD_CENTRO
SKU_035,2024-06-10,121,CD_CENTRO
SKU_035,2024-06-17,3,CD_CENTRO
SKU_035,2024-06-24,218,CD_CENTRO
SKU_035,2024-07-01,16,CD_CENTRO
SKU_035,2024-07-08,299,CD_CENTRO
SKU_035,2024-07-15,279,CD_CENTRO
SKU_035,2024-07-22,0,CD_CENTRO
SKU_035,2024-07-29,26,CD_CENTRO
SKU_035,2024-08-05,98,CD_CENTRO
SKU_035,2024-08-12,3,CD_CENTRO
SKU_035,2024-08-19,277,CD_CENTRO
SKU_035,2024-08-26,76,CD_CENTRO
SKU_035,2024-09-02,5,CD_CENTRO
SKU_035,2024-09-09,43,CD_CENTRO
SKU_035,2024-09-16,8,CD_CENTRO
SKU_035,2024-09-23,51,CD_CENTRO
SKU_035,2024-09-30,114,CD_CENTRO
SKU_035,2024-10-07,65,CD_CENTRO
SKU_035,2024-10-14,0,CD_CENTRO
SKU_035,2024-10-21,50,CD_CENTRO
SKU_035,2024-10-28,13,CD_CENTRO
SKU_035,2024-11-04,29,CD_CENTRO
SKU_035,2024-11-11,11,CD_CENTRO
SKU_035,2024-11-18,170,CD_CENTRO
SKU_035,2024-11-25,15,CD_CENTRO
SKU_035,2024-12-02,0,CD_CENTRO
SKU_035,2024-12-09,0,CD_CENTRO
SKU_035,2024-12-16,93,CD_CENTRO
SKU_035,2024-12-23,43,CD_CENTRO
SKU_035,2024-12-30,26,CD_CENTRO
SKU_035,2025-01-06,330,CD_CENTRO
SKU_035,2025-01-13,63,CD_CENTRO
SKU_035,2025-01-20,53,CD_CENTRO
SKU_035,2025-01-27,93,CD_CENTRO
SKU_035,2025-02-03,70,CD_CENTRO
SKU_035,2025-02-10,37,CD_CENTRO
SKU_035,2025-02-17,84,CD_CENTRO
SKU_035,2025-02-24,114,CD_CENTRO
SKU_035,2025-03-03,3,CD_CENTRO
SKU_035,2025-03-10,65,CD_CENTRO
SKU_035,2025-03-17,6,CD_CENTRO
SKU_035,2025-03-24,21,CD_CENTRO
SKU_035,2025-03-31,85,CD_CENTRO
SKU_035,2025-04-07,207,CD_CENTRO
SKU_035,2025-04-14,221,CD_CENTRO
SKU_035,2025-04-21,7,CD_CENTRO
SKU_035,2025-04-28,56,CD_CENTRO
SKU_035,2025-05-05,90,CD_CENTRO
SKU_035,2025-05-12,0,CD_CENTRO
SKU_035,2025-05-19,16,CD_CENTRO
SKU_035,2025-05-26,0,CD_CENTRO
SKU_035,2025-06-02,149,CD_CENTRO
SKU_035,2025-06-09,140,CD_CENTRO
SKU_035,2025-06-16,241,CD_CENTRO
SKU_035,2025-06-23,1,CD_CENTRO
SKU_035,2025-06-30,25,CD_CENTRO
SKU_035,2025-07-07,181,CD_CENTRO
SKU_035,2025-07-14,114,CD_CENTRO
SKU_035,2025-07-21,232,CD_CENTRO
SKU_035,2025-07-28,6,CD_CENTRO
SKU_035,2025-08-04,94,CD_CENTRO
SKU_035,2025-08-11,0,CD_CENTRO
SKU_035,2025-08-18,87,CD_CENTRO
SKU_035,2025-08-25,4,CD_CENTRO
SKU_035,2025-09-01,74,CD_CENTRO
SKU_035,2025-09-08,97,CD_CENTRO
SKU_035,2025-09-15,22,CD_CENTRO
SKU_035,2025-09-22,0,CD_CENTRO
SKU_035,2025-09-29,33,CD_CENTRO
SKU_035,2025-10-06,0,CD_CENTRO
SKU_035,2025-10-13,105,CD_CENTRO
SKU_035,2025-10-20,65,CD_CENTRO
SKU_035,2025-10-27,201,CD_CENTRO
SKU_035,2025-11-03,43,CD_CENTRO
SKU_035,2025-11-10,0,CD_CENTRO
SKU_035,2025-11-17,32,CD_CENTRO
SKU_035,2025-11-24,432,CD_CENTRO
SKU_035,2025-12-01,249,CD_CENTRO
SKU_035,2025-12-08,3,CD_CENTRO
SKU_035,2025-12-15,152,CD_CENTRO
SKU_035,2025-12-22,12,CD_CENTRO
SKU_035,2025-12-29,3,CD_CENTRO
SKU_035,2024-01-08,0,CD_SUR
SKU_035,2024-01-15,22,CD_SUR
SKU_035,2024-01-22,0,CD_SUR
SKU_035,2024-01-29,209,CD_SUR
SKU_035,2024-02-05,3,CD_SUR
SKU_035,2024-02-12,31,CD_SUR
SKU_035,2024-02-19,0,CD_SUR
SKU_035,2024-02-26,448,CD_SUR
SKU_035,2024-03-04,101,CD_SUR
SKU_035,2024-03-11,176,CD_SUR
SKU_035,2024-03-18,0,CD_SUR
SKU_035,2024-03-25,0,CD_SUR
SKU_035,2024-04-01,0,CD_SUR
SKU_035,2024-04-08,0,CD_SUR
SKU_035,2024-04-15,158,CD_SUR
SKU_035,2024-04-22,6,CD_SUR
SKU_035,2024-04-29,256,CD_SUR
SKU_035,2024-05-06,30,CD_SUR
SKU_035,2024-05-13,93,CD_SUR
SKU_035,2024-05-20,0,CD_SUR
SKU_035,2024-05-27,119,CD_SUR
SKU_035,2024-06-03,21,CD_SUR
SKU_035,2024-06-10,0,CD_SUR
SKU_035,2024-06-17,430,CD_SUR
SKU_035,2024-06-24,77,CD_SUR
SKU_035,2024-07-01,7,CD_SUR
SKU_035,2024-07-08,318,CD_SUR
SKU_035,2024-07-15,101,CD_SUR
SKU_035,2024-07-22,138,CD_SUR
SKU_035,2024-07-29,86,CD_SUR
SKU_035,2024-08-05,0,CD_SUR
SKU_035,2024-08-12,207,CD_SUR
SKU_035,2024-08-19,4,CD_SUR
SKU_035,2024-08-26,0,CD_SUR
SKU_035,2024-09-02,36,CD_SUR
SKU_035,2024-09-09,73,CD_SUR
SKU_035,2024-09-16,9,CD_SUR
SKU_035,2024-09-23,141,CD_SUR
SKU_035,2024-09-30,58,CD_SUR
SKU_035,2024-10-07,37,CD_SUR
SKU_035,2024-10-14,0,CD_SUR
SKU_035,2024-10-21,146,CD_SUR
SKU_035,2024-10-28,206,CD_SUR
SKU_035,2024-11-04,58,CD_SUR
SKU_035,2024-11-11,96,CD_SUR
SKU_035,2024-11-18,0,CD_SUR
SKU_035,2024-11-25,30,CD_SUR
SKU_035,2024-12-02,112,CD_SUR
SKU_035,2024-12-09,1,CD_SUR
SKU_035,2024-12-16,77,CD_SUR
SKU_035,2024-12-23,119,CD_SUR
SKU_035,2024-12-30,288,CD_SUR
SKU_035,2025-01-06,55,CD_SUR
SKU_035,2025-01-13,167,CD_SUR
SKU_035,2025-01-20,105,CD_SUR
SKU_035,2025-01-27,301,CD_SUR
SKU_035,2025-02-03,58,CD_SUR
SKU_035,2025-02-10,44,CD_SUR
SKU_035,2025-02-17,251,CD_SUR
SKU_035,2025-02-24,6,CD_SUR
SKU_035,2025-03-03,17,CD_SUR
SKU_035,2025-03-10,10,CD_SUR
SKU_035,2025-03-17,213,CD_SUR
SKU_035,2025-03-24,1,CD_SUR
SKU_035,2025-03-31,227,CD_SUR
SKU_035,2025-04-07,69,CD_SUR
SKU_035,2025-04-14,0,CD_SUR
SKU_035,2025-04-21,59,CD_SUR
SKU_035,2025-04-28,24,CD_SUR
SKU_035,2025-05-05,0,CD_SUR
SKU_035,2025-05-12,0,CD_SUR
SKU_035,2025-05-19,113,CD_SUR
SKU_035,2025-05-26,0,CD_SUR
SKU_035,2025-06-02,300,CD_SUR
SKU_035,2025-06-09,268,CD_SUR
SKU_035,2025-06-16,5,CD_SUR
SKU_035,2025-06-23,123,CD_SUR
SKU_035,2025-06-30,0,CD_SUR
SKU_035,2025-07-07,212,CD_SUR
SKU_035,2025-07-14,0,CD_SUR
SKU_035,2025-07-21,147,CD_SUR
SKU_035,2025-07-28,204,CD_SUR
SKU_035,2025-08-04,26,CD_SUR
SKU_035,2025-08-11,253,CD_SUR
SKU_035,2025-08-18,45,CD_SUR
SKU_035,2025-08-25,2,CD_SUR
SKU_035,2025-09-01,0,CD_SUR
SKU_035,2025-09-08,213,CD_SUR
SKU_035,2025-09-15,327,CD_SUR
SKU_035,2025-09-22,123,CD_SUR
SKU_035,2025-09-29,0,CD_SUR
SKU_035,2025-10-06,30,CD_SUR
SKU_035,2025-10-13,33,CD_SUR
SKU_035,2025-10-20,72,CD_SUR
SKU_035,2025-10-27,262,CD_SUR
SKU_035,2025-11-03,19,CD_SUR
SKU_035,2025-11-10,201,CD_SUR
SKU_035,2025-11-17,0,CD_SUR
SKU_035,2025-11-24,0,CD_SUR
SKU_035,2025-12-01,40,CD_SUR
SKU_035,2025-12-08,0,CD_SUR
SKU_035,2025-12-15,190,CD_SUR
SKU_035,2025-12-22,291,CD_SUR
SKU_035,2025-12-29,64,CD_SUR
SKU_036,2024-01-08,0,CD_NORTE
SKU_036,2024-01-15,43,CD_NORTE
SKU_036,2024-01-22,14,CD_NORTE
SKU_036,2024-01-29,91,CD_NORTE
SKU_036,2024-02-05,14,CD_NORTE
SKU_036,2024-02-12,18,CD_NORTE
SKU_036,2024-02-19,15,CD_NORTE
SKU_036,2024-02-26,41,CD_NORTE
SKU_036,2024-03-04,22,CD_NORTE
SKU_036,2024-03-11,10,CD_NORTE
SKU_036,2024-03-18,0,CD_NORTE
SKU_036,2024-03-25,34,CD_NORTE
SKU_036,2024-04-01,118,CD_NORTE
SKU_036,2024-04-08,48,CD_NORTE
SKU_036,2024-04-15,120,CD_NORTE
SKU_036,2024-04-22,12,CD_NORTE
SKU_036,2024-04-29,21,CD_NORTE
SKU_036,2024-05-06,49,CD_NORTE
SKU_036,2024-05-13,35,CD_NORTE
SKU_036,2024-05-20,62,CD_NORTE
SKU_036,2024-05-27,90,CD_NORTE
SKU_036,2024-06-03,79,CD_NORTE
SKU_036,2024-06-10,0,CD_NORTE
SKU_036,2024-06-17,535,CD_NORTE
SKU_036,2024-06-24,29,CD_NORTE
SKU_036,2024-07-01,13,CD_NORTE
SKU_036,2024-07-08,46,CD_NORTE
SKU_036,2024-07-15,7,CD_NORTE
SKU_036,2024-07-22,19,CD_NORTE
SKU_036,2024-07-29,13,CD_NORTE
SKU_036,2024-08-05,0,CD_NORTE
SKU_036,2024-08-12,29,CD_NORTE
SKU_036,2024-08-19,7,CD_NORTE
SKU_036,2024-08-26,2,CD_NORTE
SKU_036,2024-09-02,61,CD_NORTE
SKU_036,2024-09-09,54,CD_NORTE
SKU_036,2024-09-16,70,CD_NORTE
SKU_036,2024-09-23,62,CD_NORTE
SKU_036,2024-09-30,7,CD_NORTE
SKU_036,2024-10-07,20,CD_NORTE
SKU_036,2024-10-14,8,CD_NORTE
SKU_036,2024-10-21,106,CD_NORTE
SKU_036,2024-10-28,78,CD_NORTE
SKU_036,2024-11-04,0,CD_NORTE
SKU_036,2024-11-11,0,CD_NORTE
SKU_036,2024-11-18,13,CD_NORTE
SKU_036,2024-11-25,48,CD_NORTE
SKU_036,2024-12-02,0,CD_NORTE
SKU_036,2024-12-09,194,CD_NORTE
SKU_036,2024-12-16,51,CD_NORTE
SKU_036,2024-12-23,92,CD_NORTE
SKU_036,2024-12-30,18,CD_NORTE
SKU_036,2025-01-06,13,CD_NORTE
SKU_036,2025-01-13,87,CD_NORTE
SKU_036,2025-01-20,66,CD_NORTE
SKU_036,2025-01-27,65,CD_NORTE
SKU_036,2025-02-03,0,CD_NORTE
SKU_036,2025-02-10,46,CD_NORTE
SKU_036,2025-02-17,47,CD_NORTE
SKU_036,2025-02-24,76,CD_NORTE
SKU_036,2025-03-03,18,CD_NORTE
SKU_036,2025-03-10,25,CD_NORTE
SKU_036,2025-03-17,117,CD_NORTE
SKU_036,2025-03-24,21,CD_NORTE
SKU_036,2025-03-31,45,CD_NORTE
SKU_036,2025-04-07,0,CD_NORTE
SKU_036,2025-04-14,69,CD_NORTE
SKU_036,2025-04-21,541,CD_NORTE
SKU_036,2025-04-28,33,CD_NORTE
SKU_036,2025-05-05,32,CD_NORTE
SKU_036,2025-05-12,105,CD_NORTE
SKU_036,2025-05-19,93,CD_NORTE
SKU_036,2025-05-26,75,CD_NORTE
SKU_036,2025-06-02,35,CD_NORTE
SKU_036,2025-06-09,22,CD_NORTE
SKU_036,2025-06-16,53,CD_NORTE
SKU_036,2025-06-23,0,CD_NORTE
SKU_036,2025-06-30,119,CD_NORTE
SKU_036,2025-07-07,123,CD_NORTE
SKU_036,2025-07-14,0,CD_NORTE
SKU_036,2025-07-21,7,CD_NORTE
SKU_036,2025-07-28,32,CD_NORTE
SKU_036,2025-08-04,36,CD_NORTE
SKU_036,2025-08-11,217,CD_NORTE
SKU_036,2025-08-18,65,CD_NORTE
SKU_036,2025-08-25,30,CD_NORTE
SKU_036,2025-09-01,2,CD_NORTE
SKU_036,2025-09-08,47,CD_NORTE
SKU_036,2025-09-15,6,CD_NORTE
SKU_036,2025-09-22,103,CD_NORTE
SKU_036,2025-09-29,80,CD_NORTE
SKU_036,2025-10-06,35,CD_NORTE
SKU_036,2025-10-13,32,CD_NORTE
SKU_036,2025-10-20,130,CD_NORTE
SKU_036,2025-10-27,19,CD_NORTE
SKU_036,2025-11-03,16,CD_NORTE
SKU_036,2025-11-10,160,CD_NORTE
SKU_036,2025-11-17,94,CD_NORTE
SKU_036,2025-11-24,98,CD_NORTE
SKU_036,2025-12-01,12,CD_NORTE
SKU_036,2025-12-08,0,CD_NORTE
SKU_036,2025-12-15,0,CD_NORTE
SKU_036,2025-12-22,0,CD_NORTE
SKU_036,2025-12-29,0,CD_NORTE
SKU_036,2024-01-08,11,CD_CENTRO
SKU_036,2024-01-15,21,CD_CENTRO
SKU_036,2024-01-22,49,CD_CENTRO
SKU_036,2024-01-29,0,CD_CENTRO
SKU_036,2024-02-05,93,CD_CENTRO
SKU_036,2024-02-12,7,CD_CENTRO
SKU_036,2024-02-19,79,CD_CENTRO
SKU_036,2024-02-26,0,CD_CENTRO
SKU_036,2024-03-04,79,CD_CENTRO
SKU_036,2024-03-11,0,CD_CENTRO
SKU_036,2024-03-18,42,CD_CENTRO
SKU_036,2024-03-25,67,CD_CENTRO
SKU_036,2024-04-01,9,CD_CENTRO
SKU_036,2024-04-08,9,CD_CENTRO
SKU_036,2024-04-15,93,CD_CENTRO
SKU_036,2024-04-22,32,CD_CENTRO
SKU_036,2024-04-29,13,CD_CENTRO
SKU_036,2024-05-06,55,CD_CENTRO
SKU_036,2024-05-13,105,CD_CENTRO
SKU_036,2024-05-20,47,CD_CENTRO
SKU_036,2024-05-27,20,CD_CENTRO
SKU_036,2024-06-03,87,CD_CENTRO
SKU_036,2024-06-10,66,CD_CENTRO
SKU_036,2024-06-17,0,CD_CENTRO
SKU_036,2024-06-24,3,CD_CENTRO
SKU_036,2024-07-01,12,CD_CENTRO
SKU_036,2024-07-08,29,CD_CENTRO
SKU_036,2024-07-15,44,CD_CENTRO
SKU_036,2024-07-22,19,CD_CENTRO
SKU_036,2024-07-29,17,CD_CENTRO
SKU_036,2024-08-05,2,CD_CENTRO
SKU_036,2024-08-12,2,CD_CENTRO
SKU_036,2024-08-19,15,CD_CENTRO
SKU_036,2024-08-26,36,CD_CENTRO
SKU_036,2024-09-02,38,CD_CENTRO
SKU_036,2024-09-09,32,CD_CENTRO
SKU_036,2024-09-16,25,CD_CENTRO
SKU_036,2024-09-23,14,CD_CENTRO
SKU_036,2024-09-30,0,CD_CENTRO
SKU_036,2024-10-07,24,CD_CENTRO
SKU_036,2024-10-14,0,CD_CENTRO
SKU_036,2024-10-21,7,CD_CENTRO
SKU_036,2024-10-28,6,CD_CENTRO
SKU_036,2024-11-04,0,CD_CENTRO
SKU_036,2024-11-11,17,CD_CENTRO
SKU_036,2024-11-18,252,CD_CENTRO
SKU_036,2024-11-25,0,CD_CENTRO
SKU_036,2024-12-02,19,CD_CENTRO
SKU_036,2024-12-09,130,CD_CENTRO
SKU_036,2024-12-16,0,CD_CENTRO
SKU_036,2024-12-23,23,CD_CENTRO
SKU_036,2024-12-30,27,CD_CENTRO
SKU_036,2025-01-06,75,CD_CENTRO
SKU_036,2025-01-13,5,CD_CENTRO
SKU_036,2025-01-20,9,CD_CENTRO
SKU_036,2025-01-27,171,CD_CENTRO
SKU_036,2025-02-03,33,CD_CENTRO
SKU_036,2025-02-10,2,CD_CENTRO
SKU_036,2025-02-17,0,CD_CENTRO
SKU_036,2025-02-24,2,CD_CENTRO
SKU_036,2025-03-03,112,CD_CENTRO
SKU_036,2025-03-10,97,CD_CENTRO
SKU_036,2025-03-17,29,CD_CENTRO
SKU_036,2025-03-24,0,CD_CENTRO
SKU_036,2025-03-31,21,CD_CENTRO
SKU_036,2025-04-07,83,CD_CENTRO
SKU_036,2025-04-14,18,CD_CENTRO
SKU_036,2025-04-21,26,CD_CENTRO
SKU_036,2025-04-28,54,CD_CENTRO
SKU_036,2025-05-05,20,CD_CENTRO
SKU_036,2025-05-12,47,CD_CENTRO
SKU_036,2025-05-19,102,CD_CENTRO
SKU_036,2025-05-26,75,CD_CENTRO
SKU_036,2025-06-02,23,CD_CENTRO
SKU_036,2025-06-09,0,CD_CENTRO
SKU_036,2025-06-16,16,CD_CENTRO
SKU_036,2025-06-23,16,CD_CENTRO
SKU_036,2025-06-30,0,CD_CENTRO
SKU_036,2025-07-07,20,CD_CENTRO
SKU_036,2025-07-14,32,CD_CENTRO
SKU_036,2025-07-21,25,CD_CENTRO
SKU_036,2025-07-28,0,CD_CENTRO
SKU_036,2025-08-04,7,CD_CENTRO
SKU_036,2025-08-11,22,CD_CENTRO
SKU_036,2025-08-18,20,CD_CENTRO
SKU_036,2025-08-25,39,CD_CENTRO
SKU_036,2025-09-01,42,CD_CENTRO
SKU_036,2025-09-08,31,CD_CENTRO
SKU_036,2025-09-15,63,CD_CENTRO
SKU_036,2025-09-22,63,CD_CENTRO
SKU_036,2025-09-29,26,CD_CENTRO
SKU_036,2025-10-06,0,CD_CENTRO
SKU_036,2025-10-13,6,CD_CENTRO
SKU_036,2025-10-20,36,CD_CENTRO
SKU_036,2025-10-27,23,CD_CENTRO
SKU_036,2025-11-03,7,CD_CENTRO
SKU_036,2025-11-10,188,CD_CENTRO
SKU_036,2025-11-17,22,CD_CENTRO
SKU_036,2025-11-24,0,CD_CENTRO
SKU_036,2025-12-01,46,CD_CENTRO
SKU_036,2025-12-08,32,CD_CENTRO
SKU_036,2025-12-15,7,CD_CENTRO
SKU_036,2025-12-22,0,CD_CENTRO
SKU_036,2025-12-29,3,CD_CENTRO
SKU_036,2024-01-08,210,CD_SUR
SKU_036,2024-01-15,42,CD_SUR
SKU_036,2024-01-22,79,CD_SUR
SKU_036,2024-01-29,101,CD_SUR
SKU_036,2024-02-05,52,CD_SUR
SKU_036,2024-02-12,0,CD_SUR
SKU_036,2024-02-19,229,CD_SUR
SKU_036,2024-02-26,44,CD_SUR
SKU_036,2024-03-04,13,CD_SUR
SKU_036,2024-03-11,15,CD_SUR
SKU_036,2024-03-18,217,CD_SUR
SKU_036,2024-03-25,434,CD_SUR
SKU_036,2024-04-01,33,CD_SUR
SKU_036,2024-04-08,0,CD_SUR
SKU_036,2024-04-15,15,CD_SUR
SKU_036,2024-04-22,65,CD_SUR
SKU_036,2024-04-29,121,CD_SUR
SKU_036,2024-05-06,93,CD_SUR
SKU_036,2024-05-13,296,CD_SUR
SKU_036,2024-05-20,167,CD_SUR
SKU_036,2024-05-27,199,CD_SUR
SKU_036,2024-06-03,76,CD_SUR
SKU_036,2024-06-10,39,CD_SUR
SKU_036,2024-06-17,119,CD_SUR
SKU_036,2024-06-24,0,CD_SUR
SKU_036,2024-07-01,57,CD_SUR
SKU_036,2024-07-08,101,CD_SUR
SKU_036,2024-07-15,16,CD_SUR
SKU_036,2024-07-22,0,CD_SUR
SKU_036,2024-07-29,74,CD_SUR
SKU_036,2024-08-05,0,CD_SUR
SKU_036,2024-08-12,0,CD_SUR
SKU_036,2024-08-19,88,CD_SUR
SKU_036,2024-08-26,82,CD_SUR
SKU_036,2024-09-02,12,CD_SUR
SKU_036,2024-09-09,83,CD_SUR
SKU_036,2024-09-16,18,CD_SUR
SKU_036,2024-09-23,107,CD_SUR
SKU_036,2024-09-30,55,CD_SUR
SKU_036,2024-10-07,185,CD_SUR
SKU_036,2024-10-14,0,CD_SUR
SKU_036,2024-10-21,148,CD_SUR
SKU_036,2024-10-28,126,CD_SUR
SKU_036,2024-11-04,118,CD_SUR
SKU_036,2024-11-11,81,CD_SUR
SKU_036,2024-11-18,6,CD_SUR
SKU_036,2024-11-25,104,CD_SUR
SKU_036,2024-12-02,62,CD_SUR
SKU_036,2024-12-09,62,CD_SUR
SKU_036,2024-12-16,47,CD_SUR
SKU_036,2024-12-23,259,CD_SUR
SKU_036,2024-12-30,28,CD_SUR
SKU_036,2025-01-06,37,CD_SUR
SKU_036,2025-01-13,323,CD_SUR
SKU_036,2025-01-20,163,CD_SUR
SKU_036,2025-01-27,3,CD_SUR
SKU_036,2025-02-03,232,CD_SUR
SKU_036,2025-02-10,25,CD_SUR
SKU_036,2025-02-17,120,CD_SUR
SKU_036,2025-02-24,79,CD_SUR
SKU_036,2025-03-03,75,CD_SUR
SKU_036,2025-03-10,0,CD_SUR
SKU_036,2025-03-17,124,CD_SUR
SKU_036,2025-03-24,23,CD_SUR
SKU_036,2025-03-31,0,CD_SUR
SKU_036,2025-04-07,17,CD_SUR
SKU_036,2025-04-14,103,CD_SUR
SKU_036,2025-04-21,0,CD_SUR
SKU_036,2025-04-28,34,CD_SUR
SKU_036,2025-05-05,357,CD_SUR
SKU_036,2025-05-12,59,CD_SUR
SKU_036,2025-05-19,12,CD_SUR
SKU_036,2025-05-26,113,CD_SUR
SKU_036,2025-06-02,36,CD_SUR
SKU_036,2025-06-09,16,CD_SUR
SKU_036,2025-06-16,54,CD_SUR
SKU_036,2025-06-23,326,CD_SUR
SKU_036,2025-06-30,52,CD_SUR
SKU_036,2025-07-07,42,CD_SUR
SKU_036,2025-07-14,58,CD_SUR
SKU_036,2025-07-21,0,CD_SUR
SKU_036,2025-07-28,2,CD_SUR
SKU_036,2025-08-04,14,CD_SUR
SKU_036,2025-08-11,0,CD_SUR
SKU_036,2025-08-18,186,CD_SUR
SKU_036,2025-08-25,374,CD_SUR
SKU_036,2025-09-01,17,CD_SUR
SKU_036,2025-09-08,75,CD_SUR
SKU_036,2025-09-15,0,CD_SUR
SKU_036,2025-09-22,332,CD_SUR
SKU_036,2025-09-29,17,CD_SUR
SKU_036,2025-10-06,20,CD_SUR
SKU_036,2025-10-13,256,CD_SUR
SKU_036,2025-10-20,0,CD_SUR
SKU_036,2025-10-27,120,CD_SUR
SKU_036,2025-11-03,16,CD_SUR
SKU_036,2025-11-10,49,CD_SUR
SKU_036,2025-11-17,0,CD_SUR
SKU_036,2025-11-24,6,CD_SUR
SKU_036,2025-12-01,56,CD_SUR
SKU_036,2025-12-08,147,CD_SUR
SKU_036,2025-12-15,79,CD_SUR
SKU_036,2025-12-22,102,CD_SUR
SKU_036,2025-12-29,39,CD_SUR
SKU_037,2024-01-08,63,CD_NORTE
SKU_037,2024-01-15,0,CD_NORTE
SKU_037,2024-01-22,0,CD_NORTE
SKU_037,2024-01-29,0,CD_NORTE
SKU_037,2024-02-05,34,CD_NORTE
SKU_037,2024-02-12,25,CD_NORTE
SKU_037,2024-02-19,275,CD_NORTE
SKU_037,2024-02-26,0,CD_NORTE
SKU_037,2024-03-04,41,CD_NORTE
SKU_037,2024-03-11,90,CD_NORTE
SKU_037,2024-03-18,0,CD_NORTE
SKU_037,2024-03-25,13,CD_NORTE
SKU_037,2024-04-01,1,CD_NORTE
SKU_037,2024-04-08,35,CD_NORTE
SKU_037,2024-04-15,71,CD_NORTE
SKU_037,2024-04-22,46,CD_NORTE
SKU_037,2024-04-29,144,CD_NORTE
SKU_037,2024-05-06,37,CD_NORTE
SKU_037,2024-05-13,24,CD_NORTE
SKU_037,2024-05-20,161,CD_NORTE
SKU_037,2024-05-27,34,CD_NORTE
SKU_037,2024-06-03,20,CD_NORTE
SKU_037,2024-06-10,7,CD_NORTE
SKU_037,2024-06-17,102,CD_NORTE
SKU_037,2024-06-24,113,CD_NORTE
SKU_037,2024-07-01,2,CD_NORTE
SKU_037,2024-07-08,29,CD_NORTE
SKU_037,2024-07-15,90,CD_NORTE
SKU_037,2024-07-22,190,CD_NORTE
SKU_037,2024-07-29,31,CD_NORTE
SKU_037,2024-08-05,347,CD_NORTE
SKU_037,2024-08-12,0,CD_NORTE
SKU_037,2024-08-19,33,CD_NORTE
SKU_037,2024-08-26,13,CD_NORTE
SKU_037,2024-09-02,0,CD_NORTE
SKU_037,2024-09-09,0,CD_NORTE
SKU_037,2024-09-16,26,CD_NORTE
SKU_037,2024-09-23,31,CD_NORTE
SKU_037,2024-09-30,189,CD_NORTE
SKU_037,2024-10-07,15,CD_NORTE
SKU_037,2024-10-14,0,CD_NORTE
SKU_037,2024-10-21,31,CD_NORTE
SKU_037,2024-10-28,2,CD_NORTE
SKU_037,2024-11-04,0,CD_NORTE
SKU_037,2024-11-11,94,CD_NORTE
SKU_037,2024-11-18,160,CD_NORTE
SKU_037,2024-11-25,18,CD_NORTE
SKU_037,2024-12-02,36,CD_NORTE
SKU_037,2024-12-09,8,CD_NORTE
SKU_037,2024-12-16,0,CD_NORTE
SKU_037,2024-12-23,40,CD_NORTE
SKU_037,2024-12-30,9,CD_NORTE
SKU_037,2025-01-06,48,CD_NORTE
SKU_037,2025-01-13,86,CD_NORTE
SKU_037,2025-01-20,52,CD_NORTE
SKU_037,2025-01-27,18,CD_NORTE
SKU_037,2025-02-03,28,CD_NORTE
SKU_037,2025-02-10,0,CD_NORTE
SKU_037,2025-02-17,66,CD_NORTE
SKU_037,2025-02-24,58,CD_NORTE
SKU_037,2025-03-03,10,CD_NORTE
SKU_037,2025-03-10,121,CD_NORTE
SKU_037,2025-03-17,42,CD_NORTE
SKU_037,2025-03-24,12,CD_NORTE
SKU_037,2025-03-31,9,CD_NORTE
SKU_037,2025-04-07,219,CD_NORTE
SKU_037,2025-04-14,21,CD_NORTE
SKU_037,2025-04-21,0,CD_NORTE
SKU_037,2025-04-28,156,CD_NORTE
SKU_037,2025-05-05,34,CD_NORTE
SKU_037,2025-05-12,32,CD_NORTE
SKU_037,2025-05-19,78,CD_NORTE
SKU_037,2025-05-26,1,CD_NORTE
SKU_037,2025-06-02,0,CD_NORTE
SKU_037,2025-06-09,27,CD_NORTE
SKU_037,2025-06-16,23,CD_NORTE
SKU_037,2025-06-23,132,CD_NORTE
SKU_037,2025-06-30,49,CD_NORTE
SKU_037,2025-07-07,29,CD_NORTE
SKU_037,2025-07-14,20,CD_NORTE
SKU_037,2025-07-21,58,CD_NORTE
SKU_037,2025-07-28,11,CD_NORTE
SKU_037,2025-08-04,0,CD_NORTE
SKU_037,2025-08-11,18,CD_NORTE
SKU_037,2025-08-18,23,CD_NORTE
SKU_037,2025-08-25,61,CD_NORTE
SKU_037,2025-09-01,0,CD_NORTE
SKU_037,2025-09-08,30,CD_NORTE
SKU_037,2025-09-15,46,CD_NORTE
SKU_037,2025-09-22,68,CD_NORTE
SKU_037,2025-09-29,0,CD_NORTE
SKU_037,2025-10-06,203,CD_NORTE
SKU_037,2025-10-13,94,CD_NORTE
SKU_037,2025-10-20,34,CD_NORTE
SKU_037,2025-10-27,90,CD_NORTE
SKU_037,2025-11-03,0,CD_NORTE
SKU_037,2025-11-10,397,CD_NORTE
SKU_037,2025-11-17,45,CD_NORTE
SKU_037,2025-11-24,34,CD_NORTE
SKU_037,2025-12-01,0,CD_NORTE
SKU_037,2025-12-08,5,CD_NORTE
SKU_037,2025-12-15,145,CD_NORTE
SKU_037,2025-12-22,40,CD_NORTE
SKU_037,2025-12-29,4,CD_NORTE
SKU_037,2024-01-08,66,CD_CENTRO
SKU_037,2024-01-15,95,CD_CENTRO
SKU_037,2024-01-22,33,CD_CENTRO
SKU_037,2024-01-29,82,CD_CENTRO
SKU_037,2024-02-05,74,CD_CENTRO
SKU_037,2024-02-12,0,CD_CENTRO
SKU_037,2024-02-19,212,CD_CENTRO
SKU_037,2024-02-26,16,CD_CENTRO
SKU_037,2024-03-04,51,CD_CENTRO
SKU_037,2024-03-11,59,CD_CENTRO
SKU_037,2024-03-18,423,CD_CENTRO
SKU_037,2024-03-25,14,CD_CENTRO
SKU_037,2024-04-01,47,CD_CENTRO
SKU_037,2024-04-08,27,CD_CENTRO
SKU_037,2024-04-15,48,CD_CENTRO
SKU_037,2024-04-22,17,CD_CENTRO
SKU_037,2024-04-29,0,CD_CENTRO
SKU_037,2024-05-06,3,CD_CENTRO
SKU_037,2024-05-13,54,CD_CENTRO
SKU_037,2024-05-20,26,CD_CENTRO
SKU_037,2024-05-27,0,CD_CENTRO
SKU_037,2024-06-03,13,CD_CENTRO
SKU_037,2024-06-10,25,CD_CENTRO
SKU_037,2024-06-17,0,CD_CENTRO
SKU_037,2024-06-24,3,CD_CENTRO
SKU_037,2024-07-01,192,CD_CENTRO
SKU_037,2024-07-08,56,CD_CENTRO
SKU_037,2024-07-15,108,CD_CENTRO
SKU_037,2024-07-22,35,CD_CENTRO
SKU_037,2024-07-29,150,CD_CENTRO
SKU_037,2024-08-05,42,CD_CENTRO
SKU_037,2024-08-12,55,CD_CENTRO
SKU_037,2024-08-19,43,CD_CENTRO
SKU_037,2024-08-26,85,CD_CENTRO
SKU_037,2024-09-02,54,CD_CENTRO
SKU_037,2024-09-09,0,CD_CENTRO
SKU_037,2024-09-16,20,CD_CENTRO
SKU_037,2024-09-23,10,CD_CENTRO
SKU_037,2024-09-30,60,CD_CENTRO
SKU_037,2024-10-07,43,CD_CENTRO
SKU_037,2024-10-14,6,CD_CENTRO
SKU_037,2024-10-21,32,CD_CENTRO
SKU_037,2024-10-28,46,CD_CENTRO
SKU_037,2024-11-04,112,CD_CENTRO
SKU_037,2024-11-11,5,CD_CENTRO
SKU_037,2024-11-18,27,CD_CENTRO
SKU_037,2024-11-25,111,CD_CENTRO
SKU_037,2024-12-02,67,CD_CENTRO
SKU_037,2024-12-09,22,CD_CENTRO
SKU_037,2024-12-16,119,CD_CENTRO
SKU_037,2024-12-23,44,CD_CENTRO
SKU_037,2024-12-30,44,CD_CENTRO
SKU_037,2025-01-06,0,CD_CENTRO
SKU_037,2025-01-13,240,CD_CENTRO
SKU_037,2025-01-20,188,CD_CENTRO
SKU_037,2025-01-27,28,CD_CENTRO
SKU_037,2025-02-03,10,CD_CENTRO
SKU_037,2025-02-10,25,CD_CENTRO
SKU_037,2025-02-17,2,CD_CENTRO
SKU_037,2025-02-24,0,CD_CENTRO
SKU_037,2025-03-03,0,CD_CENTRO
SKU_037,2025-03-10,1,CD_CENTRO
SKU_037,2025-03-17,32,CD_CENTRO
SKU_037,2025-03-24,181,CD_CENTRO
SKU_037,2025-03-31,131,CD_CENTRO
SKU_037,2025-04-07,46,CD_CENTRO
SKU_037,2025-04-14,53,CD_CENTRO
SKU_037,2025-04-21,0,CD_CENTRO
SKU_037,2025-04-28,16,CD_CENTRO
SKU_037,2025-05-05,2,CD_CENTRO
SKU_037,2025-05-12,0,CD_CENTRO
SKU_037,2025-05-19,0,CD_CENTRO
SKU_037,2025-05-26,90,CD_CENTRO
SKU_037,2025-06-02,10,CD_CENTRO
SKU_037,2025-06-09,0,CD_CENTRO
SKU_037,2025-06-16,130,CD_CENTRO
SKU_037,2025-06-23,66,CD_CENTRO
SKU_037,2025-06-30,17,CD_CENTRO
SKU_037,2025-07-07,0,CD_CENTRO
SKU_037,2025-07-14,11,CD_CENTRO
SKU_037,2025-07-21,63,CD_CENTRO
SKU_037,2025-07-28,0,CD_CENTRO
SKU_037,2025-08-04,148,CD_CENTRO
SKU_037,2025-08-11,0,CD_CENTRO
SKU_037,2025-08-18,81,CD_CENTRO
SKU_037,2025-08-25,27,CD_CENTRO
SKU_037,2025-09-01,57,CD_CENTRO
SKU_037,2025-09-08,24,CD_CENTRO
SKU_037,2025-09-15,452,CD_CENTRO
SKU_037,2025-09-22,88,CD_CENTRO
SKU_037,2025-09-29,61,CD_CENTRO
SKU_037,2025-10-06,35,CD_CENTRO
SKU_037,2025-10-13,62,CD_CENTRO
SKU_037,2025-10-20,79,CD_CENTRO
SKU_037,2025-10-27,2,CD_CENTRO
SKU_037,2025-11-03,103,CD_CENTRO
SKU_037,2025-11-10,171,CD_CENTRO
SKU_037,2025-11-17,63,CD_CENTRO
SKU_037,2025-11-24,6,CD_CENTRO
SKU_037,2025-12-01,314,CD_CENTRO
SKU_037,2025-12-08,20,CD_CENTRO
SKU_037,2025-12-15,18,CD_CENTRO
SKU_037,2025-12-22,23,CD_CENTRO
SKU_037,2025-12-29,55,CD_CENTRO
SKU_037,2024-01-08,3,CD_SUR
SKU_037,2024-01-15,144,CD_SUR
SKU_037,2024-01-22,27,CD_SUR
SKU_037,2024-01-29,48,CD_SUR
SKU_037,2024-02-05,0,CD_SUR
SKU_037,2024-02-12,31,CD_SUR
SKU_037,2024-02-19,26,CD_SUR
SKU_037,2024-02-26,46,CD_SUR
SKU_037,2024-03-04,0,CD_SUR
SKU_037,2024-03-11,39,CD_SUR
SKU_037,2024-03-18,82,CD_SUR
SKU_037,2024-03-25,138,CD_SUR
SKU_037,2024-04-01,29,CD_SUR
SKU_037,2024-04-08,20,CD_SUR
SKU_037,2024-04-15,90,CD_SUR
SKU_037,2024-04-22,91,CD_SUR
SKU_037,2024-04-29,190,CD_SUR
SKU_037,2024-05-06,0,CD_SUR
SKU_037,2024-05-13,0,CD_SUR
SKU_037,2024-05-20,1,CD_SUR
SKU_037,2024-05-27,157,CD_SUR
SKU_037,2024-06-03,60,CD_SUR
SKU_037,2024-06-10,80,CD_SUR
SKU_037,2024-06-17,8,CD_SUR
SKU_037,2024-06-24,0,CD_SUR
SKU_037,2024-07-01,46,CD_SUR
SKU_037,2024-07-08,21,CD_SUR
SKU_037,2024-07-15,24,CD_SUR
SKU_037,2024-07-22,58,CD_SUR
SKU_037,2024-07-29,137,CD_SUR
SKU_037,2024-08-05,112,CD_SUR
SKU_037,2024-08-12,73,CD_SUR
SKU_037,2024-08-19,64,CD_SUR
SKU_037,2024-08-26,46,CD_SUR
SKU_037,2024-09-02,295,CD_SUR
SKU_037,2024-09-09,0,CD_SUR
SKU_037,2024-09-16,0,CD_SUR
SKU_037,2024-09-23,67,CD_SUR
SKU_037,2024-09-30,24,CD_SUR
SKU_037,2024-10-07,0,CD_SUR
SKU_037,2024-10-14,21,CD_SUR
SKU_037,2024-10-21,77,CD_SUR
SKU_037,2024-10-28,61,CD_SUR
SKU_037,2024-11-04,1,CD_SUR
SKU_037,2024-11-11,145,CD_SUR
SKU_037,2024-11-18,100,CD_SUR
SKU_037,2024-11-25,0,CD_SUR
SKU_037,2024-12-02,89,CD_SUR
SKU_037,2024-12-09,6,CD_SUR
SKU_037,2024-12-16,37,CD_SUR
SKU_037,2024-12-23,225,CD_SUR
SKU_037,2024-12-30,0,CD_SUR
SKU_037,2025-01-06,0,CD_SUR
SKU_037,2025-01-13,335,CD_SUR
SKU_037,2025-01-20,0,CD_SUR
SKU_037,2025-01-27,28,CD_SUR
SKU_037,2025-02-03,14,CD_SUR
SKU_037,2025-02-10,49,CD_SUR
SKU_037,2025-02-17,36,CD_SUR
SKU_037,2025-02-24,0,CD_SUR
SKU_037,2025-03-03,94,CD_SUR
SKU_037,2025-03-10,278,CD_SUR
SKU_037,2025-03-17,37,CD_SUR
SKU_037,2025-03-24,5,CD_SUR
SKU_037,2025-03-31,187,CD_SUR
SKU_037,2025-04-07,3,CD_SUR
SKU_037,2025-04-14,502,CD_SUR
SKU_037,2025-04-21,90,CD_SUR
SKU_037,2025-04-28,233,CD_SUR
SKU_037,2025-05-05,18,CD_SUR
SKU_037,2025-05-12,3,CD_SUR
SKU_037,2025-05-19,55,CD_SUR
SKU_037,2025-05-26,49,CD_SUR
SKU_037,2025-06-02,33,CD_SUR
SKU_037,2025-06-09,259,CD_SUR
SKU_037,2025-06-16,142,CD_SUR
SKU_037,2025-06-23,89,CD_SUR
SKU_037,2025-06-30,15,CD_SUR
SKU_037,2025-07-07,109,CD_SUR
SKU_037,2025-07-14,106,CD_SUR
SKU_037,2025-07-21,45,CD_SUR
SKU_037,2025-07-28,212,CD_SUR
SKU_037,2025-08-04,15,CD_SUR
SKU_037,2025-08-11,26,CD_SUR
SKU_037,2025-08-18,5,CD_SUR
SKU_037,2025-08-25,130,CD_SUR
SKU_037,2025-09-01,0,CD_SUR
SKU_037,2025-09-08,0,CD_SUR
SKU_037,2025-09-15,0,CD_SUR
SKU_037,2025-09-22,80,CD_SUR
SKU_037,2025-09-29,31,CD_SUR
SKU_037,2025-10-06,15,CD_SUR
SKU_037,2025-10-13,3,CD_SUR
SKU_037,2025-10-20,15,CD_SUR
SKU_037,2025-10-27,50,CD_SUR
SKU_037,2025-11-03,23,CD_SUR
SKU_037,2025-11-10,25,CD_SUR
SKU_037,2025-11-17,0,CD_SUR
SKU_037,2025-11-24,171,CD_SUR
SKU_037,2025-12-01,59,CD_SUR
SKU_037,2025-12-08,0,CD_SUR
SKU_037,2025-12-15,107,CD_SUR
SKU_037,2025-12-22,0,CD_SUR
SKU_037,2025-12-29,9,CD_SUR
SKU_038,2024-01-08,113,CD_NORTE
SKU_038,2024-01-15,0,CD_NORTE
SKU_038,2024-01-22,63,CD_NORTE
SKU_038,2024-01-29,0,CD_NORTE
SKU_038,2024-02-05,263,CD_NORTE
SKU_038,2024-02-12,119,CD_NORTE
SKU_038,2024-02-19,57,CD_NORTE
SKU_038,2024-02-26,10,CD_NORTE
SKU_038,2024-03-04,0,CD_NORTE
SKU_038,2024-03-11,39,CD_NORTE
SKU_038,2024-03-18,89,CD_NORTE
SKU_038,2024-03-25,36,CD_NORTE
SKU_038,2024-04-01,28,CD_NORTE
SKU_038,2024-04-08,85,CD_NORTE
SKU_038,2024-04-15,21,CD_NORTE
SKU_038,2024-04-22,182,CD_NORTE
SKU_038,2024-04-29,75,CD_NORTE
SKU_038,2024-05-06,96,CD_NORTE
SKU_038,2024-05-13,18,CD_NORTE
SKU_038,2024-05-20,0,CD_NORTE
SKU_038,2024-05-27,44,CD_NORTE
SKU_038,2024-06-03,60,CD_NORTE
SKU_038,2024-06-10,187,CD_NORTE
SKU_038,2024-06-17,166,CD_NORTE
SKU_038,2024-06-24,29,CD_NORTE
SKU_038,2024-07-01,108,CD_NORTE
SKU_038,2024-07-08,32,CD_NORTE
SKU_038,2024-07-15,502,CD_NORTE
SKU_038,2024-07-22,343,CD_NORTE
SKU_038,2024-07-29,94,CD_NORTE
SKU_038,2024-08-05,136,CD_NORTE
SKU_038,2024-08-12,0,CD_NORTE
SKU_038,2024-08-19,183,CD_NORTE
SKU_038,2024-08-26,144,CD_NORTE
SKU_038,2024-09-02,136,CD_NORTE
SKU_038,2024-09-09,360,CD_NORTE
SKU_038,2024-09-16,103,CD_NORTE
SKU_038,2024-09-23,114,CD_NORTE
SKU_038,2024-09-30,214,CD_NORTE
SKU_038,2024-10-07,125,CD_NORTE
SKU_038,2024-10-14,0,CD_NORTE
SKU_038,2024-10-21,149,CD_NORTE
SKU_038,2024-10-28,30,CD_NORTE
SKU_038,2024-11-04,52,CD_NORTE
SKU_038,2024-11-11,18,CD_NORTE
SKU_038,2024-11-18,80,CD_NORTE
SKU_038,2024-11-25,69,CD_NORTE
SKU_038,2024-12-02,663,CD_NORTE
SKU_038,2024-12-09,107,CD_NORTE
SKU_038,2024-12-16,174,CD_NORTE
SKU_038,2024-12-23,0,CD_NORTE
SKU_038,2024-12-30,46,CD_NORTE
SKU_038,2025-01-06,201,CD_NORTE
SKU_038,2025-01-13,108,CD_NORTE
SKU_038,2025-01-20,135,CD_NORTE
SKU_038,2025-01-27,0,CD_NORTE
SKU_038,2025-02-03,39,CD_NORTE
SKU_038,2025-02-10,90,CD_NORTE
SKU_038,2025-02-17,114,CD_NORTE
SKU_038,2025-02-24,101,CD_NORTE
SKU_038,2025-03-03,0,CD_NORTE
SKU_038,2025-03-10,279,CD_NORTE
SKU_038,2025-03-17,0,CD_NORTE
SKU_038,2025-03-24,829,CD_NORTE
SKU_038,2025-03-31,400,CD_NORTE
SKU_038,2025-04-07,124,CD_NORTE
SKU_038,2025-04-14,404,CD_NORTE
SKU_038,2025-04-21,202,CD_NORTE
SKU_038,2025-04-28,36,CD_NORTE
SKU_038,2025-05-05,63,CD_NORTE
SKU_038,2025-05-12,31,CD_NORTE
SKU_038,2025-05-19,0,CD_NORTE
SKU_038,2025-05-26,0,CD_NORTE
SKU_038,2025-06-02,49,CD_NORTE
SKU_038,2025-06-09,0,CD_NORTE
SKU_038,2025-06-16,144,CD_NORTE
SKU_038,2025-06-23,0,CD_NORTE
SKU_038,2025-06-30,63,CD_NORTE
SKU_038,2025-07-07,42,CD_NORTE
SKU_038,2025-07-14,162,CD_NORTE
SKU_038,2025-07-21,202,CD_NORTE
SKU_038,2025-07-28,418,CD_NORTE
SKU_038,2025-08-04,0,CD_NORTE
SKU_038,2025-08-11,116,CD_NORTE
SKU_038,2025-08-18,70,CD_NORTE
SKU_038,2025-08-25,0,CD_NORTE
SKU_038,2025-09-01,41,CD_NORTE
SKU_038,2025-09-08,0,CD_NORTE
SKU_038,2025-09-15,0,CD_NORTE
SKU_038,2025-09-22,97,CD_NORTE
SKU_038,2025-09-29,27,CD_NORTE
SKU_038,2025-10-06,59,CD_NORTE
SKU_038,2025-10-13,543,CD_NORTE
SKU_038,2025-10-20,0,CD_NORTE
SKU_038,2025-10-27,25,CD_NORTE
SKU_038,2025-11-03,24,CD_NORTE
SKU_038,2025-11-10,143,CD_NORTE
SKU_038,2025-11-17,49,CD_NORTE
SKU_038,2025-11-24,69,CD_NORTE
SKU_038,2025-12-01,18,CD_NORTE
SKU_038,2025-12-08,0,CD_NORTE
SKU_038,2025-12-15,59,CD_NORTE
SKU_038,2025-12-22,12,CD_NORTE
SKU_038,2025-12-29,86,CD_NORTE
SKU_038,2024-01-08,162,CD_CENTRO
SKU_038,2024-01-15,347,CD_CENTRO
SKU_038,2024-01-22,132,CD_CENTRO
SKU_038,2024-01-29,504,CD_CENTRO
SKU_038,2024-02-05,0,CD_CENTRO
SKU_038,2024-02-12,107,CD_CENTRO
SKU_038,2024-02-19,83,CD_CENTRO
SKU_038,2024-02-26,23,CD_CENTRO
SKU_038,2024-03-04,40,CD_CENTRO
SKU_038,2024-03-11,1,CD_CENTRO
SKU_038,2024-03-18,117,CD_CENTRO
SKU_038,2024-03-25,0,CD_CENTRO
SKU_038,2024-04-01,32,CD_CENTRO
SKU_038,2024-04-08,172,CD_CENTRO
SKU_038,2024-04-15,45,CD_CENTRO
SKU_038,2024-04-22,67,CD_CENTRO
SKU_038,2024-04-29,344,CD_CENTRO
SKU_038,2024-05-06,28,CD_CENTRO
SKU_038,2024-05-13,130,CD_CENTRO
SKU_038,2024-05-20,144,CD_CENTRO
SKU_038,2024-05-27,25,CD_CENTRO
SKU_038,2024-06-03,71,CD_CENTRO
SKU_038,2024-06-10,44,CD_CENTRO
SKU_038,2024-06-17,151,CD_CENTRO
SKU_038,2024-06-24,99,CD_CENTRO
SKU_038,2024-07-01,66,CD_CENTRO
SKU_038,2024-07-08,154,CD_CENTRO
SKU_038,2024-07-15,27,CD_CENTRO
SKU_038,2024-07-22,143,CD_CENTRO
SKU_038,2024-07-29,566,CD_CENTRO
SKU_038,2024-08-05,215,CD_CENTRO
SKU_038,2024-08-12,156,CD_CENTRO
SKU_038,2024-08-19,53,CD_CENTRO
SKU_038,2024-08-26,0,CD_CENTRO
SKU_038,2024-09-02,409,CD_CENTRO
SKU_038,2024-09-09,49,CD_CENTRO
SKU_038,2024-09-16,0,CD_CENTRO
SKU_038,2024-09-23,104,CD_CENTRO
SKU_038,2024-09-30,18,CD_CENTRO
SKU_038,2024-10-07,401,CD_CENTRO
SKU_038,2024-10-14,124,CD_CENTRO
SKU_038,2024-10-21,143,CD_CENTRO
SKU_038,2024-10-28,7,CD_CENTRO
SKU_038,2024-11-04,147,CD_CENTRO
SKU_038,2024-11-11,152,CD_CENTRO
SKU_038,2024-11-18,114,CD_CENTRO
SKU_038,2024-11-25,35,CD_CENTRO
SKU_038,2024-12-02,69,CD_CENTRO
SKU_038,2024-12-09,12,CD_CENTRO
SKU_038,2024-12-16,65,CD_CENTRO
SKU_038,2024-12-23,29,CD_CENTRO
SKU_038,2024-12-30,44,CD_CENTRO
SKU_038,2025-01-06,18,CD_CENTRO
SKU_038,2025-01-13,27,CD_CENTRO
SKU_038,2025-01-20,8,CD_CENTRO
SKU_038,2025-01-27,257,CD_CENTRO
SKU_038,2025-02-03,77,CD_CENTRO
SKU_038,2025-02-10,52,CD_CENTRO
SKU_038,2025-02-17,0,CD_CENTRO
SKU_038,2025-02-24,78,CD_CENTRO
SKU_038,2025-03-03,101,CD_CENTRO
SKU_038,2025-03-10,260,CD_CENTRO
SKU_038,2025-03-17,20,CD_CENTRO
SKU_038,2025-03-24,36,CD_CENTRO
SKU_038,2025-03-31,380,CD_CENTRO
SKU_038,2025-04-07,47,CD_CENTRO
SKU_038,2025-04-14,2,CD_CENTRO
SKU_038,2025-04-21,16,CD_CENTRO
SKU_038,2025-04-28,3,CD_CENTRO
SKU_038,2025-05-05,469,CD_CENTRO
SKU_038,2025-05-12,33,CD_CENTRO
SKU_038,2025-05-19,262,CD_CENTRO
SKU_038,2025-05-26,560,CD_CENTRO
SKU_038,2025-06-02,0,CD_CENTRO
SKU_038,2025-06-09,93,CD_CENTRO
SKU_038,2025-06-16,0,CD_CENTRO
SKU_038,2025-06-23,3,CD_CENTRO
SKU_038,2025-06-30,9,CD_CENTRO
SKU_038,2025-07-07,67,CD_CENTRO
SKU_038,2025-07-14,53,CD_CENTRO
SKU_038,2025-07-21,95,CD_CENTRO
SKU_038,2025-07-28,59,CD_CENTRO
SKU_038,2025-08-04,277,CD_CENTRO
SKU_038,2025-08-11,78,CD_CENTRO
SKU_038,2025-08-18,121,CD_CENTRO
SKU_038,2025-08-25,231,CD_CENTRO
SKU_038,2025-09-01,16,CD_CENTRO
SKU_038,2025-09-08,27,CD_CENTRO
SKU_038,2025-09-15,12,CD_CENTRO
SKU_038,2025-09-22,15,CD_CENTRO
SKU_038,2025-09-29,73,CD_CENTRO
SKU_038,2025-10-06,40,CD_CENTRO
SKU_038,2025-10-13,188,CD_CENTRO
SKU_038,2025-10-20,413,CD_CENTRO
SKU_038,2025-10-27,17,CD_CENTRO
SKU_038,2025-11-03,79,CD_CENTRO
SKU_038,2025-11-10,11,CD_CENTRO
SKU_038,2025-11-17,39,CD_CENTRO
SKU_038,2025-11-24,76,CD_CENTRO
SKU_038,2025-12-01,299,CD_CENTRO
SKU_038,2025-12-08,51,CD_CENTRO
SKU_038,2025-12-15,7,CD_CENTRO
SKU_038,2025-12-22,0,CD_CENTRO
SKU_038,2025-12-29,50,CD_CENTRO
SKU_038,2024-01-08,6,CD_SUR
SKU_038,2024-01-15,26,CD_SUR
SKU_038,2024-01-22,4,CD_SUR
SKU_038,2024-01-29,2,CD_SUR
SKU_038,2024-02-05,84,CD_SUR
SKU_038,2024-02-12,10,CD_SUR
SKU_038,2024-02-19,37,CD_SUR
SKU_038,2024-02-26,0,CD_SUR
SKU_038,2024-03-04,7,CD_SUR
SKU_038,2024-03-11,13,CD_SUR
SKU_038,2024-03-18,19,CD_SUR
SKU_038,2024-03-25,22,CD_SUR
SKU_038,2024-04-01,2,CD_SUR
SKU_038,2024-04-08,90,CD_SUR
SKU_038,2024-04-15,1,CD_SUR
SKU_038,2024-04-22,3,CD_SUR
SKU_038,2024-04-29,70,CD_SUR
SKU_038,2024-05-06,14,CD_SUR
SKU_038,2024-05-13,116,CD_SUR
SKU_038,2024-05-20,7,CD_SUR
SKU_038,2024-05-27,12,CD_SUR
SKU_038,2024-06-03,37,CD_SUR
SKU_038,2024-06-10,193,CD_SUR
SKU_038,2024-06-17,3,CD_SUR
SKU_038,2024-06-24,22,CD_SUR
SKU_038,2024-07-01,2,CD_SUR
SKU_038,2024-07-08,10,CD_SUR
SKU_038,2024-07-15,102,CD_SUR
SKU_038,2024-07-22,4,CD_SUR
SKU_038,2024-07-29,84,CD_SUR
SKU_038,2024-08-05,8,CD_SUR
SKU_038,2024-08-12,0,CD_SUR
SKU_038,2024-08-19,0,CD_SUR
SKU_038,2024-08-26,85,CD_SUR
SKU_038,2024-09-02,33,CD_SUR
SKU_038,2024-09-09,0,CD_SUR
SKU_038,2024-09-16,91,CD_SUR
SKU_038,2024-09-23,7,CD_SUR
SKU_038,2024-09-30,62,CD_SUR
SKU_038,2024-10-07,0,CD_SUR
SKU_038,2024-10-14,0,CD_SUR
SKU_038,2024-10-21,49,CD_SUR
SKU_038,2024-10-28,34,CD_SUR
SKU_038,2024-11-04,72,CD_SUR
SKU_038,2024-11-11,45,CD_SUR
SKU_038,2024-11-18,90,CD_SUR
SKU_038,2024-11-25,21,CD_SUR
SKU_038,2024-12-02,38,CD_SUR
SKU_038,2024-12-09,0,CD_SUR
SKU_038,2024-12-16,88,CD_SUR
SKU_038,2024-12-23,10,CD_SUR
SKU_038,2024-12-30,29,CD_SUR
SKU_038,2025-01-06,0,CD_SUR
SKU_038,2025-01-13,139,CD_SUR
SKU_038,2025-01-20,28,CD_SUR
SKU_038,2025-01-27,0,CD_SUR
SKU_038,2025-02-03,13,CD_SUR
SKU_038,2025-02-10,0,CD_SUR
SKU_038,2025-02-17,0,CD_SUR
SKU_038,2025-02-24,0,CD_SUR
SKU_038,2025-03-03,19,CD_SUR
SKU_038,2025-03-10,0,CD_SUR
SKU_038,2025-03-17,93,CD_SUR
SKU_038,2025-03-24,133,CD_SUR
SKU_038,2025-03-31,129,CD_SUR
SKU_038,2025-04-07,52,CD_SUR
SKU_038,2025-04-14,31,CD_SUR
SKU_038,2025-04-21,9,CD_SUR
SKU_038,2025-04-28,6,CD_SUR
SKU_038,2025-05-05,3,CD_SUR
SKU_038,2025-05-12,1,CD_SUR
SKU_038,2025-05-19,91,CD_SUR
SKU_038,2025-05-26,71,CD_SUR
SKU_038,2025-06-02,36,CD_SUR
SKU_038,2025-06-09,287,CD_SUR
SKU_038,2025-06-16,132,CD_SUR
SKU_038,2025-06-23,131,CD_SUR
SKU_038,2025-06-30,0,CD_SUR
SKU_038,2025-07-07,27,CD_SUR
SKU_038,2025-07-14,7,CD_SUR
SKU_038,2025-07-21,31,CD_SUR
SKU_038,2025-07-28,7,CD_SUR
SKU_038,2025-08-04,22,CD_SUR
SKU_038,2025-08-11,123,CD_SUR
SKU_038,2025-08-18,18,CD_SUR
SKU_038,2025-08-25,7,CD_SUR
SKU_038,2025-09-01,38,CD_SUR
SKU_038,2025-09-08,40,CD_SUR
SKU_038,2025-09-15,9,CD_SUR
SKU_038,2025-09-22,9,CD_SUR
SKU_038,2025-09-29,196,CD_SUR
SKU_038,2025-10-06,0,CD_SUR
SKU_038,2025-10-13,0,CD_SUR
SKU_038,2025-10-20,12,CD_SUR
SKU_038,2025-10-27,78,CD_SUR
SKU_038,2025-11-03,27,CD_SUR
SKU_038,2025-11-10,0,CD_SUR
SKU_038,2025-11-17,25,CD_SUR
SKU_038,2025-11-24,15,CD_SUR
SKU_038,2025-12-01,64,CD_SUR
SKU_038,2025-12-08,91,CD_SUR
SKU_038,2025-12-15,13,CD_SUR
SKU_038,2025-12-22,4,CD_SUR
SKU_038,2025-12-29,6,CD_SUR
SKU_039,2024-01-08,55,CD_NORTE
SKU_039,2024-01-15,112,CD_NORTE
SKU_039,2024-01-22,108,CD_NORTE
SKU_039,2024-01-29,32,CD_NORTE
SKU_039,2024-02-05,88,CD_NORTE
SKU_039,2024-02-12,210,CD_NORTE
SKU_039,2024-02-19,73,CD_NORTE
SKU_039,2024-02-26,0,CD_NORTE
SKU_039,2024-03-04,12,CD_NORTE
SKU_039,2024-03-11,84,CD_NORTE
SKU_039,2024-03-18,8,CD_NORTE
SKU_039,2024-03-25,0,CD_NORTE
SKU_039,2024-04-01,152,CD_NORTE
SKU_039,2024-04-08,54,CD_NORTE
SKU_039,2024-04-15,36,CD_NORTE
SKU_039,2024-04-22,4,CD_NORTE
SKU_039,2024-04-29,35,CD_NORTE
SKU_039,2024-05-06,0,CD_NORTE
SKU_039,2024-05-13,0,CD_NORTE
SKU_039,2024-05-20,173,CD_NORTE
SKU_039,2024-05-27,2,CD_NORTE
SKU_039,2024-06-03,0,CD_NORTE
SKU_039,2024-06-10,48,CD_NORTE
SKU_039,2024-06-17,198,CD_NORTE
SKU_039,2024-06-24,37,CD_NORTE
SKU_039,2024-07-01,41,CD_NORTE
SKU_039,2024-07-08,64,CD_NORTE
SKU_039,2024-07-15,0,CD_NORTE
SKU_039,2024-07-22,46,CD_NORTE
SKU_039,2024-07-29,14,CD_NORTE
SKU_039,2024-08-05,1,CD_NORTE
SKU_039,2024-08-12,70,CD_NORTE
SKU_039,2024-08-19,188,CD_NORTE
SKU_039,2024-08-26,8,CD_NORTE
SKU_039,2024-09-02,18,CD_NORTE
SKU_039,2024-09-09,34,CD_NORTE
SKU_039,2024-09-16,122,CD_NORTE
SKU_039,2024-09-23,23,CD_NORTE
SKU_039,2024-09-30,158,CD_NORTE
SKU_039,2024-10-07,4,CD_NORTE
SKU_039,2024-10-14,209,CD_NORTE
SKU_039,2024-10-21,197,CD_NORTE
SKU_039,2024-10-28,80,CD_NORTE
SKU_039,2024-11-04,34,CD_NORTE
SKU_039,2024-11-11,113,CD_NORTE
SKU_039,2024-11-18,13,CD_NORTE
SKU_039,2024-11-25,4,CD_NORTE
SKU_039,2024-12-02,37,CD_NORTE
SKU_039,2024-12-09,142,CD_NORTE
SKU_039,2024-12-16,334,CD_NORTE
SKU_039,2024-12-23,54,CD_NORTE
SKU_039,2024-12-30,63,CD_NORTE
SKU_039,2025-01-06,10,CD_NORTE
SKU_039,2025-01-13,136,CD_NORTE
SKU_039,2025-01-20,114,CD_NORTE
SKU_039,2025-01-27,79,CD_NORTE
SKU_039,2025-02-03,46,CD_NORTE
SKU_039,2025-02-10,0,CD_NORTE
SKU_039,2025-02-17,247,CD_NORTE
SKU_039,2025-02-24,0,CD_NORTE
SKU_039,2025-03-03,156,CD_NORTE
SKU_039,2025-03-10,0,CD_NORTE
SKU_039,2025-03-17,77,CD_NORTE
SKU_039,2025-03-24,34,CD_NORTE
SKU_039,2025-03-31,71,CD_NORTE
SKU_039,2025-04-07,63,CD_NORTE
SKU_039,2025-04-14,37,CD_NORTE
SKU_039,2025-04-21,27,CD_NORTE
SKU_039,2025-04-28,0,CD_NORTE
SKU_039,2025-05-05,39,CD_NORTE
SKU_039,2025-05-12,63,CD_NORTE
SKU_039,2025-05-19,91,CD_NORTE
SKU_039,2025-05-26,0,CD_NORTE
SKU_039,2025-06-02,23,CD_NORTE
SKU_039,2025-06-09,106,CD_NORTE
SKU_039,2025-06-16,56,CD_NORTE
SKU_039,2025-06-23,5,CD_NORTE
SKU_039,2025-06-30,0,CD_NORTE
SKU_039,2025-07-07,34,CD_NORTE
SKU_039,2025-07-14,160,CD_NORTE
SKU_039,2025-07-21,104,CD_NORTE
SKU_039,2025-07-28,29,CD_NORTE
SKU_039,2025-08-04,206,CD_NORTE
SKU_039,2025-08-11,6,CD_NORTE
SKU_039,2025-08-18,241,CD_NORTE
SKU_039,2025-08-25,21,CD_NORTE
SKU_039,2025-09-01,1,CD_NORTE
SKU_039,2025-09-08,42,CD_NORTE
SKU_039,2025-09-15,0,CD_NORTE
SKU_039,2025-09-22,0,CD_NORTE
SKU_039,2025-09-29,33,CD_NORTE
SKU_039,2025-10-06,57,CD_NORTE
SKU_039,2025-10-13,118,CD_NORTE
SKU_039,2025-10-20,137,CD_NORTE
SKU_039,2025-10-27,38,CD_NORTE
SKU_039,2025-11-03,42,CD_NORTE
SKU_039,2025-11-10,12,CD_NORTE
SKU_039,2025-11-17,4,CD_NORTE
SKU_039,2025-11-24,76,CD_NORTE
SKU_039,2025-12-01,5,CD_NORTE
SKU_039,2025-12-08,98,CD_NORTE
SKU_039,2025-12-15,57,CD_NORTE
SKU_039,2025-12-22,16,CD_NORTE
SKU_039,2025-12-29,57,CD_NORTE
SKU_039,2024-01-08,199,CD_CENTRO
SKU_039,2024-01-15,113,CD_CENTRO
SKU_039,2024-01-22,52,CD_CENTRO
SKU_039,2024-01-29,131,CD_CENTRO
SKU_039,2024-02-05,127,CD_CENTRO
SKU_039,2024-02-12,4,CD_CENTRO
SKU_039,2024-02-19,106,CD_CENTRO
SKU_039,2024-02-26,96,CD_CENTRO
SKU_039,2024-03-04,312,CD_CENTRO
SKU_039,2024-03-11,320,CD_CENTRO
SKU_039,2024-03-18,0,CD_CENTRO
SKU_039,2024-03-25,45,CD_CENTRO
SKU_039,2024-04-01,84,CD_CENTRO
SKU_039,2024-04-08,14,CD_CENTRO
SKU_039,2024-04-15,6,CD_CENTRO
SKU_039,2024-04-22,53,CD_CENTRO
SKU_039,2024-04-29,0,CD_CENTRO
SKU_039,2024-05-06,110,CD_CENTRO
SKU_039,2024-05-13,79,CD_CENTRO
SKU_039,2024-05-20,53,CD_CENTRO
SKU_039,2024-05-27,0,CD_CENTRO
SKU_039,2024-06-03,160,CD_CENTRO
SKU_039,2024-06-10,149,CD_CENTRO
SKU_039,2024-06-17,0,CD_CENTRO
SKU_039,2024-06-24,0,CD_CENTRO
SKU_039,2024-07-01,124,CD_CENTRO
SKU_039,2024-07-08,8,CD_CENTRO
SKU_039,2024-07-15,150,CD_CENTRO
SKU_039,2024-07-22,237,CD_CENTRO
SKU_039,2024-07-29,0,CD_CENTRO
SKU_039,2024-08-05,6,CD_CENTRO
SKU_039,2024-08-12,48,CD_CENTRO
SKU_039,2024-08-19,0,CD_CENTRO
SKU_039,2024-08-26,419,CD_CENTRO
SKU_039,2024-09-02,86,CD_CENTRO
SKU_039,2024-09-09,68,CD_CENTRO
SKU_039,2024-09-16,18,CD_CENTRO
SKU_039,2024-09-23,0,CD_CENTRO
SKU_039,2024-09-30,78,CD_CENTRO
SKU_039,2024-10-07,54,CD_CENTRO
SKU_039,2024-10-14,0,CD_CENTRO
SKU_039,2024-10-21,0,CD_CENTRO
SKU_039,2024-10-28,13,CD_CENTRO
SKU_039,2024-11-04,59,CD_CENTRO
SKU_039,2024-11-11,17,CD_CENTRO
SKU_039,2024-11-18,315,CD_CENTRO
SKU_039,2024-11-25,342,CD_CENTRO
SKU_039,2024-12-02,60,CD_CENTRO
SKU_039,2024-12-09,94,CD_CENTRO
SKU_039,2024-12-16,53,CD_CENTRO
SKU_039,2024-12-23,0,CD_CENTRO
SKU_039,2024-12-30,14,CD_CENTRO
SKU_039,2025-01-06,331,CD_CENTRO
SKU_039,2025-01-13,13,CD_CENTRO
SKU_039,2025-01-20,11,CD_CENTRO
SKU_039,2025-01-27,58,CD_CENTRO
SKU_039,2025-02-03,101,CD_CENTRO
SKU_039,2025-02-10,0,CD_CENTRO
SKU_039,2025-02-17,41,CD_CENTRO
SKU_039,2025-02-24,0,CD_CENTRO
SKU_039,2025-03-03,0,CD_CENTRO
SKU_039,2025-03-10,20,CD_CENTRO
SKU_039,2025-03-17,161,CD_CENTRO
SKU_039,2025-03-24,42,CD_CENTRO
SKU_039,2025-03-31,0,CD_CENTRO
SKU_039,2025-04-07,20,CD_CENTRO
SKU_039,2025-04-14,43,CD_CENTRO
SKU_039,2025-04-21,23,CD_CENTRO
SKU_039,2025-04-28,69,CD_CENTRO
SKU_039,2025-05-05,104,CD_CENTRO
SKU_039,2025-05-12,0,CD_CENTRO
SKU_039,2025-05-19,151,CD_CENTRO
SKU_039,2025-05-26,24,CD_CENTRO
SKU_039,2025-06-02,17,CD_CENTRO
SKU_039,2025-06-09,2,CD_CENTRO
SKU_039,2025-06-16,24,CD_CENTRO
SKU_039,2025-06-23,7,CD_CENTRO
SKU_039,2025-06-30,40,CD_CENTRO
SKU_039,2025-07-07,15,CD_CENTRO
SKU_039,2025-07-14,82,CD_CENTRO
SKU_039,2025-07-21,46,CD_CENTRO
SKU_039,2025-07-28,9,CD_CENTRO
SKU_039,2025-08-04,129,CD_CENTRO
SKU_039,2025-08-11,22,CD_CENTRO
SKU_039,2025-08-18,0,CD_CENTRO
SKU_039,2025-08-25,0,CD_CENTRO
SKU_039,2025-09-01,107,CD_CENTRO
SKU_039,2025-09-08,43,CD_CENTRO
SKU_039,2025-09-15,15,CD_CENTRO
SKU_039,2025-09-22,40,CD_CENTRO
SKU_039,2025-09-29,24,CD_CENTRO
SKU_039,2025-10-06,149,CD_CENTRO
SKU_039,2025-10-13,385,CD_CENTRO
SKU_039,2025-10-20,2,CD_CENTRO
SKU_039,2025-10-27,110,CD_CENTRO
SKU_039,2025-11-03,29,CD_CENTRO
SKU_039,2025-11-10,6,CD_CENTRO
SKU_039,2025-11-17,1,CD_CENTRO
SKU_039,2025-11-24,0,CD_CENTRO
SKU_039,2025-12-01,200,CD_CENTRO
SKU_039,2025-12-08,41,CD_CENTRO
SKU_039,2025-12-15,0,CD_CENTRO
SKU_039,2025-12-22,490,CD_CENTRO
SKU_039,2025-12-29,55,CD_CENTRO
SKU_039,2024-01-08,32,CD_SUR
SKU_039,2024-01-15,73,CD_SUR
SKU_039,2024-01-22,12,CD_SUR
SKU_039,2024-01-29,5,CD_SUR
SKU_039,2024-02-05,133,CD_SUR
SKU_039,2024-02-12,57,CD_SUR
SKU_039,2024-02-19,72,CD_SUR
SKU_039,2024-02-26,25,CD_SUR
SKU_039,2024-03-04,32,CD_SUR
SKU_039,2024-03-11,6,CD_SUR
SKU_039,2024-03-18,134,CD_SUR
SKU_039,2024-03-25,0,CD_SUR
SKU_039,2024-04-01,62,CD_SUR
SKU_039,2024-04-08,6,CD_SUR
SKU_039,2024-04-15,113,CD_SUR
SKU_039,2024-04-22,41,CD_SUR
SKU_039,2024-04-29,100,CD_SUR
SKU_039,2024-05-06,1,CD_SUR
SKU_039,2024-05-13,2,CD_SUR
SKU_039,2024-05-20,13,CD_SUR
SKU_039,2024-05-27,16,CD_SUR
SKU_039,2024-06-03,100,CD_SUR
SKU_039,2024-06-10,85,CD_SUR
SKU_039,2024-06-17,66,CD_SUR
SKU_039,2024-06-24,149,CD_SUR
SKU_039,2024-07-01,20,CD_SUR
SKU_039,2024-07-08,557,CD_SUR
SKU_039,2024-07-15,166,CD_SUR
SKU_039,2024-07-22,39,CD_SUR
SKU_039,2024-07-29,7,CD_SUR
SKU_039,2024-08-05,0,CD_SUR
SKU_039,2024-08-12,89,CD_SUR
SKU_039,2024-08-19,28,CD_SUR
SKU_039,2024-08-26,109,CD_SUR
SKU_039,2024-09-02,12,CD_SUR
SKU_039,2024-09-09,54,CD_SUR
SKU_039,2024-09-16,49,CD_SUR
SKU_039,2024-09-23,7,CD_SUR
SKU_039,2024-09-30,31,CD_SUR
SKU_039,2024-10-07,0,CD_SUR
SKU_039,2024-10-14,6,CD_SUR
SKU_039,2024-10-21,0,CD_SUR
SKU_039,2024-10-28,43,CD_SUR
SKU_039,2024-11-04,128,CD_SUR
SKU_039,2024-11-11,22,CD_SUR
SKU_039,2024-11-18,100,CD_SUR
SKU_039,2024-11-25,14,CD_SUR
SKU_039,2024-12-02,77,CD_SUR
SKU_039,2024-12-09,0,CD_SUR
SKU_039,2024-12-16,171,CD_SUR
SKU_039,2024-12-23,27,CD_SUR
SKU_039,2024-12-30,159,CD_SUR
SKU_039,2025-01-06,49,CD_SUR
SKU_039,2025-01-13,26,CD_SUR
SKU_039,2025-01-20,157,CD_SUR
SKU_039,2025-01-27,2,CD_SUR
SKU_039,2025-02-03,2,CD_SUR
SKU_039,2025-02-10,63,CD_SUR
SKU_039,2025-02-17,110,CD_SUR
SKU_039,2025-02-24,96,CD_SUR
SKU_039,2025-03-03,6,CD_SUR
SKU_039,2025-03-10,0,CD_SUR
SKU_039,2025-03-17,207,CD_SUR
SKU_039,2025-03-24,282,CD_SUR
SKU_039,2025-03-31,205,CD_SUR
SKU_039,2025-04-07,28,CD_SUR
SKU_039,2025-04-14,82,CD_SUR
SKU_039,2025-04-21,0,CD_SUR
SKU_039,2025-04-28,136,CD_SUR
SKU_039,2025-05-05,33,CD_SUR
SKU_039,2025-05-12,231,CD_SUR
SKU_039,2025-05-19,21,CD_SUR
SKU_039,2025-05-26,26,CD_SUR
SKU_039,2025-06-02,175,CD_SUR
SKU_039,2025-06-09,241,CD_SUR
SKU_039,2025-06-16,23,CD_SUR
SKU_039,2025-06-23,10,CD_SUR
SKU_039,2025-06-30,98,CD_SUR
SKU_039,2025-07-07,183,CD_SUR
SKU_039,2025-07-14,63,CD_SUR
SKU_039,2025-07-21,0,CD_SUR
SKU_039,2025-07-28,69,CD_SUR
SKU_039,2025-08-04,99,CD_SUR
SKU_039,2025-08-11,11,CD_SUR
SKU_039,2025-08-18,250,CD_SUR
SKU_039,2025-08-25,31,CD_SUR
SKU_039,2025-09-01,68,CD_SUR
SKU_039,2025-09-08,44,CD_SUR
SKU_039,2025-09-15,44,CD_SUR
SKU_039,2025-09-22,84,CD_SUR
SKU_039,2025-09-29,361,CD_SUR
SKU_039,2025-10-06,74,CD_SUR
SKU_039,2025-10-13,109,CD_SUR
SKU_039,2025-10-20,2,CD_SUR
SKU_039,2025-10-27,115,CD_SUR
SKU_039,2025-11-03,0,CD_SUR
SKU_039,2025-11-10,25,CD_SUR
SKU_039,2025-11-17,9,CD_SUR
SKU_039,2025-11-24,8,CD_SUR
SKU_039,2025-12-01,79,CD_SUR
SKU_039,2025-12-08,987,CD_SUR
SKU_039,2025-12-15,76,CD_SUR
SKU_039,2025-12-22,21,CD_SUR
SKU_039,2025-12-29,16,CD_SUR
SKU_040,2024-01-08,43,CD_NORTE
SKU_040,2024-01-15,52,CD_NORTE
SKU_040,2024-01-22,334,CD_NORTE
SKU_040,2024-01-29,203,CD_NORTE
SKU_040,2024-02-05,0,CD_NORTE
SKU_040,2024-02-12,187,CD_NORTE
SKU_040,2024-02-19,24,CD_NORTE
SKU_040,2024-02-26,261,CD_NORTE
SKU_040,2024-03-04,33,CD_NORTE
SKU_040,2024-03-11,232,CD_NORTE
SKU_040,2024-03-18,13,CD_NORTE
SKU_040,2024-03-25,39,CD_NORTE
SKU_040,2024-04-01,186,CD_NORTE
SKU_040,2024-04-08,162,CD_NORTE
SKU_040,2024-04-15,63,CD_NORTE
SKU_040,2024-04-22,88,CD_NORTE
SKU_040,2024-04-29,11,CD_NORTE
SKU_040,2024-05-06,70,CD_NORTE
SKU_040,2024-05-13,53,CD_NORTE
SKU_040,2024-05-20,5,CD_NORTE
SKU_040,2024-05-27,7,CD_NORTE
SKU_040,2024-06-03,6,CD_NORTE
SKU_040,2024-06-10,71,CD_NORTE
SKU_040,2024-06-17,8,CD_NORTE
SKU_040,2024-06-24,35,CD_NORTE
SKU_040,2024-07-01,83,CD_NORTE
SKU_040,2024-07-08,44,CD_NORTE
SKU_040,2024-07-15,67,CD_NORTE
SKU_040,2024-07-22,63,CD_NORTE
SKU_040,2024-07-29,40,CD_NORTE
SKU_040,2024-08-05,34,CD_NORTE
SKU_040,2024-08-12,28,CD_NORTE
SKU_040,2024-08-19,109,CD_NORTE
SKU_040,2024-08-26,22,CD_NORTE
SKU_040,2024-09-02,0,CD_NORTE
SKU_040,2024-09-09,17,CD_NORTE
SKU_040,2024-09-16,75,CD_NORTE
SKU_040,2024-09-23,25,CD_NORTE
SKU_040,2024-09-30,103,CD_NORTE
SKU_040,2024-10-07,22,CD_NORTE
SKU_040,2024-10-14,67,CD_NORTE
SKU_040,2024-10-21,3,CD_NORTE
SKU_040,2024-10-28,27,CD_NORTE
SKU_040,2024-11-04,23,CD_NORTE
SKU_040,2024-11-11,93,CD_NORTE
SKU_040,2024-11-18,188,CD_NORTE
SKU_040,2024-11-25,34,CD_NORTE
SKU_040,2024-12-02,0,CD_NORTE
SKU_040,2024-12-09,96,CD_NORTE
SKU_040,2024-12-16,0,CD_NORTE
SKU_040,2024-12-23,66,CD_NORTE
SKU_040,2024-12-30,188,CD_NORTE
SKU_040,2025-01-06,92,CD_NORTE
SKU_040,2025-01-13,4,CD_NORTE
SKU_040,2025-01-20,69,CD_NORTE
SKU_040,2025-01-27,42,CD_NORTE
SKU_040,2025-02-03,0,CD_NORTE
SKU_040,2025-02-10,1,CD_NORTE
SKU_040,2025-02-17,16,CD_NORTE
SKU_040,2025-02-24,140,CD_NORTE
SKU_040,2025-03-03,143,CD_NORTE
SKU_040,2025-03-10,88,CD_NORTE
SKU_040,2025-03-17,220,CD_NORTE
SKU_040,2025-03-24,0,CD_NORTE
SKU_040,2025-03-31,90,CD_NORTE
SKU_040,2025-04-07,3,CD_NORTE
SKU_040,2025-04-14,19,CD_NORTE
SKU_040,2025-04-21,0,CD_NORTE
SKU_040,2025-04-28,2,CD_NORTE
SKU_040,2025-05-05,0,CD_NORTE
SKU_040,2025-05-12,5,CD_NORTE
SKU_040,2025-05-19,14,CD_NORTE
SKU_040,2025-05-26,39,CD_NORTE
SKU_040,2025-06-02,103,CD_NORTE
SKU_040,2025-06-09,109,CD_NORTE
SKU_040,2025-06-16,53,CD_NORTE
SKU_040,2025-06-23,145,CD_NORTE
SKU_040,2025-06-30,38,CD_NORTE
SKU_040,2025-07-07,121,CD_NORTE
SKU_040,2025-07-14,0,CD_NORTE
SKU_040,2025-07-21,33,CD_NORTE
SKU_040,2025-07-28,18,CD_NORTE
SKU_040,2025-08-04,137,CD_NORTE
SKU_040,2025-08-11,27,CD_NORTE
SKU_040,2025-08-18,38,CD_NORTE
SKU_040,2025-08-25,22,CD_NORTE
SKU_040,2025-09-01,60,CD_NORTE
SKU_040,2025-09-08,292,CD_NORTE
SKU_040,2025-09-15,1,CD_NORTE
SKU_040,2025-09-22,127,CD_NORTE
SKU_040,2025-09-29,0,CD_NORTE
SKU_040,2025-10-06,0,CD_NORTE
SKU_040,2025-10-13,25,CD_NORTE
SKU_040,2025-10-20,10,CD_NORTE
SKU_040,2025-10-27,78,CD_NORTE
SKU_040,2025-11-03,3,CD_NORTE
SKU_040,2025-11-10,44,CD_NORTE
SKU_040,2025-11-17,19,CD_NORTE
SKU_040,2025-11-24,0,CD_NORTE
SKU_040,2025-12-01,8,CD_NORTE
SKU_040,2025-12-08,0,CD_NORTE
SKU_040,2025-12-15,81,CD_NORTE
SKU_040,2025-12-22,13,CD_NORTE
SKU_040,2025-12-29,14,CD_NORTE
SKU_040,2024-01-08,3,CD_CENTRO
SKU_040,2024-01-15,103,CD_CENTRO
SKU_040,2024-01-22,57,CD_CENTRO
SKU_040,2024-01-29,273,CD_CENTRO
SKU_040,2024-02-05,0,CD_CENTRO
SKU_040,2024-02-12,74,CD_CENTRO
SKU_040,2024-02-19,0,CD_CENTRO
SKU_040,2024-02-26,132,CD_CENTRO
SKU_040,2024-03-04,26,CD_CENTRO
SKU_040,2024-03-11,0,CD_CENTRO
SKU_040,2024-03-18,153,CD_CENTRO
SKU_040,2024-03-25,0,CD_CENTRO
SKU_040,2024-04-01,406,CD_CENTRO
SKU_040,2024-04-08,251,CD_CENTRO
SKU_040,2024-04-15,0,CD_CENTRO
SKU_040,2024-04-22,4,CD_CENTRO
SKU_040,2024-04-29,0,CD_CENTRO
SKU_040,2024-05-06,0,CD_CENTRO
SKU_040,2024-05-13,0,CD_CENTRO
SKU_040,2024-05-20,63,CD_CENTRO
SKU_040,2024-05-27,122,CD_CENTRO
SKU_040,2024-06-03,0,CD_CENTRO
SKU_040,2024-06-10,11,CD_CENTRO
SKU_040,2024-06-17,57,CD_CENTRO
SKU_040,2024-06-24,0,CD_CENTRO
SKU_040,2024-07-01,305,CD_CENTRO
SKU_040,2024-07-08,0,CD_CENTRO
SKU_040,2024-07-15,61,CD_CENTRO
SKU_040,2024-07-22,452,CD_CENTRO
SKU_040,2024-07-29,6,CD_CENTRO
SKU_040,2024-08-05,135,CD_CENTRO
SKU_040,2024-08-12,93,CD_CENTRO
SKU_040,2024-08-19,74,CD_CENTRO
SKU_040,2024-08-26,0,CD_CENTRO
SKU_040,2024-09-02,378,CD_CENTRO
SKU_040,2024-09-09,15,CD_CENTRO
SKU_040,2024-09-16,242,CD_CENTRO
SKU_040,2024-09-23,126,CD_CENTRO
SKU_040,2024-09-30,32,CD_CENTRO
SKU_040,2024-10-07,536,CD_CENTRO
SKU_040,2024-10-14,60,CD_CENTRO
SKU_040,2024-10-21,180,CD_CENTRO
SKU_040,2024-10-28,53,CD_CENTRO
SKU_040,2024-11-04,204,CD_CENTRO
SKU_040,2024-11-11,108,CD_CENTRO
SKU_040,2024-11-18,16,CD_CENTRO
SKU_040,2024-11-25,112,CD_CENTRO
SKU_040,2024-12-02,23,CD_CENTRO
SKU_040,2024-12-09,57,CD_CENTRO
SKU_040,2024-12-16,20,CD_CENTRO
SKU_040,2024-12-23,0,CD_CENTRO
SKU_040,2024-12-30,0,CD_CENTRO
SKU_040,2025-01-06,2,CD_CENTRO
SKU_040,2025-01-13,0,CD_CENTRO
SKU_040,2025-01-20,25,CD_CENTRO
SKU_040,2025-01-27,82,CD_CENTRO
SKU_040,2025-02-03,70,CD_CENTRO
SKU_040,2025-02-10,74,CD_CENTRO
SKU_040,2025-02-17,30,CD_CENTRO
SKU_040,2025-02-24,124,CD_CENTRO
SKU_040,2025-03-03,130,CD_CENTRO
SKU_040,2025-03-10,47,CD_CENTRO
SKU_040,2025-03-17,777,CD_CENTRO
SKU_040,2025-03-24,111,CD_CENTRO
SKU_040,2025-03-31,0,CD_CENTRO
SKU_040,2025-04-07,134,CD_CENTRO
SKU_040,2025-04-14,35,CD_CENTRO
SKU_040,2025-04-21,0,CD_CENTRO
SKU_040,2025-04-28,215,CD_CENTRO
SKU_040,2025-05-05,185,CD_CENTRO
SKU_040,2025-05-12,14,CD_CENTRO
SKU_040,2025-05-19,50,CD_CENTRO
SKU_040,2025-05-26,116,CD_CENTRO
SKU_040,2025-06-02,113,CD_CENTRO
SKU_040,2025-06-09,211,CD_CENTRO
SKU_040,2025-06-16,16,CD_CENTRO
SKU_040,2025-06-23,60,CD_CENTRO
SKU_040,2025-06-30,11,CD_CENTRO
SKU_040,2025-07-07,0,CD_CENTRO
SKU_040,2025-07-14,53,CD_CENTRO
SKU_040,2025-07-21,2,CD_CENTRO
SKU_040,2025-07-28,245,CD_CENTRO
SKU_040,2025-08-04,80,CD_CENTRO
SKU_040,2025-08-11,203,CD_CENTRO
SKU_040,2025-08-18,7,CD_CENTRO
SKU_040,2025-08-25,28,CD_CENTRO
SKU_040,2025-09-01,32,CD_CENTRO
SKU_040,2025-09-08,52,CD_CENTRO
SKU_040,2025-09-15,0,CD_CENTRO
SKU_040,2025-09-22,174,CD_CENTRO
SKU_040,2025-09-29,52,CD_CENTRO
SKU_040,2025-10-06,25,CD_CENTRO
SKU_040,2025-10-13,7,CD_CENTRO
SKU_040,2025-10-20,9,CD_CENTRO
SKU_040,2025-10-27,153,CD_CENTRO
SKU_040,2025-11-03,0,CD_CENTRO
SKU_040,2025-11-10,63,CD_CENTRO
SKU_040,2025-11-17,139,CD_CENTRO
SKU_040,2025-11-24,123,CD_CENTRO
SKU_040,2025-12-01,16,CD_CENTRO
SKU_040,2025-12-08,16,CD_CENTRO
SKU_040,2025-12-15,151,CD_CENTRO
SKU_040,2025-12-22,137,CD_CENTRO
SKU_040,2025-12-29,51,CD_CENTRO
SKU_040,2024-01-08,0,CD_SUR
SKU_040,2024-01-15,339,CD_SUR
SKU_040,2024-01-22,128,CD_SUR
SKU_040,2024-01-29,77,CD_SUR
SKU_040,2024-02-05,85,CD_SUR
SKU_040,2024-02-12,0,CD_SUR
SKU_040,2024-02-19,43,CD_SUR
SKU_040,2024-02-26,11,CD_SUR
SKU_040,2024-03-04,0,CD_SUR
SKU_040,2024-03-11,58,CD_SUR
SKU_040,2024-03-18,64,CD_SUR
SKU_040,2024-03-25,216,CD_SUR
SKU_040,2024-04-01,40,CD_SUR
SKU_040,2024-04-08,16,CD_SUR
SKU_040,2024-04-15,130,CD_SUR
SKU_040,2024-04-22,198,CD_SUR
SKU_040,2024-04-29,10,CD_SUR
SKU_040,2024-05-06,20,CD_SUR
SKU_040,2024-05-13,40,CD_SUR
SKU_040,2024-05-20,10,CD_SUR
SKU_040,2024-05-27,1,CD_SUR
SKU_040,2024-06-03,0,CD_SUR
SKU_040,2024-06-10,21,CD_SUR
SKU_040,2024-06-17,102,CD_SUR
SKU_040,2024-06-24,2,CD_SUR
SKU_040,2024-07-01,29,CD_SUR
SKU_040,2024-07-08,188,CD_SUR
SKU_040,2024-07-15,156,CD_SUR
SKU_040,2024-07-22,216,CD_SUR
SKU_040,2024-07-29,0,CD_SUR
SKU_040,2024-08-05,28,CD_SUR
SKU_040,2024-08-12,153,CD_SUR
SKU_040,2024-08-19,2,CD_SUR
SKU_040,2024-08-26,70,CD_SUR
SKU_040,2024-09-02,52,CD_SUR
SKU_040,2024-09-09,15,CD_SUR
SKU_040,2024-09-16,36,CD_SUR
SKU_040,2024-09-23,7,CD_SUR
SKU_040,2024-09-30,105,CD_SUR
SKU_040,2024-10-07,23,CD_SUR
SKU_040,2024-10-14,50,CD_SUR
SKU_040,2024-10-21,9,CD_SUR
SKU_040,2024-10-28,12,CD_SUR
SKU_040,2024-11-04,246,CD_SUR
SKU_040,2024-11-11,0,CD_SUR
SKU_040,2024-11-18,71,CD_SUR
SKU_040,2024-11-25,167,CD_SUR
SKU_040,2024-12-02,0,CD_SUR
SKU_040,2024-12-09,18,CD_SUR
SKU_040,2024-12-16,0,CD_SUR
SKU_040,2024-12-23,9,CD_SUR
SKU_040,2024-12-30,36,CD_SUR
SKU_040,2025-01-06,35,CD_SUR
SKU_040,2025-01-13,10,CD_SUR
SKU_040,2025-01-20,67,CD_SUR
SKU_040,2025-01-27,23,CD_SUR
SKU_040,2025-02-03,11,CD_SUR
SKU_040,2025-02-10,21,CD_SUR
SKU_040,2025-02-17,42,CD_SUR
SKU_040,2025-02-24,0,CD_SUR
SKU_040,2025-03-03,0,CD_SUR
SKU_040,2025-03-10,0,CD_SUR
SKU_040,2025-03-17,175,CD_SUR
SKU_040,2025-03-24,34,CD_SUR
SKU_040,2025-03-31,38,CD_SUR
SKU_040,2025-04-07,8,CD_SUR
SKU_040,2025-04-14,126,CD_SUR
SKU_040,2025-04-21,135,CD_SUR
SKU_040,2025-04-28,0,CD_SUR
SKU_040,2025-05-05,59,CD_SUR
SKU_040,2025-05-12,0,CD_SUR
SKU_040,2025-05-19,1,CD_SUR
SKU_040,2025-05-26,39,CD_SUR
SKU_040,2025-06-02,51,CD_SUR
SKU_040,2025-06-09,267,CD_SUR
SKU_040,2025-06-16,0,CD_SUR
SKU_040,2025-06-23,282,CD_SUR
SKU_040,2025-06-30,99,CD_SUR
SKU_040,2025-07-07,3,CD_SUR
SKU_040,2025-07-14,156,CD_SUR
SKU_040,2025-07-21,48,CD_SUR
SKU_040,2025-07-28,82,CD_SUR
SKU_040,2025-08-04,27,CD_SUR
SKU_040,2025-08-11,20,CD_SUR
SKU_040,2025-08-18,32,CD_SUR
SKU_040,2025-08-25,8,CD_SUR
SKU_040,2025-09-01,23,CD_SUR
SKU_040,2025-09-08,99,CD_SUR
SKU_040,2025-09-15,2,CD_SUR
SKU_040,2025-09-22,8,CD_SUR
SKU_040,2025-09-29,7,CD_SUR
SKU_040,2025-10-06,26,CD_SUR
SKU_040,2025-10-13,0,CD_SUR
SKU_040,2025-10-20,296,CD_SUR
SKU_040,2025-10-27,10,CD_SUR
SKU_040,2025-11-03,8,CD_SUR
SKU_040,2025-11-10,126,CD_SUR
SKU_040,2025-11-17,109,CD_SUR
SKU_040,2025-11-24,2,CD_SUR
SKU_040,2025-12-01,71,CD_SUR
SKU_040,2025-12-08,54,CD_SUR
SKU_040,2025-12-15,74,CD_SUR
SKU_040,2025-12-22,35,CD_SUR
SKU_040,2025-12-29,0,CD_SUR
SKU_041,2024-01-08,15,CD_NORTE
SKU_041,2024-01-15,18,CD_NORTE
SKU_041,2024-01-22,114,CD_NORTE
SKU_041,2024-01-29,0,CD_NORTE
SKU_041,2024-02-05,157,CD_NORTE
SKU_041,2024-02-12,48,CD_NORTE
SKU_041,2024-02-19,31,CD_NORTE
SKU_041,2024-02-26,115,CD_NORTE
SKU_041,2024-03-04,78,CD_NORTE
SKU_041,2024-03-11,3,CD_NORTE
SKU_041,2024-03-18,0,CD_NORTE
SKU_041,2024-03-25,30,CD_NORTE
SKU_041,2024-04-01,80,CD_NORTE
SKU_041,2024-04-08,60,CD_NORTE
SKU_041,2024-04-15,267,CD_NORTE
SKU_041,2024-04-22,141,CD_NORTE
SKU_041,2024-04-29,0,CD_NORTE
SKU_041,2024-05-06,0,CD_NORTE
SKU_041,2024-05-13,4,CD_NORTE
SKU_041,2024-05-20,91,CD_NORTE
SKU_041,2024-05-27,97,CD_NORTE
SKU_041,2024-06-03,80,CD_NORTE
SKU_041,2024-06-10,0,CD_NORTE
SKU_041,2024-06-17,67,CD_NORTE
SKU_041,2024-06-24,49,CD_NORTE
SKU_041,2024-07-01,134,CD_NORTE
SKU_041,2024-07-08,86,CD_NORTE
SKU_041,2024-07-15,154,CD_NORTE
SKU_041,2024-07-22,23,CD_NORTE
SKU_041,2024-07-29,30,CD_NORTE
SKU_041,2024-08-05,68,CD_NORTE
SKU_041,2024-08-12,238,CD_NORTE
SKU_041,2024-08-19,33,CD_NORTE
SKU_041,2024-08-26,2,CD_NORTE
SKU_041,2024-09-02,41,CD_NORTE
SKU_041,2024-09-09,55,CD_NORTE
SKU_041,2024-09-16,113,CD_NORTE
SKU_041,2024-09-23,91,CD_NORTE
SKU_041,2024-09-30,234,CD_NORTE
SKU_041,2024-10-07,107,CD_NORTE
SKU_041,2024-10-14,25,CD_NORTE
SKU_041,2024-10-21,72,CD_NORTE
SKU_041,2024-10-28,78,CD_NORTE
SKU_041,2024-11-04,436,CD_NORTE
SKU_041,2024-11-11,10,CD_NORTE
SKU_041,2024-11-18,0,CD_NORTE
SKU_041,2024-11-25,15,CD_NORTE
SKU_041,2024-12-02,12,CD_NORTE
SKU_041,2024-12-09,62,CD_NORTE
SKU_041,2024-12-16,0,CD_NORTE
SKU_041,2024-12-23,0,CD_NORTE
SKU_041,2024-12-30,0,CD_NORTE
SKU_041,2025-01-06,10,CD_NORTE
SKU_041,2025-01-13,75,CD_NORTE
SKU_041,2025-01-20,114,CD_NORTE
SKU_041,2025-01-27,40,CD_NORTE
SKU_041,2025-02-03,58,CD_NORTE
SKU_041,2025-02-10,171,CD_NORTE
SKU_041,2025-02-17,59,CD_NORTE
SKU_041,2025-02-24,16,CD_NORTE
SKU_041,2025-03-03,29,CD_NORTE
SKU_041,2025-03-10,53,CD_NORTE
SKU_041,2025-03-17,12,CD_NORTE
SKU_041,2025-03-24,66,CD_NORTE
SKU_041,2025-03-31,503,CD_NORTE
SKU_041,2025-04-07,74,CD_NORTE
SKU_041,2025-04-14,0,CD_NORTE
SKU_041,2025-04-21,33,CD_NORTE
SKU_041,2025-04-28,0,CD_NORTE
SKU_041,2025-05-05,28,CD_NORTE
SKU_041,2025-05-12,188,CD_NORTE
SKU_041,2025-05-19,144,CD_NORTE
SKU_041,2025-05-26,45,CD_NORTE
SKU_041,2025-06-02,31,CD_NORTE
SKU_041,2025-06-09,87,CD_NORTE
SKU_041,2025-06-16,0,CD_NORTE
SKU_041,2025-06-23,0,CD_NORTE
SKU_041,2025-06-30,0,CD_NORTE
SKU_041,2025-07-07,0,CD_NORTE
SKU_041,2025-07-14,26,CD_NORTE
SKU_041,2025-07-21,9,CD_NORTE
SKU_041,2025-07-28,26,CD_NORTE
SKU_041,2025-08-04,40,CD_NORTE
SKU_041,2025-08-11,21,CD_NORTE
SKU_041,2025-08-18,0,CD_NORTE
SKU_041,2025-08-25,17,CD_NORTE
SKU_041,2025-09-01,0,CD_NORTE
SKU_041,2025-09-08,70,CD_NORTE
SKU_041,2025-09-15,67,CD_NORTE
SKU_041,2025-09-22,15,CD_NORTE
SKU_041,2025-09-29,0,CD_NORTE
SKU_041,2025-10-06,0,CD_NORTE
SKU_041,2025-10-13,201,CD_NORTE
SKU_041,2025-10-20,37,CD_NORTE
SKU_041,2025-10-27,2,CD_NORTE
SKU_041,2025-11-03,17,CD_NORTE
SKU_041,2025-11-10,0,CD_NORTE
SKU_041,2025-11-17,205,CD_NORTE
SKU_041,2025-11-24,16,CD_NORTE
SKU_041,2025-12-01,9,CD_NORTE
SKU_041,2025-12-08,0,CD_NORTE
SKU_041,2025-12-15,67,CD_NORTE
SKU_041,2025-12-22,51,CD_NORTE
SKU_041,2025-12-29,100,CD_NORTE
SKU_041,2024-01-08,0,CD_CENTRO
SKU_041,2024-01-15,4,CD_CENTRO
SKU_041,2024-01-22,2,CD_CENTRO
SKU_041,2024-01-29,29,CD_CENTRO
SKU_041,2024-02-05,70,CD_CENTRO
SKU_041,2024-02-12,13,CD_CENTRO
SKU_041,2024-02-19,57,CD_CENTRO
SKU_041,2024-02-26,64,CD_CENTRO
SKU_041,2024-03-04,16,CD_CENTRO
SKU_041,2024-03-11,0,CD_CENTRO
SKU_041,2024-03-18,50,CD_CENTRO
SKU_041,2024-03-25,64,CD_CENTRO
SKU_041,2024-04-01,35,CD_CENTRO
SKU_041,2024-04-08,23,CD_CENTRO
SKU_041,2024-04-15,53,CD_CENTRO
SKU_041,2024-04-22,210,CD_CENTRO
SKU_041,2024-04-29,31,CD_CENTRO
SKU_041,2024-05-06,0,CD_CENTRO
SKU_041,2024-05-13,27,CD_CENTRO
SKU_041,2024-05-20,0,CD_CENTRO
SKU_041,2024-05-27,34,CD_CENTRO
SKU_041,2024-06-03,4,CD_CENTRO
SKU_041,2024-06-10,44,CD_CENTRO
SKU_041,2024-06-17,22,CD_CENTRO
SKU_041,2024-06-24,7,CD_CENTRO
SKU_041,2024-07-01,35,CD_CENTRO
SKU_041,2024-07-08,0,CD_CENTRO
SKU_041,2024-07-15,28,CD_CENTRO
SKU_041,2024-07-22,6,CD_CENTRO
SKU_041,2024-07-29,1,CD_CENTRO
SKU_041,2024-08-05,96,CD_CENTRO
SKU_041,2024-08-12,136,CD_CENTRO
SKU_041,2024-08-19,13,CD_CENTRO
SKU_041,2024-08-26,43,CD_CENTRO
SKU_041,2024-09-02,18,CD_CENTRO
SKU_041,2024-09-09,37,CD_CENTRO
SKU_041,2024-09-16,32,CD_CENTRO
SKU_041,2024-09-23,54,CD_CENTRO
SKU_041,2024-09-30,66,CD_CENTRO
SKU_041,2024-10-07,7,CD_CENTRO
SKU_041,2024-10-14,3,CD_CENTRO
SKU_041,2024-10-21,80,CD_CENTRO
SKU_041,2024-10-28,60,CD_CENTRO
SKU_041,2024-11-04,38,CD_CENTRO
SKU_041,2024-11-11,35,CD_CENTRO
SKU_041,2024-11-18,0,CD_CENTRO
SKU_041,2024-11-25,38,CD_CENTRO
SKU_041,2024-12-02,32,CD_CENTRO
SKU_041,2024-12-09,27,CD_CENTRO
SKU_041,2024-12-16,38,CD_CENTRO
SKU_041,2024-12-23,41,CD_CENTRO
SKU_041,2024-12-30,65,CD_CENTRO
SKU_041,2025-01-06,68,CD_CENTRO
SKU_041,2025-01-13,26,CD_CENTRO
SKU_041,2025-01-20,0,CD_CENTRO
SKU_041,2025-01-27,29,CD_CENTRO
SKU_041,2025-02-03,26,CD_CENTRO
SKU_041,2025-02-10,42,CD_CENTRO
SKU_041,2025-02-17,0,CD_CENTRO
SKU_041,2025-02-24,33,CD_CENTRO
SKU_041,2025-03-03,121,CD_CENTRO
SKU_041,2025-03-10,66,CD_CENTRO
SKU_041,2025-03-17,126,CD_CENTRO
SKU_041,2025-03-24,68,CD_CENTRO
SKU_041,2025-03-31,195,CD_CENTRO
SKU_041,2025-04-07,56,CD_CENTRO
SKU_041,2025-04-14,182,CD_CENTRO
SKU_041,2025-04-21,9,CD_CENTRO
SKU_041,2025-04-28,3,CD_CENTRO
SKU_041,2025-05-05,48,CD_CENTRO
SKU_041,2025-05-12,0,CD_CENTRO
SKU_041,2025-05-19,0,CD_CENTRO
SKU_041,2025-05-26,226,CD_CENTRO
SKU_041,2025-06-02,0,CD_CENTRO
SKU_041,2025-06-09,30,CD_CENTRO
SKU_041,2025-06-16,13,CD_CENTRO
SKU_041,2025-06-23,41,CD_CENTRO
SKU_041,2025-06-30,58,CD_CENTRO
SKU_041,2025-07-07,21,CD_CENTRO
SKU_041,2025-07-14,69,CD_CENTRO
SKU_041,2025-07-21,203,CD_CENTRO
SKU_041,2025-07-28,125,CD_CENTRO
SKU_041,2025-08-04,0,CD_CENTRO
SKU_041,2025-08-11,0,CD_CENTRO
SKU_041,2025-08-18,19,CD_CENTRO
SKU_041,2025-08-25,22,CD_CENTRO
SKU_041,2025-09-01,26,CD_CENTRO
SKU_041,2025-09-08,28,CD_CENTRO
SKU_041,2025-09-15,16,CD_CENTRO
SKU_041,2025-09-22,79,CD_CENTRO
SKU_041,2025-09-29,25,CD_CENTRO
SKU_041,2025-10-06,117,CD_CENTRO
SKU_041,2025-10-13,0,CD_CENTRO
SKU_041,2025-10-20,144,CD_CENTRO
SKU_041,2025-10-27,1,CD_CENTRO
SKU_041,2025-11-03,246,CD_CENTRO
SKU_041,2025-11-10,0,CD_CENTRO
SKU_041,2025-11-17,172,CD_CENTRO
SKU_041,2025-11-24,40,CD_CENTRO
SKU_041,2025-12-01,27,CD_CENTRO
SKU_041,2025-12-08,40,CD_CENTRO
SKU_041,2025-12-15,22,CD_CENTRO
SKU_041,2025-12-22,54,CD_CENTRO
SKU_041,2025-12-29,5,CD_CENTRO
SKU_042,2024-01-08,49,CD_NORTE
SKU_042,2024-01-15,47,CD_NORTE
SKU_042,2024-01-22,55,CD_NORTE
SKU_042,2024-01-29,229,CD_NORTE
SKU_042,2024-02-05,69,CD_NORTE
SKU_042,2024-02-12,70,CD_NORTE
SKU_042,2024-02-19,10,CD_NORTE
SKU_042,2024-02-26,424,CD_NORTE
SKU_042,2024-03-04,111,CD_NORTE
SKU_042,2024-03-11,157,CD_NORTE
SKU_042,2024-03-18,40,CD_NORTE
SKU_042,2024-03-25,52,CD_NORTE
SKU_042,2024-04-01,55,CD_NORTE
SKU_042,2024-04-08,16,CD_NORTE
SKU_042,2024-04-15,0,CD_NORTE
SKU_042,2024-04-22,88,CD_NORTE
SKU_042,2024-04-29,175,CD_NORTE
SKU_042,2024-05-06,0,CD_NORTE
SKU_042,2024-05-13,13,CD_NORTE
SKU_042,2024-05-20,0,CD_NORTE
SKU_042,2024-05-27,7,CD_NORTE
SKU_042,2024-06-03,101,CD_NORTE
SKU_042,2024-06-10,71,CD_NORTE
SKU_042,2024-06-17,73,CD_NORTE
SKU_042,2024-06-24,89,CD_NORTE
SKU_042,2024-07-01,29,CD_NORTE
SKU_042,2024-07-08,127,CD_NORTE
SKU_042,2024-07-15,60,CD_NORTE
SKU_042,2024-07-22,152,CD_NORTE
SKU_042,2024-07-29,220,CD_NORTE
SKU_042,2024-08-05,152,CD_NORTE
SKU_042,2024-08-12,2,CD_NORTE
SKU_042,2024-08-19,21,CD_NORTE
SKU_042,2024-08-26,7,CD_NORTE
SKU_042,2024-09-02,44,CD_NORTE
SKU_042,2024-09-09,166,CD_NORTE
SKU_042,2024-09-16,0,CD_NORTE
SKU_042,2024-09-23,47,CD_NORTE
SKU_042,2024-09-30,142,CD_NORTE
SKU_042,2024-10-07,30,CD_NORTE
SKU_042,2024-10-14,31,CD_NORTE
SKU_042,2024-10-21,169,CD_NORTE
SKU_042,2024-10-28,0,CD_NORTE
SKU_042,2024-11-04,42,CD_NORTE
SKU_042,2024-11-11,117,CD_NORTE
SKU_042,2024-11-18,0,CD_NORTE
SKU_042,2024-11-25,20,CD_NORTE
SKU_042,2024-12-02,223,CD_NORTE
SKU_042,2024-12-09,64,CD_NORTE
SKU_042,2024-12-16,107,CD_NORTE
SKU_042,2024-12-23,7,CD_NORTE
SKU_042,2024-12-30,51,CD_NORTE
SKU_042,2025-01-06,173,CD_NORTE
SKU_042,2025-01-13,157,CD_NORTE
SKU_042,2025-01-20,0,CD_NORTE
SKU_042,2025-01-27,4,CD_NORTE
SKU_042,2025-02-03,27,CD_NORTE
SKU_042,2025-02-10,44,CD_NORTE
SKU_042,2025-02-17,14,CD_NORTE
SKU_042,2025-02-24,98,CD_NORTE
SKU_042,2025-03-03,15,CD_NORTE
SKU_042,2025-03-10,32,CD_NORTE
SKU_042,2025-03-17,82,CD_NORTE
SKU_042,2025-03-24,49,CD_NORTE
SKU_042,2025-03-31,0,CD_NORTE
SKU_042,2025-04-07,101,CD_NORTE
SKU_042,2025-04-14,244,CD_NORTE
SKU_042,2025-04-21,9,CD_NORTE
SKU_042,2025-04-28,93,CD_NORTE
SKU_042,2025-05-05,20,CD_NORTE
SKU_042,2025-05-12,40,CD_NORTE
SKU_042,2025-05-19,3,CD_NORTE
SKU_042,2025-05-26,11,CD_NORTE
SKU_042,2025-06-02,29,CD_NORTE
SKU_042,2025-06-09,0,CD_NORTE
SKU_042,2025-06-16,0,CD_NORTE
SKU_042,2025-06-23,31,CD_NORTE
SKU_042,2025-06-30,172,CD_NORTE
SKU_042,2025-07-07,102,CD_NORTE
SKU_042,2025-07-14,269,CD_NORTE
SKU_042,2025-07-21,69,CD_NORTE
SKU_042,2025-07-28,21,CD_NORTE
SKU_042,2025-08-04,0,CD_NORTE
SKU_042,2025-08-11,30,CD_NORTE
SKU_042,2025-08-18,0,CD_NORTE
SKU_042,2025-08-25,0,CD_NORTE
SKU_042,2025-09-01,29,CD_NORTE
SKU_042,2025-09-08,30,CD_NORTE
SKU_042,2025-09-15,84,CD_NORTE
SKU_042,2025-09-22,181,CD_NORTE
SKU_042,2025-09-29,37,CD_NORTE
SKU_042,2025-10-06,12,CD_NORTE
SKU_042,2025-10-13,2,CD_NORTE
SKU_042,2025-10-20,19,CD_NORTE
SKU_042,2025-10-27,9,CD_NORTE
SKU_042,2025-11-03,115,CD_NORTE
SKU_042,2025-11-10,9,CD_NORTE
SKU_042,2025-11-17,97,CD_NORTE
SKU_042,2025-11-24,0,CD_NORTE
SKU_042,2025-12-01,37,CD_NORTE
SKU_042,2025-12-08,6,CD_NORTE
SKU_042,2025-12-15,126,CD_NORTE
SKU_042,2025-12-22,65,CD_NORTE
SKU_042,2025-12-29,20,CD_NORTE
SKU_042,2024-01-08,137,CD_CENTRO
SKU_042,2024-01-15,49,CD_CENTRO
SKU_042,2024-01-22,0,CD_CENTRO
SKU_042,2024-01-29,60,CD_CENTRO
SKU_042,2024-02-05,6,CD_CENTRO
SKU_042,2024-02-12,24,CD_CENTRO
SKU_042,2024-02-19,0,CD_CENTRO
SKU_042,2024-02-26,36,CD_CENTRO
SKU_042,2024-03-04,35,CD_CENTRO
SKU_042,2024-03-11,98,CD_CENTRO
SKU_042,2024-03-18,0,CD_CENTRO
SKU_042,2024-03-25,22,CD_CENTRO
SKU_042,2024-04-01,13,CD_CENTRO
SKU_042,2024-04-08,57,CD_CENTRO
SKU_042,2024-04-15,62,CD_CENTRO
SKU_042,2024-04-22,0,CD_CENTRO
SKU_042,2024-04-29,8,CD_CENTRO
SKU_042,2024-05-06,0,CD_CENTRO
SKU_042,2024-05-13,0,CD_CENTRO
SKU_042,2024-05-20,162,CD_CENTRO
SKU_042,2024-05-27,0,CD_CENTRO
SKU_042,2024-06-03,5,CD_CENTRO
SKU_042,2024-06-10,148,CD_CENTRO
SKU_042,2024-06-17,33,CD_CENTRO
SKU_042,2024-06-24,69,CD_CENTRO
SKU_042,2024-07-01,0,CD_CENTRO
SKU_042,2024-07-08,0,CD_CENTRO
SKU_042,2024-07-15,13,CD_CENTRO
SKU_042,2024-07-22,113,CD_CENTRO
SKU_042,2024-07-29,13,CD_CENTRO
SKU_042,2024-08-05,32,CD_CENTRO
SKU_042,2024-08-12,0,CD_CENTRO
SKU_042,2024-08-19,18,CD_CENTRO
SKU_042,2024-08-26,0,CD_CENTRO
SKU_042,2024-09-02,0,CD_CENTRO
SKU_042,2024-09-09,118,CD_CENTRO
SKU_042,2024-09-16,0,CD_CENTRO
SKU_042,2024-09-23,0,CD_CENTRO
SKU_042,2024-09-30,127,CD_CENTRO
SKU_042,2024-10-07,30,CD_CENTRO
SKU_042,2024-10-14,24,CD_CENTRO
SKU_042,2024-10-21,97,CD_CENTRO
SKU_042,2024-10-28,137,CD_CENTRO
SKU_042,2024-11-04,64,CD_CENTRO
SKU_042,2024-11-11,170,CD_CENTRO
SKU_042,2024-11-18,0,CD_CENTRO
SKU_042,2024-11-25,31,CD_CENTRO
SKU_042,2024-12-02,11,CD_CENTRO
SKU_042,2024-12-09,13,CD_CENTRO
SKU_042,2024-12-16,0,CD_CENTRO
SKU_042,2024-12-23,0,CD_CENTRO
SKU_042,2024-12-30,72,CD_CENTRO
SKU_042,2025-01-06,0,CD_CENTRO
SKU_042,2025-01-13,34,CD_CENTRO
SKU_042,2025-01-20,11,CD_CENTRO
SKU_042,2025-01-27,22,CD_CENTRO
SKU_042,2025-02-03,0,CD_CENTRO
SKU_042,2025-02-10,0,CD_CENTRO
SKU_042,2025-02-17,49,CD_CENTRO
SKU_042,2025-02-24,8,CD_CENTRO
SKU_042,2025-03-03,0,CD_CENTRO
SKU_042,2025-03-10,162,CD_CENTRO
SKU_042,2025-03-17,24,CD_CENTRO
SKU_042,2025-03-24,16,CD_CENTRO
SKU_042,2025-03-31,78,CD_CENTRO
SKU_042,2025-04-07,125,CD_CENTRO
SKU_042,2025-04-14,65,CD_CENTRO
SKU_042,2025-04-21,19,CD_CENTRO
SKU_042,2025-04-28,129,CD_CENTRO
SKU_042,2025-05-05,0,CD_CENTRO
SKU_042,2025-05-12,46,CD_CENTRO
SKU_042,2025-05-19,31,CD_CENTRO
SKU_042,2025-05-26,60,CD_CENTRO
SKU_042,2025-06-02,78,CD_CENTRO
SKU_042,2025-06-09,195,CD_CENTRO
SKU_042,2025-06-16,0,CD_CENTRO
SKU_042,2025-06-23,164,CD_CENTRO
SKU_042,2025-06-30,134,CD_CENTRO
SKU_042,2025-07-07,137,CD_CENTRO
SKU_042,2025-07-14,0,CD_CENTRO
SKU_042,2025-07-21,57,CD_CENTRO
SKU_042,2025-07-28,0,CD_CENTRO
SKU_042,2025-08-04,26,CD_CENTRO
SKU_042,2025-08-11,49,CD_CENTRO
SKU_042,2025-08-18,6,CD_CENTRO
SKU_042,2025-08-25,17,CD_CENTRO
SKU_042,2025-09-01,94,CD_CENTRO
SKU_042,2025-09-08,70,CD_CENTRO
SKU_042,2025-09-15,12,CD_CENTRO
SKU_042,2025-09-22,37,CD_CENTRO
SKU_042,2025-09-29,10,CD_CENTRO
SKU_042,2025-10-06,126,CD_CENTRO
SKU_042,2025-10-13,0,CD_CENTRO
SKU_042,2025-10-20,8,CD_CENTRO
SKU_042,2025-10-27,69,CD_CENTRO
SKU_042,2025-11-03,0,CD_CENTRO
SKU_042,2025-11-10,0,CD_CENTRO
SKU_042,2025-11-17,61,CD_CENTRO
SKU_042,2025-11-24,42,CD_CENTRO
SKU_042,2025-12-01,0,CD_CENTRO
SKU_042,2025-12-08,21,CD_CENTRO
SKU_042,2025-12-15,34,CD_CENTRO
SKU_042,2025-12-22,107,CD_CENTRO
SKU_042,2025-12-29,265,CD_CENTRO
SKU_042,2024-01-08,2,CD_SUR
SKU_042,2024-01-15,12,CD_SUR
SKU_042,2024-01-22,0,CD_SUR
SKU_042,2024-01-29,101,CD_SUR
SKU_042,2024-02-05,80,CD_SUR
SKU_042,2024-02-12,61,CD_SUR
SKU_042,2024-02-19,24,CD_SUR
SKU_042,2024-02-26,16,CD_SUR
SKU_042,2024-03-04,0,CD_SUR
SKU_042,2024-03-11,85,CD_SUR
SKU_042,2024-03-18,43,CD_SUR
SKU_042,2024-03-25,14,CD_SUR
SKU_042,2024-04-01,25,CD_SUR
SKU_042,2024-04-08,85,CD_SUR
SKU_042,2024-04-15,0,CD_SUR
SKU_042,2024-04-22,94,CD_SUR
SKU_042,2024-04-29,43,CD_SUR
SKU_042,2024-05-06,53,CD_SUR
SKU_042,2024-05-13,0,CD_SUR
SKU_042,2024-05-20,2,CD_SUR
SKU_042,2024-05-27,37,CD_SUR
SKU_042,2024-06-03,47,CD_SUR
SKU_042,2024-06-10,1,CD_SUR
SKU_042,2024-06-17,74,CD_SUR
SKU_042,2024-06-24,105,CD_SUR
SKU_042,2024-07-01,11,CD_SUR
SKU_042,2024-07-08,75,CD_SUR
SKU_042,2024-07-15,44,CD_SUR
SKU_042,2024-07-22,35,CD_SUR
SKU_042,2024-07-29,74,CD_SUR
SKU_042,2024-08-05,13,CD_SUR
SKU_042,2024-08-12,63,CD_SUR
SKU_042,2024-08-19,15,CD_SUR
SKU_042,2024-08-26,0,CD_SUR
SKU_042,2024-09-02,62,CD_SUR
SKU_042,2024-09-09,24,CD_SUR
SKU_042,2024-09-16,5,CD_SUR
SKU_042,2024-09-23,19,CD_SUR
SKU_042,2024-09-30,11,CD_SUR
SKU_042,2024-10-07,4,CD_SUR
SKU_042,2024-10-14,5,CD_SUR
SKU_042,2024-10-21,61,CD_SUR
SKU_042,2024-10-28,85,CD_SUR
SKU_042,2024-11-04,105,CD_SUR
SKU_042,2024-11-11,77,CD_SUR
SKU_042,2024-11-18,71,CD_SUR
SKU_042,2024-11-25,3,CD_SUR
SKU_042,2024-12-02,0,CD_SUR
SKU_042,2024-12-09,62,CD_SUR
SKU_042,2024-12-16,61,CD_SUR
SKU_042,2024-12-23,6,CD_SUR
SKU_042,2024-12-30,43,CD_SUR
SKU_042,2025-01-06,24,CD_SUR
SKU_042,2025-01-13,92,CD_SUR
SKU_042,2025-01-20,157,CD_SUR
SKU_042,2025-01-27,0,CD_SUR
SKU_042,2025-02-03,121,CD_SUR
SKU_042,2025-02-10,4,CD_SUR
SKU_042,2025-02-17,2,CD_SUR
SKU_042,2025-02-24,145,CD_SUR
SKU_042,2025-03-03,3,CD_SUR
SKU_042,2025-03-10,20,CD_SUR
SKU_042,2025-03-17,42,CD_SUR
SKU_042,2025-03-24,85,CD_SUR
SKU_042,2025-03-31,12,CD_SUR
SKU_042,2025-04-07,1,CD_SUR
SKU_042,2025-04-14,29,CD_SUR
SKU_042,2025-04-21,25,CD_SUR
SKU_042,2025-04-28,15,CD_SUR
SKU_042,2025-05-05,83,CD_SUR
SKU_042,2025-05-12,55,CD_SUR
SKU_042,2025-05-19,78,CD_SUR
SKU_042,2025-05-26,7,CD_SUR
SKU_042,2025-06-02,47,CD_SUR
SKU_042,2025-06-09,0,CD_SUR
SKU_042,2025-06-16,148,CD_SUR
SKU_042,2025-06-23,38,CD_SUR
SKU_042,2025-06-30,8,CD_SUR
SKU_042,2025-07-07,219,CD_SUR
SKU_042,2025-07-14,30,CD_SUR
SKU_042,2025-07-21,0,CD_SUR
SKU_042,2025-07-28,246,CD_SUR
SKU_042,2025-08-04,0,CD_SUR
SKU_042,2025-08-11,6,CD_SUR
SKU_042,2025-08-18,44,CD_SUR
SKU_042,2025-08-25,330,CD_SUR
SKU_042,2025-09-01,30,CD_SUR
SKU_042,2025-09-08,14,CD_SUR
SKU_042,2025-09-15,5,CD_SUR
SKU_042,2025-09-22,14,CD_SUR
SKU_042,2025-09-29,18,CD_SUR
SKU_042,2025-10-06,50,CD_SUR
SKU_042,2025-10-13,8,CD_SUR
SKU_042,2025-10-20,4,CD_SUR
SKU_042,2025-10-27,20,CD_SUR
SKU_042,2025-11-03,25,CD_SUR
SKU_042,2025-11-10,40,CD_SUR
SKU_042,2025-11-17,49,CD_SUR
SKU_042,2025-11-24,88,CD_SUR
SKU_042,2025-12-01,14,CD_SUR
SKU_042,2025-12-08,0,CD_SUR
SKU_042,2025-12-15,30,CD_SUR
SKU_042,2025-12-22,18,CD_SUR
SKU_042,2025-12-29,0,CD_SUR
SKU_043,2024-01-08,100,CD_NORTE
SKU_043,2024-01-15,617,CD_NORTE
SKU_043,2024-01-22,36,CD_NORTE
SKU_043,2024-01-29,104,CD_NORTE
SKU_043,2024-02-05,0,CD_NORTE
SKU_043,2024-02-12,96,CD_NORTE
SKU_043,2024-02-19,62,CD_NORTE
SKU_043,2024-02-26,79,CD_NORTE
SKU_043,2024-03-04,82,CD_NORTE
SKU_043,2024-03-11,0,CD_NORTE
SKU_043,2024-03-18,20,CD_NORTE
SKU_043,2024-03-25,153,CD_NORTE
SKU_043,2024-04-01,0,CD_NORTE
SKU_043,2024-04-08,84,CD_NORTE
SKU_043,2024-04-15,33,CD_NORTE
SKU_043,2024-04-22,288,CD_NORTE
SKU_043,2024-04-29,1,CD_NORTE
SKU_043,2024-05-06,135,CD_NORTE
SKU_043,2024-05-13,50,CD_NORTE
SKU_043,2024-05-20,77,CD_NORTE
SKU_043,2024-05-27,36,CD_NORTE
SKU_043,2024-06-03,40,CD_NORTE
SKU_043,2024-06-10,2,CD_NORTE
SKU_043,2024-06-17,0,CD_NORTE
SKU_043,2024-06-24,136,CD_NORTE
SKU_043,2024-07-01,129,CD_NORTE
SKU_043,2024-07-08,0,CD_NORTE
SKU_043,2024-07-15,110,CD_NORTE
SKU_043,2024-07-22,219,CD_NORTE
SKU_043,2024-07-29,241,CD_NORTE
SKU_043,2024-08-05,85,CD_NORTE
SKU_043,2024-08-12,120,CD_NORTE
SKU_043,2024-08-19,1,CD_NORTE
SKU_043,2024-08-26,195,CD_NORTE
SKU_043,2024-09-02,176,CD_NORTE
SKU_043,2024-09-09,2,CD_NORTE
SKU_043,2024-09-16,81,CD_NORTE
SKU_043,2024-09-23,247,CD_NORTE
SKU_043,2024-09-30,21,CD_NORTE
SKU_043,2024-10-07,45,CD_NORTE
SKU_043,2024-10-14,42,CD_NORTE
SKU_043,2024-10-21,46,CD_NORTE
SKU_043,2024-10-28,4,CD_NORTE
SKU_043,2024-11-04,34,CD_NORTE
SKU_043,2024-11-11,0,CD_NORTE
SKU_043,2024-11-18,36,CD_NORTE
SKU_043,2024-11-25,209,CD_NORTE
SKU_043,2024-12-02,45,CD_NORTE
SKU_043,2024-12-09,62,CD_NORTE
SKU_043,2024-12-16,50,CD_NORTE
SKU_043,2024-12-23,0,CD_NORTE
SKU_043,2024-12-30,13,CD_NORTE
SKU_043,2025-01-06,483,CD_NORTE
SKU_043,2025-01-13,182,CD_NORTE
SKU_043,2025-01-20,81,CD_NORTE
SKU_043,2025-01-27,67,CD_NORTE
SKU_043,2025-02-03,109,CD_NORTE
SKU_043,2025-02-10,41,CD_NORTE
SKU_043,2025-02-17,5,CD_NORTE
SKU_043,2025-02-24,54,CD_NORTE
SKU_043,2025-03-03,430,CD_NORTE
SKU_043,2025-03-10,21,CD_NORTE
SKU_043,2025-03-17,78,CD_NORTE
SKU_043,2025-03-24,1,CD_NORTE
SKU_043,2025-03-31,14,CD_NORTE
SKU_043,2025-04-07,92,CD_NORTE
SKU_043,2025-04-14,37,CD_NORTE
SKU_043,2025-04-21,246,CD_NORTE
SKU_043,2025-04-28,0,CD_NORTE
SKU_043,2025-05-05,54,CD_NORTE
SKU_043,2025-05-12,24,CD_NORTE
SKU_043,2025-05-19,188,CD_NORTE
SKU_043,2025-05-26,165,CD_NORTE
SKU_043,2025-06-02,7,CD_NORTE
SKU_043,2025-06-09,73,CD_NORTE
SKU_043,2025-06-16,154,CD_NORTE
SKU_043,2025-06-23,37,CD_NORTE
SKU_043,2025-06-30,0,CD_NORTE
SKU_043,2025-07-07,242,CD_NORTE
SKU_043,2025-07-14,0,CD_NORTE
SKU_043,2025-07-21,32,CD_NORTE
SKU_043,2025-07-28,19,CD_NORTE
SKU_043,2025-08-04,0,CD_NORTE
SKU_043,2025-08-11,93,CD_NORTE
SKU_043,2025-08-18,20,CD_NORTE
SKU_043,2025-08-25,118,CD_NORTE
SKU_043,2025-09-01,70,CD_NORTE
SKU_043,2025-09-08,12,CD_NORTE
SKU_043,2025-09-15,253,CD_NORTE
SKU_043,2025-09-22,116,CD_NORTE
SKU_043,2025-09-29,82,CD_NORTE
SKU_043,2025-10-06,0,CD_NORTE
SKU_043,2025-10-13,49,CD_NORTE
SKU_043,2025-10-20,15,CD_NORTE
SKU_043,2025-10-27,128,CD_NORTE
SKU_043,2025-11-03,175,CD_NORTE
SKU_043,2025-11-10,14,CD_NORTE
SKU_043,2025-11-17,71,CD_NORTE
SKU_043,2025-11-24,0,CD_NORTE
SKU_043,2025-12-01,69,CD_NORTE
SKU_043,2025-12-08,45,CD_NORTE
SKU_043,2025-12-15,162,CD_NORTE
SKU_043,2025-12-22,11,CD_NORTE
SKU_043,2025-12-29,24,CD_NORTE
SKU_043,2024-01-08,39,CD_CENTRO
SKU_043,2024-01-15,11,CD_CENTRO
SKU_043,2024-01-22,41,CD_CENTRO
SKU_043,2024-01-29,36,CD_CENTRO
SKU_043,2024-02-05,76,CD_CENTRO
SKU_043,2024-02-12,165,CD_CENTRO
SKU_043,2024-02-19,40,CD_CENTRO
SKU_043,2024-02-26,105,CD_CENTRO
SKU_043,2024-03-04,142,CD_CENTRO
SKU_043,2024-03-11,0,CD_CENTRO
SKU_043,2024-03-18,20,CD_CENTRO
SKU_043,2024-03-25,0,CD_CENTRO
SKU_043,2024-04-01,197,CD_CENTRO
SKU_043,2024-04-08,6,CD_CENTRO
SKU_043,2024-04-15,197,CD_CENTRO
SKU_043,2024-04-22,15,CD_CENTRO
SKU_043,2024-04-29,0,CD_CENTRO
SKU_043,2024-05-06,35,CD_CENTRO
SKU_043,2024-05-13,79,CD_CENTRO
SKU_043,2024-05-20,201,CD_CENTRO
SKU_043,2024-05-27,25,CD_CENTRO
SKU_043,2024-06-03,123,CD_CENTRO
SKU_043,2024-06-10,105,CD_CENTRO
SKU_043,2024-06-17,15,CD_CENTRO
SKU_043,2024-06-24,55,CD_CENTRO
SKU_043,2024-07-01,56,CD_CENTRO
SKU_043,2024-07-08,31,CD_CENTRO
SKU_043,2024-07-15,129,CD_CENTRO
SKU_043,2024-07-22,221,CD_CENTRO
SKU_043,2024-07-29,0,CD_CENTRO
SKU_043,2024-08-05,107,CD_CENTRO
SKU_043,2024-08-12,307,CD_CENTRO
SKU_043,2024-08-19,4,CD_CENTRO
SKU_043,2024-08-26,3,CD_CENTRO
SKU_043,2024-09-02,191,CD_CENTRO
SKU_043,2024-09-09,194,CD_CENTRO
SKU_043,2024-09-16,10,CD_CENTRO
SKU_043,2024-09-23,38,CD_CENTRO
SKU_043,2024-09-30,153,CD_CENTRO
SKU_043,2024-10-07,12,CD_CENTRO
SKU_043,2024-10-14,0,CD_CENTRO
SKU_043,2024-10-21,0,CD_CENTRO
SKU_043,2024-10-28,26,CD_CENTRO
SKU_043,2024-11-04,268,CD_CENTRO
SKU_043,2024-11-11,341,CD_CENTRO
SKU_043,2024-11-18,136,CD_CENTRO
SKU_043,2024-11-25,128,CD_CENTRO
SKU_043,2024-12-02,36,CD_CENTRO
SKU_043,2024-12-09,92,CD_CENTRO
SKU_043,2024-12-16,0,CD_CENTRO
SKU_043,2024-12-23,0,CD_CENTRO
SKU_043,2024-12-30,22,CD_CENTRO
SKU_043,2025-01-06,0,CD_CENTRO
SKU_043,2025-01-13,413,CD_CENTRO
SKU_043,2025-01-20,56,CD_CENTRO
SKU_043,2025-01-27,87,CD_CENTRO
SKU_043,2025-02-03,178,CD_CENTRO
SKU_043,2025-02-10,0,CD_CENTRO
SKU_043,2025-02-17,0,CD_CENTRO
SKU_043,2025-02-24,317,CD_CENTRO
SKU_043,2025-03-03,38,CD_CENTRO
SKU_043,2025-03-10,80,CD_CENTRO
SKU_043,2025-03-17,13,CD_CENTRO
SKU_043,2025-03-24,166,CD_CENTRO
SKU_043,2025-03-31,174,CD_CENTRO
SKU_043,2025-04-07,2,CD_CENTRO
SKU_043,2025-04-14,5,CD_CENTRO
SKU_043,2025-04-21,213,CD_CENTRO
SKU_043,2025-04-28,11,CD_CENTRO
SKU_043,2025-05-05,82,CD_CENTRO
SKU_043,2025-05-12,82,CD_CENTRO
SKU_043,2025-05-19,173,CD_CENTRO
SKU_043,2025-05-26,0,CD_CENTRO
SKU_043,2025-06-02,72,CD_CENTRO
SKU_043,2025-06-09,0,CD_CENTRO
SKU_043,2025-06-16,0,CD_CENTRO
SKU_043,2025-06-23,0,CD_CENTRO
SKU_043,2025-06-30,48,CD_CENTRO
SKU_043,2025-07-07,311,CD_CENTRO
SKU_043,2025-07-14,22,CD_CENTRO
SKU_043,2025-07-21,26,CD_CENTRO
SKU_043,2025-07-28,0,CD_CENTRO
SKU_043,2025-08-04,8,CD_CENTRO
SKU_043,2025-08-11,0,CD_CENTRO
SKU_043,2025-08-18,315,CD_CENTRO
SKU_043,2025-08-25,104,CD_CENTRO
SKU_043,2025-09-01,1,CD_CENTRO
SKU_043,2025-09-08,104,CD_CENTRO
SKU_043,2025-09-15,44,CD_CENTRO
SKU_043,2025-09-22,291,CD_CENTRO
SKU_043,2025-09-29,28,CD_CENTRO
SKU_043,2025-10-06,105,CD_CENTRO
SKU_043,2025-10-13,84,CD_CENTRO
SKU_043,2025-10-20,1,CD_CENTRO
SKU_043,2025-10-27,184,CD_CENTRO
SKU_043,2025-11-03,13,CD_CENTRO
SKU_043,2025-11-10,93,CD_CENTRO
SKU_043,2025-11-17,127,CD_CENTRO
SKU_043,2025-11-24,85,CD_CENTRO
SKU_043,2025-12-01,9,CD_CENTRO
SKU_043,2025-12-08,314,CD_CENTRO
SKU_043,2025-12-15,23,CD_CENTRO
SKU_043,2025-12-22,84,CD_CENTRO
SKU_043,2025-12-29,136,CD_CENTRO
SKU_043,2024-01-08,20,CD_SUR
SKU_043,2024-01-15,41,CD_SUR
SKU_043,2024-01-22,43,CD_SUR
SKU_043,2024-01-29,35,CD_SUR
SKU_043,2024-02-05,8,CD_SUR
SKU_043,2024-02-12,226,CD_SUR
SKU_043,2024-02-19,9,CD_SUR
SKU_043,2024-02-26,207,CD_SUR
SKU_043,2024-03-04,75,CD_SUR
SKU_043,2024-03-11,8,CD_SUR
SKU_043,2024-03-18,130,CD_SUR
SKU_043,2024-03-25,32,CD_SUR
SKU_043,2024-04-01,48,CD_SUR
SKU_043,2024-04-08,49,CD_SUR
SKU_043,2024-04-15,34,CD_SUR
SKU_043,2024-04-22,7,CD_SUR
SKU_043,2024-04-29,219,CD_SUR
SKU_043,2024-05-06,42,CD_SUR
SKU_043,2024-05-13,6,CD_SUR
SKU_043,2024-05-20,58,CD_SUR
SKU_043,2024-05-27,58,CD_SUR
SKU_043,2024-06-03,38,CD_SUR
SKU_043,2024-06-10,0,CD_SUR
SKU_043,2024-06-17,5,CD_SUR
SKU_043,2024-06-24,21,CD_SUR
SKU_043,2024-07-01,3,CD_SUR
SKU_043,2024-07-08,31,CD_SUR
SKU_043,2024-07-15,114,CD_SUR
SKU_043,2024-07-22,0,CD_SUR
SKU_043,2024-07-29,0,CD_SUR
SKU_043,2024-08-05,0,CD_SUR
SKU_043,2024-08-12,15,CD_SUR
SKU_043,2024-08-19,0,CD_SUR
SKU_043,2024-08-26,77,CD_SUR
SKU_043,2024-09-02,0,CD_SUR
SKU_043,2024-09-09,0,CD_SUR
SKU_043,2024-09-16,45,CD_SUR
SKU_043,2024-09-23,75,CD_SUR
SKU_043,2024-09-30,0,CD_SUR
SKU_043,2024-10-07,72,CD_SUR
SKU_043,2024-10-14,73,CD_SUR
SKU_043,2024-10-21,0,CD_SUR
SKU_043,2024-10-28,0,CD_SUR
SKU_043,2024-11-04,21,CD_SUR
SKU_043,2024-11-11,103,CD_SUR
SKU_043,2024-11-18,0,CD_SUR
SKU_043,2024-11-25,1,CD_SUR
SKU_043,2024-12-02,18,CD_SUR
SKU_043,2024-12-09,0,CD_SUR
SKU_043,2024-12-16,20,CD_SUR
SKU_043,2024-12-23,9,CD_SUR
SKU_043,2024-12-30,40,CD_SUR
SKU_043,2025-01-06,42,CD_SUR
SKU_043,2025-01-13,35,CD_SUR
SKU_043,2025-01-20,18,CD_SUR
SKU_043,2025-01-27,66,CD_SUR
SKU_043,2025-02-03,60,CD_SUR
SKU_043,2025-02-10,16,CD_SUR
SKU_043,2025-02-17,19,CD_SUR
SKU_043,2025-02-24,16,CD_SUR
SKU_043,2025-03-03,7,CD_SUR
SKU_043,2025-03-10,67,CD_SUR
SKU_043,2025-03-17,0,CD_SUR
SKU_043,2025-03-24,2,CD_SUR
SKU_043,2025-03-31,8,CD_SUR
SKU_043,2025-04-07,5,CD_SUR
SKU_043,2025-04-14,84,CD_SUR
SKU_043,2025-04-21,0,CD_SUR
SKU_043,2025-04-28,2,CD_SUR
SKU_043,2025-05-05,52,CD_SUR
SKU_043,2025-05-12,2,CD_SUR
SKU_043,2025-05-19,0,CD_SUR
SKU_043,2025-05-26,74,CD_SUR
SKU_043,2025-06-02,117,CD_SUR
SKU_043,2025-06-09,32,CD_SUR
SKU_043,2025-06-16,78,CD_SUR
SKU_043,2025-06-23,59,CD_SUR
SKU_043,2025-06-30,76,CD_SUR
SKU_043,2025-07-07,70,CD_SUR
SKU_043,2025-07-14,11,CD_SUR
SKU_043,2025-07-21,33,CD_SUR
SKU_043,2025-07-28,155,CD_SUR
SKU_043,2025-08-04,20,CD_SUR
SKU_043,2025-08-11,169,CD_SUR
SKU_043,2025-08-18,42,CD_SUR
SKU_043,2025-08-25,30,CD_SUR
SKU_043,2025-09-01,51,CD_SUR
SKU_043,2025-09-08,0,CD_SUR
SKU_043,2025-09-15,81,CD_SUR
SKU_043,2025-09-22,24,CD_SUR
SKU_043,2025-09-29,2,CD_SUR
SKU_043,2025-10-06,59,CD_SUR
SKU_043,2025-10-13,150,CD_SUR
SKU_043,2025-10-20,47,CD_SUR
SKU_043,2025-10-27,10,CD_SUR
SKU_043,2025-11-03,14,CD_SUR
SKU_043,2025-11-10,115,CD_SUR
SKU_043,2025-11-17,0,CD_SUR
SKU_043,2025-11-24,0,CD_SUR
SKU_043,2025-12-01,1,CD_SUR
SKU_043,2025-12-08,38,CD_SUR
SKU_043,2025-12-15,8,CD_SUR
SKU_043,2025-12-22,16,CD_SUR
SKU_043,2025-12-29,0,CD_SUR
SKU_044,2024-01-08,21,CD_NORTE
SKU_044,2024-01-15,147,CD_NORTE
SKU_044,2024-01-22,80,CD_NORTE
SKU_044,2024-01-29,75,CD_NORTE
SKU_044,2024-02-05,0,CD_NORTE
SKU_044,2024-02-12,0,CD_NORTE
SKU_044,2024-02-19,31,CD_NORTE
SKU_044,2024-02-26,0,CD_NORTE
SKU_044,2024-03-04,4,CD_NORTE
SKU_044,2024-03-11,0,CD_NORTE
SKU_044,2024-03-18,348,CD_NORTE
SKU_044,2024-03-25,13,CD_NORTE
SKU_044,2024-04-01,32,CD_NORTE
SKU_044,2024-04-08,62,CD_NORTE
SKU_044,2024-04-15,45,CD_NORTE
SKU_044,2024-04-22,15,CD_NORTE
SKU_044,2024-04-29,0,CD_NORTE
SKU_044,2024-05-06,10,CD_NORTE
SKU_044,2024-05-13,9,CD_NORTE
SKU_044,2024-05-20,135,CD_NORTE
SKU_044,2024-05-27,2,CD_NORTE
SKU_044,2024-06-03,257,CD_NORTE
SKU_044,2024-06-10,15,CD_NORTE
SKU_044,2024-06-17,8,CD_NORTE
SKU_044,2024-06-24,59,CD_NORTE
SKU_044,2024-07-01,6,CD_NORTE
SKU_044,2024-07-08,63,CD_NORTE
SKU_044,2024-07-15,129,CD_NORTE
SKU_044,2024-07-22,3,CD_NORTE
SKU_044,2024-07-29,0,CD_NORTE
SKU_044,2024-08-05,0,CD_NORTE
SKU_044,2024-08-12,109,CD_NORTE
SKU_044,2024-08-19,34,CD_NORTE
SKU_044,2024-08-26,12,CD_NORTE
SKU_044,2024-09-02,13,CD_NORTE
SKU_044,2024-09-09,171,CD_NORTE
SKU_044,2024-09-16,8,CD_NORTE
SKU_044,2024-09-23,137,CD_NORTE
SKU_044,2024-09-30,53,CD_NORTE
SKU_044,2024-10-07,3,CD_NORTE
SKU_044,2024-10-14,42,CD_NORTE
SKU_044,2024-10-21,116,CD_NORTE
SKU_044,2024-10-28,88,CD_NORTE
SKU_044,2024-11-04,46,CD_NORTE
SKU_044,2024-11-11,134,CD_NORTE
SKU_044,2024-11-18,0,CD_NORTE
SKU_044,2024-11-25,9,CD_NORTE
SKU_044,2024-12-02,0,CD_NORTE
SKU_044,2024-12-09,164,CD_NORTE
SKU_044,2024-12-16,0,CD_NORTE
SKU_044,2024-12-23,127,CD_NORTE
SKU_044,2024-12-30,84,CD_NORTE
SKU_044,2025-01-06,116,CD_NORTE
SKU_044,2025-01-13,53,CD_NORTE
SKU_044,2025-01-20,76,CD_NORTE
SKU_044,2025-01-27,56,CD_NORTE
SKU_044,2025-02-03,30,CD_NORTE
SKU_044,2025-02-10,57,CD_NORTE
SKU_044,2025-02-17,20,CD_NORTE
SKU_044,2025-02-24,39,CD_NORTE
SKU_044,2025-03-03,22,CD_NORTE
SKU_044,2025-03-10,9,CD_NORTE
SKU_044,2025-03-17,26,CD_NORTE
SKU_044,2025-03-24,130,CD_NORTE
SKU_044,2025-03-31,0,CD_NORTE
SKU_044,2025-04-07,33,CD_NORTE
SKU_044,2025-04-14,94,CD_NORTE
SKU_044,2025-04-21,13,CD_NORTE
SKU_044,2025-04-28,38,CD_NORTE
SKU_044,2025-05-05,8,CD_NORTE
SKU_044,2025-05-12,10,CD_NORTE
SKU_044,2025-05-19,65,CD_NORTE
SKU_044,2025-05-26,0,CD_NORTE
SKU_044,2025-06-02,64,CD_NORTE
SKU_044,2025-06-09,16,CD_NORTE
SKU_044,2025-06-16,44,CD_NORTE
SKU_044,2025-06-23,135,CD_NORTE
SKU_044,2025-06-30,13,CD_NORTE
SKU_044,2025-07-07,3,CD_NORTE
SKU_044,2025-07-14,72,CD_NORTE
SKU_044,2025-07-21,12,CD_NORTE
SKU_044,2025-07-28,266,CD_NORTE
SKU_044,2025-08-04,64,CD_NORTE
SKU_044,2025-08-11,0,CD_NORTE
SKU_044,2025-08-18,0,CD_NORTE
SKU_044,2025-08-25,43,CD_NORTE
SKU_044,2025-09-01,38,CD_NORTE
SKU_044,2025-09-08,58,CD_NORTE
SKU_044,2025-09-15,6,CD_NORTE
SKU_044,2025-09-22,181,CD_NORTE
SKU_044,2025-09-29,67,CD_NORTE
SKU_044,2025-10-06,14,CD_NORTE
SKU_044,2025-10-13,0,CD_NORTE
SKU_044,2025-10-20,56,CD_NORTE
SKU_044,2025-10-27,10,CD_NORTE
SKU_044,2025-11-03,1,CD_NORTE
SKU_044,2025-11-10,0,CD_NORTE
SKU_044,2025-11-17,68,CD_NORTE
SKU_044,2025-11-24,0,CD_NORTE
SKU_044,2025-12-01,71,CD_NORTE
SKU_044,2025-12-08,60,CD_NORTE
SKU_044,2025-12-15,14,CD_NORTE
SKU_044,2025-12-22,63,CD_NORTE
SKU_044,2025-12-29,4,CD_NORTE
SKU_044,2024-01-08,3,CD_CENTRO
SKU_044,2024-01-15,20,CD_CENTRO
SKU_044,2024-01-22,134,CD_CENTRO
SKU_044,2024-01-29,21,CD_CENTRO
SKU_044,2024-02-05,0,CD_CENTRO
SKU_044,2024-02-12,32,CD_CENTRO
SKU_044,2024-02-19,19,CD_CENTRO
SKU_044,2024-02-26,39,CD_CENTRO
SKU_044,2024-03-04,164,CD_CENTRO
SKU_044,2024-03-11,258,CD_CENTRO
SKU_044,2024-03-18,64,CD_CENTRO
SKU_044,2024-03-25,22,CD_CENTRO
SKU_044,2024-04-01,0,CD_CENTRO
SKU_044,2024-04-08,29,CD_CENTRO
SKU_044,2024-04-15,19,CD_CENTRO
SKU_044,2024-04-22,182,CD_CENTRO
SKU_044,2024-04-29,53,CD_CENTRO
SKU_044,2024-05-06,26,CD_CENTRO
SKU_044,2024-05-13,1,CD_CENTRO
SKU_044,2024-05-20,32,CD_CENTRO
SKU_044,2024-05-27,178,CD_CENTRO
SKU_044,2024-06-03,0,CD_CENTRO
SKU_044,2024-06-10,32,CD_CENTRO
SKU_044,2024-06-17,9,CD_CENTRO
SKU_044,2024-06-24,1,CD_CENTRO
SKU_044,2024-07-01,19,CD_CENTRO
SKU_044,2024-07-08,108,CD_CENTRO
SKU_044,2024-07-15,244,CD_CENTRO
SKU_044,2024-07-22,125,CD_CENTRO
SKU_044,2024-07-29,56,CD_CENTRO
SKU_044,2024-08-05,35,CD_CENTRO
SKU_044,2024-08-12,38,CD_CENTRO
SKU_044,2024-08-19,33,CD_CENTRO
SKU_044,2024-08-26,0,CD_CENTRO
SKU_044,2024-09-02,125,CD_CENTRO
SKU_044,2024-09-09,23,CD_CENTRO
SKU_044,2024-09-16,0,CD_CENTRO
SKU_044,2024-09-23,48,CD_CENTRO
SKU_044,2024-09-30,6,CD_CENTRO
SKU_044,2024-10-07,29,CD_CENTRO
SKU_044,2024-10-14,78,CD_CENTRO
SKU_044,2024-10-21,0,CD_CENTRO
SKU_044,2024-10-28,101,CD_CENTRO
SKU_044,2024-11-04,0,CD_CENTRO
SKU_044,2024-11-11,33,CD_CENTRO
SKU_044,2024-11-18,0,CD_CENTRO
SKU_044,2024-11-25,1,CD_CENTRO
SKU_044,2024-12-02,0,CD_CENTRO
SKU_044,2024-12-09,0,CD_CENTRO
SKU_044,2024-12-16,113,CD_CENTRO
SKU_044,2024-12-23,52,CD_CENTRO
SKU_044,2024-12-30,23,CD_CENTRO
SKU_044,2025-01-06,0,CD_CENTRO
SKU_044,2025-01-13,39,CD_CENTRO
SKU_044,2025-01-20,24,CD_CENTRO
SKU_044,2025-01-27,0,CD_CENTRO
SKU_044,2025-02-03,27,CD_CENTRO
SKU_044,2025-02-10,94,CD_CENTRO
SKU_044,2025-02-17,8,CD_CENTRO
SKU_044,2025-02-24,5,CD_CENTRO
SKU_044,2025-03-03,0,CD_CENTRO
SKU_044,2025-03-10,16,CD_CENTRO
SKU_044,2025-03-17,7,CD_CENTRO
SKU_044,2025-03-24,11,CD_CENTRO
SKU_044,2025-03-31,0,CD_CENTRO
SKU_044,2025-04-07,11,CD_CENTRO
SKU_044,2025-04-14,17,CD_CENTRO
SKU_044,2025-04-21,1,CD_CENTRO
SKU_044,2025-04-28,40,CD_CENTRO
SKU_044,2025-05-05,36,CD_CENTRO
SKU_044,2025-05-12,4,CD_CENTRO
SKU_044,2025-05-19,39,CD_CENTRO
SKU_044,2025-05-26,284,CD_CENTRO
SKU_044,2025-06-02,0,CD_CENTRO
SKU_044,2025-06-09,124,CD_CENTRO
SKU_044,2025-06-16,0,CD_CENTRO
SKU_044,2025-06-23,68,CD_CENTRO
SKU_044,2025-06-30,0,CD_CENTRO
SKU_044,2025-07-07,19,CD_CENTRO
SKU_044,2025-07-14,0,CD_CENTRO
SKU_044,2025-07-21,3,CD_CENTRO
SKU_044,2025-07-28,15,CD_CENTRO
SKU_044,2025-08-04,17,CD_CENTRO
SKU_044,2025-08-11,32,CD_CENTRO
SKU_044,2025-08-18,47,CD_CENTRO
SKU_044,2025-08-25,59,CD_CENTRO
SKU_044,2025-09-01,12,CD_CENTRO
SKU_044,2025-09-08,17,CD_CENTRO
SKU_044,2025-09-15,16,CD_CENTRO
SKU_044,2025-09-22,19,CD_CENTRO
SKU_044,2025-09-29,343,CD_CENTRO
SKU_044,2025-10-06,0,CD_CENTRO
SKU_044,2025-10-13,65,CD_CENTRO
SKU_044,2025-10-20,159,CD_CENTRO
SKU_044,2025-10-27,51,CD_CENTRO
SKU_044,2025-11-03,22,CD_CENTRO
SKU_044,2025-11-10,21,CD_CENTRO
SKU_044,2025-11-17,29,CD_CENTRO
SKU_044,2025-11-24,23,CD_CENTRO
SKU_044,2025-12-01,76,CD_CENTRO
SKU_044,2025-12-08,63,CD_CENTRO
SKU_044,2025-12-15,15,CD_CENTRO
SKU_044,2025-12-22,64,CD_CENTRO
SKU_044,2025-12-29,83,CD_CENTRO
SKU_044,2024-01-08,0,CD_SUR
SKU_044,2024-01-15,60,CD_SUR
SKU_044,2024-01-22,66,CD_SUR
SKU_044,2024-01-29,0,CD_SUR
SKU_044,2024-02-05,90,CD_SUR
SKU_044,2024-02-12,38,CD_SUR
SKU_044,2024-02-19,41,CD_SUR
SKU_044,2024-02-26,183,CD_SUR
SKU_044,2024-03-04,19,CD_SUR
SKU_044,2024-03-11,80,CD_SUR
SKU_044,2024-03-18,48,CD_SUR
SKU_044,2024-03-25,0,CD_SUR
SKU_044,2024-04-01,0,CD_SUR
SKU_044,2024-04-08,68,CD_SUR
SKU_044,2024-04-15,0,CD_SUR
SKU_044,2024-04-22,30,CD_SUR
SKU_044,2024-04-29,18,CD_SUR
SKU_044,2024-05-06,44,CD_SUR
SKU_044,2024-05-13,26,CD_SUR
SKU_044,2024-05-20,0,CD_SUR
SKU_044,2024-05-27,14,CD_SUR
SKU_044,2024-06-03,102,CD_SUR
SKU_044,2024-06-10,36,CD_SUR
SKU_044,2024-06-17,0,CD_SUR
SKU_044,2024-06-24,105,CD_SUR
SKU_044,2024-07-01,0,CD_SUR
SKU_044,2024-07-08,36,CD_SUR
SKU_044,2024-07-15,46,CD_SUR
SKU_044,2024-07-22,300,CD_SUR
SKU_044,2024-07-29,169,CD_SUR
SKU_044,2024-08-05,18,CD_SUR
SKU_044,2024-08-12,114,CD_SUR
SKU_044,2024-08-19,28,CD_SUR
SKU_044,2024-08-26,4,CD_SUR
SKU_044,2024-09-02,48,CD_SUR
SKU_044,2024-09-09,211,CD_SUR
SKU_044,2024-09-16,205,CD_SUR
SKU_044,2024-09-23,8,CD_SUR
SKU_044,2024-09-30,83,CD_SUR
SKU_044,2024-10-07,0,CD_SUR
SKU_044,2024-10-14,91,CD_SUR
SKU_044,2024-10-21,26,CD_SUR
SKU_044,2024-10-28,60,CD_SUR
SKU_044,2024-11-04,38,CD_SUR
SKU_044,2024-11-11,14,CD_SUR
SKU_044,2024-11-18,80,CD_SUR
SKU_044,2024-11-25,17,CD_SUR
SKU_044,2024-12-02,23,CD_SUR
SKU_044,2024-12-09,12,CD_SUR
SKU_044,2024-12-16,71,CD_SUR
SKU_044,2024-12-23,34,CD_SUR
SKU_044,2024-12-30,33,CD_SUR
SKU_044,2025-01-06,0,CD_SUR
SKU_044,2025-01-13,133,CD_SUR
SKU_044,2025-01-20,10,CD_SUR
SKU_044,2025-01-27,128,CD_SUR
SKU_044,2025-02-03,0,CD_SUR
SKU_044,2025-02-10,35,CD_SUR
SKU_044,2025-02-17,26,CD_SUR
SKU_044,2025-02-24,8,CD_SUR
SKU_044,2025-03-03,10,CD_SUR
SKU_044,2025-03-10,142,CD_SUR
SKU_044,2025-03-17,34,CD_SUR
SKU_044,2025-03-24,72,CD_SUR
SKU_044,2025-03-31,5,CD_SUR
SKU_044,2025-04-07,58,CD_SUR
SKU_044,2025-04-14,143,CD_SUR
SKU_044,2025-04-21,20,CD_SUR
SKU_044,2025-04-28,48,CD_SUR
SKU_044,2025-05-05,158,CD_SUR
SKU_044,2025-05-12,71,CD_SUR
SKU_044,2025-05-19,0,CD_SUR
SKU_044,2025-05-26,4,CD_SUR
SKU_044,2025-06-02,27,CD_SUR
SKU_044,2025-06-09,5,CD_SUR
SKU_044,2025-06-16,111,CD_SUR
SKU_044,2025-06-23,54,CD_SUR
SKU_044,2025-06-30,175,CD_SUR
SKU_044,2025-07-07,1,CD_SUR
SKU_044,2025-07-14,31,CD_SUR
SKU_044,2025-07-21,0,CD_SUR
SKU_044,2025-07-28,0,CD_SUR
SKU_044,2025-08-04,6,CD_SUR
SKU_044,2025-08-11,24,CD_SUR
SKU_044,2025-08-18,10,CD_SUR
SKU_044,2025-08-25,22,CD_SUR
SKU_044,2025-09-01,96,CD_SUR
SKU_044,2025-09-08,10,CD_SUR
SKU_044,2025-09-15,36,CD_SUR
SKU_044,2025-09-22,143,CD_SUR
SKU_044,2025-09-29,376,CD_SUR
SKU_044,2025-10-06,0,CD_SUR
SKU_044,2025-10-13,16,CD_SUR
SKU_044,2025-10-20,373,CD_SUR
SKU_044,2025-10-27,17,CD_SUR
SKU_044,2025-11-03,0,CD_SUR
SKU_044,2025-11-10,30,CD_SUR
SKU_044,2025-11-17,118,CD_SUR
SKU_044,2025-11-24,0,CD_SUR
SKU_044,2025-12-01,86,CD_SUR
SKU_044,2025-12-08,109,CD_SUR
SKU_044,2025-12-15,90,CD_SUR
SKU_044,2025-12-22,15,CD_SUR
SKU_044,2025-12-29,113,CD_SUR
SKU_045,2024-01-08,64,CD_NORTE
SKU_045,2024-01-15,77,CD_NORTE
SKU_045,2024-01-22,219,CD_NORTE
SKU_045,2024-01-29,217,CD_NORTE
SKU_045,2024-02-05,69,CD_NORTE
SKU_045,2024-02-12,29,CD_NORTE
SKU_045,2024-02-19,474,CD_NORTE
SKU_045,2024-02-26,93,CD_NORTE
SKU_045,2024-03-04,43,CD_NORTE
SKU_045,2024-03-11,66,CD_NORTE
SKU_045,2024-03-18,44,CD_NORTE
SKU_045,2024-03-25,0,CD_NORTE
SKU_045,2024-04-01,178,CD_NORTE
SKU_045,2024-04-08,0,CD_NORTE
SKU_045,2024-04-15,53,CD_NORTE
SKU_045,2024-04-22,141,CD_NORTE
SKU_045,2024-04-29,149,CD_NORTE
SKU_045,2024-05-06,0,CD_NORTE
SKU_045,2024-05-13,141,CD_NORTE
SKU_045,2024-05-20,104,CD_NORTE
SKU_045,2024-05-27,156,CD_NORTE
SKU_045,2024-06-03,0,CD_NORTE
SKU_045,2024-06-10,40,CD_NORTE
SKU_045,2024-06-17,10,CD_NORTE
SKU_045,2024-06-24,150,CD_NORTE
SKU_045,2024-07-01,56,CD_NORTE
SKU_045,2024-07-08,11,CD_NORTE
SKU_045,2024-07-15,10,CD_NORTE
SKU_045,2024-07-22,14,CD_NORTE
SKU_045,2024-07-29,113,CD_NORTE
SKU_045,2024-08-05,101,CD_NORTE
SKU_045,2024-08-12,18,CD_NORTE
SKU_045,2024-08-19,152,CD_NORTE
SKU_045,2024-08-26,27,CD_NORTE
SKU_045,2024-09-02,274,CD_NORTE
SKU_045,2024-09-09,54,CD_NORTE
SKU_045,2024-09-16,107,CD_NORTE
SKU_045,2024-09-23,39,CD_NORTE
SKU_045,2024-09-30,35,CD_NORTE
SKU_045,2024-10-07,149,CD_NORTE
SKU_045,2024-10-14,3,CD_NORTE
SKU_045,2024-10-21,298,CD_NORTE
SKU_045,2024-10-28,85,CD_NORTE
SKU_045,2024-11-04,46,CD_NORTE
SKU_045,2024-11-11,80,CD_NORTE
SKU_045,2024-11-18,11,CD_NORTE
SKU_045,2024-11-25,58,CD_NORTE
SKU_045,2024-12-02,0,CD_NORTE
SKU_045,2024-12-09,0,CD_NORTE
SKU_045,2024-12-16,341,CD_NORTE
SKU_045,2024-12-23,22,CD_NORTE
SKU_045,2024-12-30,104,CD_NORTE
SKU_045,2025-01-06,0,CD_NORTE
SKU_045,2025-01-13,46,CD_NORTE
SKU_045,2025-01-20,86,CD_NORTE
SKU_045,2025-01-27,19,CD_NORTE
SKU_045,2025-02-03,51,CD_NORTE
SKU_045,2025-02-10,317,CD_NORTE
SKU_045,2025-02-17,18,CD_NORTE
SKU_045,2025-02-24,0,CD_NORTE
SKU_045,2025-03-03,82,CD_NORTE
SKU_045,2025-03-10,69,CD_NORTE
SKU_045,2025-03-17,67,CD_NORTE
SKU_045,2025-03-24,77,CD_NORTE
SKU_045,2025-03-31,57,CD_NORTE
SKU_045,2025-04-07,1,CD_NORTE
SKU_045,2025-04-14,0,CD_NORTE
SKU_045,2025-04-21,187,CD_NORTE
SKU_045,2025-04-28,142,CD_NORTE
SKU_045,2025-05-05,0,CD_NORTE
SKU_045,2025-05-12,0,CD_NORTE
SKU_045,2025-05-19,16,CD_NORTE
SKU_045,2025-05-26,43,CD_NORTE
SKU_045,2025-06-02,119,CD_NORTE
SKU_045,2025-06-09,317,CD_NORTE
SKU_045,2025-06-16,0,CD_NORTE
SKU_045,2025-06-23,245,CD_NORTE
SKU_045,2025-06-30,186,CD_NORTE
SKU_045,2025-07-07,14,CD_NORTE
SKU_045,2025-07-14,199,CD_NORTE
SKU_045,2025-07-21,171,CD_NORTE
SKU_045,2025-07-28,0,CD_NORTE
SKU_045,2025-08-04,130,CD_NORTE
SKU_045,2025-08-11,0,CD_NORTE
SKU_045,2025-08-18,41,CD_NORTE
SKU_045,2025-08-25,148,CD_NORTE
SKU_045,2025-09-01,86,CD_NORTE
SKU_045,2025-09-08,24,CD_NORTE
SKU_045,2025-09-15,2,CD_NORTE
SKU_045,2025-09-22,12,CD_NORTE
SKU_045,2025-09-29,47,CD_NORTE
SKU_045,2025-10-06,27,CD_NORTE
SKU_045,2025-10-13,117,CD_NORTE
SKU_045,2025-10-20,9,CD_NORTE
SKU_045,2025-10-27,202,CD_NORTE
SKU_045,2025-11-03,183,CD_NORTE
SKU_045,2025-11-10,194,CD_NORTE
SKU_045,2025-11-17,109,CD_NORTE
SKU_045,2025-11-24,9,CD_NORTE
SKU_045,2025-12-01,47,CD_NORTE
SKU_045,2025-12-08,11,CD_NORTE
SKU_045,2025-12-15,356,CD_NORTE
SKU_045,2025-12-22,33,CD_NORTE
SKU_045,2025-12-29,0,CD_NORTE
SKU_045,2024-01-08,57,CD_CENTRO
SKU_045,2024-01-15,62,CD_CENTRO
SKU_045,2024-01-22,128,CD_CENTRO
SKU_045,2024-01-29,0,CD_CENTRO
SKU_045,2024-02-05,37,CD_CENTRO
SKU_045,2024-02-12,52,CD_CENTRO
SKU_045,2024-02-19,327,CD_CENTRO
SKU_045,2024-02-26,52,CD_CENTRO
SKU_045,2024-03-04,59,CD_CENTRO
SKU_045,2024-03-11,380,CD_CENTRO
SKU_045,2024-03-18,355,CD_CENTRO
SKU_045,2024-03-25,38,CD_CENTRO
SKU_045,2024-04-01,70,CD_CENTRO
SKU_045,2024-04-08,0,CD_CENTRO
SKU_045,2024-04-15,45,CD_CENTRO
SKU_045,2024-04-22,88,CD_CENTRO
SKU_045,2024-04-29,192,CD_CENTRO
SKU_045,2024-05-06,26,CD_CENTRO
SKU_045,2024-05-13,118,CD_CENTRO
SKU_045,2024-05-20,73,CD_CENTRO
SKU_045,2024-05-27,23,CD_CENTRO
SKU_045,2024-06-03,110,CD_CENTRO
SKU_045,2024-06-10,38,CD_CENTRO
SKU_045,2024-06-17,9,CD_CENTRO
SKU_045,2024-06-24,347,CD_CENTRO
SKU_045,2024-07-01,133,CD_CENTRO
SKU_045,2024-07-08,54,CD_CENTRO
SKU_045,2024-07-15,0,CD_CENTRO
SKU_045,2024-07-22,0,CD_CENTRO
SKU_045,2024-07-29,114,CD_CENTRO
SKU_045,2024-08-05,224,CD_CENTRO
SKU_045,2024-08-12,142,CD_CENTRO
SKU_045,2024-08-19,138,CD_CENTRO
SKU_045,2024-08-26,54,CD_CENTRO
SKU_045,2024-09-02,23,CD_CENTRO
SKU_045,2024-09-09,43,CD_CENTRO
SKU_045,2024-09-16,202,CD_CENTRO
SKU_045,2024-09-23,90,CD_CENTRO
SKU_045,2024-09-30,1,CD_CENTRO
SKU_045,2024-10-07,9,CD_CENTRO
SKU_045,2024-10-14,178,CD_CENTRO
SKU_045,2024-10-21,0,CD_CENTRO
SKU_045,2024-10-28,130,CD_CENTRO
SKU_045,2024-11-04,46,CD_CENTRO
SKU_045,2024-11-11,66,CD_CENTRO
SKU_045,2024-11-18,24,CD_CENTRO
SKU_045,2024-11-25,109,CD_CENTRO
SKU_045,2024-12-02,0,CD_CENTRO
SKU_045,2024-12-09,64,CD_CENTRO
SKU_045,2024-12-16,0,CD_CENTRO
SKU_045,2024-12-23,82,CD_CENTRO
SKU_045,2024-12-30,32,CD_CENTRO
SKU_045,2025-01-06,39,CD_CENTRO
SKU_045,2025-01-13,16,CD_CENTRO
SKU_045,2025-01-20,204,CD_CENTRO
SKU_045,2025-01-27,202,CD_CENTRO
SKU_045,2025-02-03,117,CD_CENTRO
SKU_045,2025-02-10,189,CD_CENTRO
SKU_045,2025-02-17,76,CD_CENTRO
SKU_045,2025-02-24,18,CD_CENTRO
SKU_045,2025-03-03,0,CD_CENTRO
SKU_045,2025-03-10,99,CD_CENTRO
SKU_045,2025-03-17,27,CD_CENTRO
SKU_045,2025-03-24,40,CD_CENTRO
SKU_045,2025-03-31,22,CD_CENTRO
SKU_045,2025-04-07,0,CD_CENTRO
SKU_045,2025-04-14,38,CD_CENTRO
SKU_045,2025-04-21,245,CD_CENTRO
SKU_045,2025-04-28,8,CD_CENTRO
SKU_045,2025-05-05,8,CD_CENTRO
SKU_045,2025-05-12,0,CD_CENTRO
SKU_045,2025-05-19,79,CD_CENTRO
SKU_045,2025-05-26,104,CD_CENTRO
SKU_045,2025-06-02,55,CD_CENTRO
SKU_045,2025-06-09,14,CD_CENTRO
SKU_045,2025-06-16,39,CD_CENTRO
SKU_045,2025-06-23,98,CD_CENTRO
SKU_045,2025-06-30,80,CD_CENTRO
SKU_045,2025-07-07,8,CD_CENTRO
SKU_045,2025-07-14,240,CD_CENTRO
SKU_045,2025-07-21,17,CD_CENTRO
SKU_045,2025-07-28,0,CD_CENTRO
SKU_045,2025-08-04,17,CD_CENTRO
SKU_045,2025-08-11,0,CD_CENTRO
SKU_045,2025-08-18,42,CD_CENTRO
SKU_045,2025-08-25,27,CD_CENTRO
SKU_045,2025-09-01,285,CD_CENTRO
SKU_045,2025-09-08,5,CD_CENTRO
SKU_045,2025-09-15,25,CD_CENTRO
SKU_045,2025-09-22,33,CD_CENTRO
SKU_045,2025-09-29,47,CD_CENTRO
SKU_045,2025-10-06,1,CD_CENTRO
SKU_045,2025-10-13,6,CD_CENTRO
SKU_045,2025-10-20,21,CD_CENTRO
SKU_045,2025-10-27,56,CD_CENTRO
SKU_045,2025-11-03,101,CD_CENTRO
SKU_045,2025-11-10,80,CD_CENTRO
SKU_045,2025-11-17,58,CD_CENTRO
SKU_045,2025-11-24,35,CD_CENTRO
SKU_045,2025-12-01,141,CD_CENTRO
SKU_045,2025-12-08,42,CD_CENTRO
SKU_045,2025-12-15,25,CD_CENTRO
SKU_045,2025-12-22,68,CD_CENTRO
SKU_045,2025-12-29,81,CD_CENTRO
SKU_045,2024-01-08,76,CD_SUR
SKU_045,2024-01-15,46,CD_SUR
SKU_045,2024-01-22,8,CD_SUR
SKU_045,2024-01-29,8,CD_SUR
SKU_045,2024-02-05,293,CD_SUR
SKU_045,2024-02-12,47,CD_SUR
SKU_045,2024-02-19,152,CD_SUR
SKU_045,2024-02-26,67,CD_SUR
SKU_045,2024-03-04,75,CD_SUR
SKU_045,2024-03-11,212,CD_SUR
SKU_045,2024-03-18,14,CD_SUR
SKU_045,2024-03-25,61,CD_SUR
SKU_045,2024-04-01,5,CD_SUR
SKU_045,2024-04-08,35,CD_SUR
SKU_045,2024-04-15,13,CD_SUR
SKU_045,2024-04-22,16,CD_SUR
SKU_045,2024-04-29,213,CD_SUR
SKU_045,2024-05-06,74,CD_SUR
SKU_045,2024-05-13,404,CD_SUR
SKU_045,2024-05-20,46,CD_SUR
SKU_045,2024-05-27,71,CD_SUR
SKU_045,2024-06-03,3,CD_SUR
SKU_045,2024-06-10,49,CD_SUR
SKU_045,2024-06-17,65,CD_SUR
SKU_045,2024-06-24,0,CD_SUR
SKU_045,2024-07-01,1,CD_SUR
SKU_045,2024-07-08,122,CD_SUR
SKU_045,2024-07-15,27,CD_SUR
SKU_045,2024-07-22,0,CD_SUR
SKU_045,2024-07-29,0,CD_SUR
SKU_045,2024-08-05,47,CD_SUR
SKU_045,2024-08-12,60,CD_SUR
SKU_045,2024-08-19,379,CD_SUR
SKU_045,2024-08-26,8,CD_SUR
SKU_045,2024-09-02,63,CD_SUR
SKU_045,2024-09-09,59,CD_SUR
SKU_045,2024-09-16,6,CD_SUR
SKU_045,2024-09-23,78,CD_SUR
SKU_045,2024-09-30,26,CD_SUR
SKU_045,2024-10-07,9,CD_SUR
SKU_045,2024-10-14,15,CD_SUR
SKU_045,2024-10-21,135,CD_SUR
SKU_045,2024-10-28,9,CD_SUR
SKU_045,2024-11-04,49,CD_SUR
SKU_045,2024-11-11,17,CD_SUR
SKU_045,2024-11-18,14,CD_SUR
SKU_045,2024-11-25,18,CD_SUR
SKU_045,2024-12-02,0,CD_SUR
SKU_045,2024-12-09,0,CD_SUR
SKU_045,2024-12-16,53,CD_SUR
SKU_045,2024-12-23,21,CD_SUR
SKU_045,2024-12-30,8,CD_SUR
SKU_045,2025-01-06,126,CD_SUR
SKU_045,2025-01-13,61,CD_SUR
SKU_045,2025-01-20,13,CD_SUR
SKU_045,2025-01-27,50,CD_SUR
SKU_045,2025-02-03,0,CD_SUR
SKU_045,2025-02-10,0,CD_SUR
SKU_045,2025-02-17,0,CD_SUR
SKU_045,2025-02-24,6,CD_SUR
SKU_045,2025-03-03,0,CD_SUR
SKU_045,2025-03-10,68,CD_SUR
SKU_045,2025-03-17,32,CD_SUR
SKU_045,2025-03-24,9,CD_SUR
SKU_045,2025-03-31,16,CD_SUR
SKU_045,2025-04-07,0,CD_SUR
SKU_045,2025-04-14,33,CD_SUR
SKU_045,2025-04-21,128,CD_SUR
SKU_045,2025-04-28,15,CD_SUR
SKU_045,2025-05-05,0,CD_SUR
SKU_045,2025-05-12,9,CD_SUR
SKU_045,2025-05-19,57,CD_SUR
SKU_045,2025-05-26,64,CD_SUR
SKU_045,2025-06-02,7,CD_SUR
SKU_045,2025-06-09,26,CD_SUR
SKU_045,2025-06-16,24,CD_SUR
SKU_045,2025-06-23,16,CD_SUR
SKU_045,2025-06-30,0,CD_SUR
SKU_045,2025-07-07,30,CD_SUR
SKU_045,2025-07-14,3,CD_SUR
SKU_045,2025-07-21,82,CD_SUR
SKU_045,2025-07-28,348,CD_SUR
SKU_045,2025-08-04,78,CD_SUR
SKU_045,2025-08-11,35,CD_SUR
SKU_045,2025-08-18,86,CD_SUR
SKU_045,2025-08-25,0,CD_SUR
SKU_045,2025-09-01,66,CD_SUR
SKU_045,2025-09-08,146,CD_SUR
SKU_045,2025-09-15,0,CD_SUR
SKU_045,2025-09-22,76,CD_SUR
SKU_045,2025-09-29,78,CD_SUR
SKU_045,2025-10-06,20,CD_SUR
SKU_045,2025-10-13,42,CD_SUR
SKU_045,2025-10-20,33,CD_SUR
SKU_045,2025-10-27,1,CD_SUR
SKU_045,2025-11-03,29,CD_SUR
SKU_045,2025-11-10,52,CD_SUR
SKU_045,2025-11-17,71,CD_SUR
SKU_045,2025-11-24,697,CD_SUR
SKU_045,2025-12-01,21,CD_SUR
SKU_045,2025-12-08,0,CD_SUR
SKU_045,2025-12-15,13,CD_SUR
SKU_045,2025-12-22,159,CD_SUR
SKU_045,2025-12-29,222,CD_SUR
SKU_046,2024-01-08,0,CD_NORTE
SKU_046,2024-01-15,0,CD_NORTE
SKU_046,2024-01-22,0,CD_NORTE
SKU_046,2024-01-29,0,CD_NORTE
SKU_046,2024-02-05,0,CD_NORTE
SKU_046,2024-02-12,85,CD_NORTE
SKU_046,2024-02-19,0,CD_NORTE
SKU_046,2024-02-26,257,CD_NORTE
SKU_046,2024-03-04,0,CD_NORTE
SKU_046,2024-03-11,0,CD_NORTE
SKU_046,2024-03-18,0,CD_NORTE
SKU_046,2024-03-25,0,CD_NORTE
SKU_046,2024-04-01,0,CD_NORTE
SKU_046,2024-04-08,129,CD_NORTE
SKU_046,2024-04-15,45,CD_NORTE
SKU_046,2024-04-22,0,CD_NORTE
SKU_046,2024-04-29,0,CD_NORTE
SKU_046,2024-05-06,54,CD_NORTE
SKU_046,2024-05-13,0,CD_NORTE
SKU_046,2024-05-20,0,CD_NORTE
SKU_046,2024-05-27,0,CD_NORTE
SKU_046,2024-06-03,104,CD_NORTE
SKU_046,2024-06-10,0,CD_NORTE
SKU_046,2024-06-17,0,CD_NORTE
SKU_046,2024-06-24,0,CD_NORTE
SKU_046,2024-07-01,0,CD_NORTE
SKU_046,2024-07-08,0,CD_NORTE
SKU_046,2024-07-15,0,CD_NORTE
SKU_046,2024-07-22,0,CD_NORTE
SKU_046,2024-07-29,0,CD_NORTE
SKU_046,2024-08-05,0,CD_NORTE
SKU_046,2024-08-12,0,CD_NORTE
SKU_046,2024-08-19,106,CD_NORTE
SKU_046,2024-08-26,62,CD_NORTE
SKU_046,2024-09-02,0,CD_NORTE
SKU_046,2024-09-09,128,CD_NORTE
SKU_046,2024-09-16,55,CD_NORTE
SKU_046,2024-09-23,0,CD_NORTE
SKU_046,2024-09-30,0,CD_NORTE
SKU_046,2024-10-07,51,CD_NORTE
SKU_046,2024-10-14,0,CD_NORTE
SKU_046,2024-10-21,126,CD_NORTE
SKU_046,2024-10-28,55,CD_NORTE
SKU_046,2024-11-04,0,CD_NORTE
SKU_046,2024-11-11,257,CD_NORTE
SKU_046,2024-11-18,0,CD_NORTE
SKU_046,2024-11-25,0,CD_NORTE
SKU_046,2024-12-02,0,CD_NORTE
SKU_046,2024-12-09,49,CD_NORTE
SKU_046,2024-12-16,0,CD_NORTE
SKU_046,2024-12-23,145,CD_NORTE
SKU_046,2024-12-30,0,CD_NORTE
SKU_046,2025-01-06,0,CD_NORTE
SKU_046,2025-01-13,0,CD_NORTE
SKU_046,2025-01-20,89,CD_NORTE
SKU_046,2025-01-27,0,CD_NORTE
SKU_046,2025-02-03,0,CD_NORTE
SKU_046,2025-02-10,0,CD_NORTE
SKU_046,2025-02-17,0,CD_NORTE
SKU_046,2025-02-24,0,CD_NORTE
SKU_046,2025-03-03,0,CD_NORTE
SKU_046,2025-03-10,0,CD_NORTE
SKU_046,2025-03-17,0,CD_NORTE
SKU_046,2025-03-24,74,CD_NORTE
SKU_046,2025-03-31,168,CD_NORTE
SKU_046,2025-04-07,0,CD_NORTE
SKU_046,2025-04-14,0,CD_NORTE
SKU_046,2025-04-21,99,CD_NORTE
SKU_046,2025-04-28,0,CD_NORTE
SKU_046,2025-05-05,0,CD_NORTE
SKU_046,2025-05-12,169,CD_NORTE
SKU_046,2025-05-19,0,CD_NORTE
SKU_046,2025-05-26,113,CD_NORTE
SKU_046,2025-06-02,0,CD_NORTE
SKU_046,2025-06-09,0,CD_NORTE
SKU_046,2025-06-16,0,CD_NORTE
SKU_046,2025-06-23,0,CD_NORTE
SKU_046,2025-06-30,127,CD_NORTE
SKU_046,2025-07-07,189,CD_NORTE
SKU_046,2025-07-14,117,CD_NORTE
SKU_046,2025-07-21,0,CD_NORTE
SKU_046,2025-07-28,145,CD_NORTE
SKU_046,2025-08-04,0,CD_NORTE
SKU_046,2025-08-11,177,CD_NORTE
SKU_046,2025-08-18,0,CD_NORTE
SKU_046,2025-08-25,0,CD_NORTE
SKU_046,2025-09-01,0,CD_NORTE
SKU_046,2025-09-08,332,CD_NORTE
SKU_046,2025-09-15,0,CD_NORTE
SKU_046,2025-09-22,0,CD_NORTE
SKU_046,2025-09-29,77,CD_NORTE
SKU_046,2025-10-06,0,CD_NORTE
SKU_046,2025-10-13,0,CD_NORTE
SKU_046,2025-10-20,0,CD_NORTE
SKU_046,2025-10-27,0,CD_NORTE
SKU_046,2025-11-03,0,CD_NORTE
SKU_046,2025-11-10,0,CD_NORTE
SKU_046,2025-11-17,0,CD_NORTE
SKU_046,2025-11-24,0,CD_NORTE
SKU_046,2025-12-01,0,CD_NORTE
SKU_046,2025-12-08,132,CD_NORTE
SKU_046,2025-12-15,0,CD_NORTE
SKU_046,2025-12-22,0,CD_NORTE
SKU_046,2025-12-29,52,CD_NORTE
SKU_046,2024-01-08,0,CD_CENTRO
SKU_046,2024-01-15,108,CD_CENTRO
SKU_046,2024-01-22,195,CD_CENTRO
SKU_046,2024-01-29,0,CD_CENTRO
SKU_046,2024-02-05,64,CD_CENTRO
SKU_046,2024-02-12,53,CD_CENTRO
SKU_046,2024-02-19,0,CD_CENTRO
SKU_046,2024-02-26,0,CD_CENTRO
SKU_046,2024-03-04,0,CD_CENTRO
SKU_046,2024-03-11,171,CD_CENTRO
SKU_046,2024-03-18,0,CD_CENTRO
SKU_046,2024-03-25,0,CD_CENTRO
SKU_046,2024-04-01,0,CD_CENTRO
SKU_046,2024-04-08,29,CD_CENTRO
SKU_046,2024-04-15,0,CD_CENTRO
SKU_046,2024-04-22,0,CD_CENTRO
SKU_046,2024-04-29,0,CD_CENTRO
SKU_046,2024-05-06,0,CD_CENTRO
SKU_046,2024-05-13,169,CD_CENTRO
SKU_046,2024-05-20,39,CD_CENTRO
SKU_046,2024-05-27,66,CD_CENTRO
SKU_046,2024-06-03,0,CD_CENTRO
SKU_046,2024-06-10,0,CD_CENTRO
SKU_046,2024-06-17,0,CD_CENTRO
SKU_046,2024-06-24,57,CD_CENTRO
SKU_046,2024-07-01,0,CD_CENTRO
SKU_046,2024-07-08,54,CD_CENTRO
SKU_046,2024-07-15,0,CD_CENTRO
SKU_046,2024-07-22,195,CD_CENTRO
SKU_046,2024-07-29,0,CD_CENTRO
SKU_046,2024-08-05,0,CD_CENTRO
SKU_046,2024-08-12,0,CD_CENTRO
SKU_046,2024-08-19,0,CD_CENTRO
SKU_046,2024-08-26,41,CD_CENTRO
SKU_046,2024-09-02,0,CD_CENTRO
SKU_046,2024-09-09,0,CD_CENTRO
SKU_046,2024-09-16,0,CD_CENTRO
SKU_046,2024-09-23,556,CD_CENTRO
SKU_046,2024-09-30,0,CD_CENTRO
SKU_046,2024-10-07,88,CD_CENTRO
SKU_046,2024-10-14,0,CD_CENTRO
SKU_046,2024-10-21,284,CD_CENTRO
SKU_046,2024-10-28,0,CD_CENTRO
SKU_046,2024-11-04,0,CD_CENTRO
SKU_046,2024-11-11,66,CD_CENTRO
SKU_046,2024-11-18,45,CD_CENTRO
SKU_046,2024-11-25,0,CD_CENTRO
SKU_046,2024-12-02,113,CD_CENTRO
SKU_046,2024-12-09,53,CD_CENTRO
SKU_046,2024-12-16,210,CD_CENTRO
SKU_046,2024-12-23,0,CD_CENTRO
SKU_046,2024-12-30,0,CD_CENTRO
SKU_046,2025-01-06,98,CD_CENTRO
SKU_046,2025-01-13,0,CD_CENTRO
SKU_046,2025-01-20,152,CD_CENTRO
SKU_046,2025-01-27,0,CD_CENTRO
SKU_046,2025-02-03,0,CD_CENTRO
SKU_046,2025-02-10,0,CD_CENTRO
SKU_046,2025-02-17,0,CD_CENTRO
SKU_046,2025-02-24,0,CD_CENTRO
SKU_046,2025-03-03,65,CD_CENTRO
SKU_046,2025-03-10,0,CD_CENTRO
SKU_046,2025-03-17,0,CD_CENTRO
SKU_046,2025-03-24,0,CD_CENTRO
SKU_046,2025-03-31,142,CD_CENTRO
SKU_046,2025-04-07,0,CD_CENTRO
SKU_046,2025-04-14,0,CD_CENTRO
SKU_046,2025-04-21,111,CD_CENTRO
SKU_046,2025-04-28,174,CD_CENTRO
SKU_046,2025-05-05,0,CD_CENTRO
SKU_046,2025-05-12,63,CD_CENTRO
SKU_046,2025-05-19,300,CD_CENTRO
SKU_046,2025-05-26,0,CD_CENTRO
SKU_046,2025-06-02,0,CD_CENTRO
SKU_046,2025-06-09,0,CD_CENTRO
SKU_046,2025-06-16,0,CD_CENTRO
SKU_046,2025-06-23,0,CD_CENTRO
SKU_046,2025-06-30,0,CD_CENTRO
SKU_046,2025-07-07,354,CD_CENTRO
SKU_046,2025-07-14,0,CD_CENTRO
SKU_046,2025-07-21,0,CD_CENTRO
SKU_046,2025-07-28,0,CD_CENTRO
SKU_046,2025-08-04,0,CD_CENTRO
SKU_046,2025-08-11,0,CD_CENTRO
SKU_046,2025-08-18,0,CD_CENTRO
SKU_046,2025-08-25,0,CD_CENTRO
SKU_046,2025-09-01,0,CD_CENTRO
SKU_046,2025-09-08,0,CD_CENTRO
SKU_046,2025-09-15,250,CD_CENTRO
SKU_046,2025-09-22,0,CD_CENTRO
SKU_046,2025-09-29,0,CD_CENTRO
SKU_046,2025-10-06,114,CD_CENTRO
SKU_046,2025-10-13,0,CD_CENTRO
SKU_046,2025-10-20,100,CD_CENTRO
SKU_046,2025-10-27,0,CD_CENTRO
SKU_046,2025-11-03,0,CD_CENTRO
SKU_046,2025-11-10,44,CD_CENTRO
SKU_046,2025-11-17,324,CD_CENTRO
SKU_046,2025-11-24,0,CD_CENTRO
SKU_046,2025-12-01,333,CD_CENTRO
SKU_046,2025-12-08,24,CD_CENTRO
SKU_046,2025-12-15,82,CD_CENTRO
SKU_046,2025-12-22,255,CD_CENTRO
SKU_046,2025-12-29,49,CD_CENTRO
SKU_046,2024-01-08,0,CD_SUR
SKU_046,2024-01-15,0,CD_SUR
SKU_046,2024-01-22,0,CD_SUR
SKU_046,2024-01-29,58,CD_SUR
SKU_046,2024-02-05,0,CD_SUR
SKU_046,2024-02-12,0,CD_SUR
SKU_046,2024-02-19,148,CD_SUR
SKU_046,2024-02-26,66,CD_SUR
SKU_046,2024-03-04,123,CD_SUR
SKU_046,2024-03-11,0,CD_SUR
SKU_046,2024-03-18,0,CD_SUR
SKU_046,2024-03-25,0,CD_SUR
SKU_046,2024-04-01,0,CD_SUR
SKU_046,2024-04-08,0,CD_SUR
SKU_046,2024-04-15,0,CD_SUR
SKU_046,2024-04-22,0,CD_SUR
SKU_046,2024-04-29,0,CD_SUR
SKU_046,2024-05-06,0,CD_SUR
SKU_046,2024-05-13,35,CD_SUR
SKU_046,2024-05-20,0,CD_SUR
SKU_046,2024-05-27,0,CD_SUR
SKU_046,2024-06-03,0,CD_SUR
SKU_046,2024-06-10,0,CD_SUR
SKU_046,2024-06-17,0,CD_SUR
SKU_046,2024-06-24,0,CD_SUR
SKU_046,2024-07-01,0,CD_SUR
SKU_046,2024-07-08,0,CD_SUR
SKU_046,2024-07-15,0,CD_SUR
SKU_046,2024-07-22,0,CD_SUR
SKU_046,2024-07-29,167,CD_SUR
SKU_046,2024-08-05,0,CD_SUR
SKU_046,2024-08-12,0,CD_SUR
SKU_046,2024-08-19,109,CD_SUR
SKU_046,2024-08-26,0,CD_SUR
SKU_046,2024-09-02,0,CD_SUR
SKU_046,2024-09-09,0,CD_SUR
SKU_046,2024-09-16,0,CD_SUR
SKU_046,2024-09-23,0,CD_SUR
SKU_046,2024-09-30,0,CD_SUR
SKU_046,2024-10-07,52,CD_SUR
SKU_046,2024-10-14,0,CD_SUR
SKU_046,2024-10-21,0,CD_SUR
SKU_046,2024-10-28,222,CD_SUR
SKU_046,2024-11-04,0,CD_SUR
SKU_046,2024-11-11,107,CD_SUR
SKU_046,2024-11-18,284,CD_SUR
SKU_046,2024-11-25,280,CD_SUR
SKU_046,2024-12-02,0,CD_SUR
SKU_046,2024-12-09,0,CD_SUR
SKU_046,2024-12-16,0,CD_SUR
SKU_046,2024-12-23,0,CD_SUR
SKU_046,2024-12-30,0,CD_SUR
SKU_046,2025-01-06,0,CD_SUR
SKU_046,2025-01-13,0,CD_SUR
SKU_046,2025-01-20,301,CD_SUR
SKU_046,2025-01-27,0,CD_SUR
SKU_046,2025-02-03,28,CD_SUR
SKU_046,2025-02-10,46,CD_SUR
SKU_046,2025-02-17,0,CD_SUR
SKU_046,2025-02-24,0,CD_SUR
SKU_046,2025-03-03,0,CD_SUR
SKU_046,2025-03-10,0,CD_SUR
SKU_046,2025-03-17,0,CD_SUR
SKU_046,2025-03-24,0,CD_SUR
SKU_046,2025-03-31,0,CD_SUR
SKU_046,2025-04-07,0,CD_SUR
SKU_046,2025-04-14,0,CD_SUR
SKU_046,2025-04-21,0,CD_SUR
SKU_046,2025-04-28,0,CD_SUR
SKU_046,2025-05-05,0,CD_SUR
SKU_046,2025-05-12,0,CD_SUR
SKU_046,2025-05-19,0,CD_SUR
SKU_046,2025-05-26,461,CD_SUR
SKU_046,2025-06-02,0,CD_SUR
SKU_046,2025-06-09,0,CD_SUR
SKU_046,2025-06-16,0,CD_SUR
SKU_046,2025-06-23,0,CD_SUR
SKU_046,2025-06-30,90,CD_SUR
SKU_046,2025-07-07,0,CD_SUR
SKU_046,2025-07-14,0,CD_SUR
SKU_046,2025-07-21,0,CD_SUR
SKU_046,2025-07-28,0,CD_SUR
SKU_046,2025-08-04,0,CD_SUR
SKU_046,2025-08-11,0,CD_SUR
SKU_046,2025-08-18,0,CD_SUR
SKU_046,2025-08-25,0,CD_SUR
SKU_046,2025-09-01,74,CD_SUR
SKU_046,2025-09-08,0,CD_SUR
SKU_046,2025-09-15,185,CD_SUR
SKU_046,2025-09-22,51,CD_SUR
SKU_046,2025-09-29,0,CD_SUR
SKU_046,2025-10-06,0,CD_SUR
SKU_046,2025-10-13,0,CD_SUR
SKU_046,2025-10-20,153,CD_SUR
SKU_046,2025-10-27,212,CD_SUR
SKU_046,2025-11-03,0,CD_SUR
SKU_046,2025-11-10,0,CD_SUR
SKU_046,2025-11-17,0,CD_SUR
SKU_046,2025-11-24,0,CD_SUR
SKU_046,2025-12-01,185,CD_SUR
SKU_046,2025-12-08,78,CD_SUR
SKU_046,2025-12-15,0,CD_SUR
SKU_046,2025-12-22,88,CD_SUR
SKU_046,2025-12-29,0,CD_SUR
SKU_047,2024-01-08,0,CD_NORTE
SKU_047,2024-01-15,0,CD_NORTE
SKU_047,2024-01-22,0,CD_NORTE
SKU_047,2024-01-29,0,CD_NORTE
SKU_047,2024-02-05,0,CD_NORTE
SKU_047,2024-02-12,0,CD_NORTE
SKU_047,2024-02-19,0,CD_NORTE
SKU_047,2024-02-26,0,CD_NORTE
SKU_047,2024-03-04,0,CD_NORTE
SKU_047,2024-03-11,0,CD_NORTE
SKU_047,2024-03-18,105,CD_NORTE
SKU_047,2024-03-25,0,CD_NORTE
SKU_047,2024-04-01,0,CD_NORTE
SKU_047,2024-04-08,0,CD_NORTE
SKU_047,2024-04-15,0,CD_NORTE
SKU_047,2024-04-22,114,CD_NORTE
SKU_047,2024-04-29,0,CD_NORTE
SKU_047,2024-05-06,71,CD_NORTE
SKU_047,2024-05-13,130,CD_NORTE
SKU_047,2024-05-20,0,CD_NORTE
SKU_047,2024-05-27,0,CD_NORTE
SKU_047,2024-06-03,0,CD_NORTE
SKU_047,2024-06-10,268,CD_NORTE
SKU_047,2024-06-17,0,CD_NORTE
SKU_047,2024-06-24,0,CD_NORTE
SKU_047,2024-07-01,105,CD_NORTE
SKU_047,2024-07-08,0,CD_NORTE
SKU_047,2024-07-15,229,CD_NORTE
SKU_047,2024-07-22,0,CD_NORTE
SKU_047,2024-07-29,0,CD_NORTE
SKU_047,2024-08-05,0,CD_NORTE
SKU_047,2024-08-12,0,CD_NORTE
SKU_047,2024-08-19,0,CD_NORTE
SKU_047,2024-08-26,0,CD_NORTE
SKU_047,2024-09-02,0,CD_NORTE
SKU_047,2024-09-09,0,CD_NORTE
SKU_047,2024-09-16,0,CD_NORTE
SKU_047,2024-09-23,0,CD_NORTE
SKU_047,2024-09-30,289,CD_NORTE
SKU_047,2024-10-07,51,CD_NORTE
SKU_047,2024-10-14,0,CD_NORTE
SKU_047,2024-10-21,38,CD_NORTE
SKU_047,2024-10-28,0,CD_NORTE
SKU_047,2024-11-04,0,CD_NORTE
SKU_047,2024-11-11,0,CD_NORTE
SKU_047,2024-11-18,0,CD_NORTE
SKU_047,2024-11-25,0,CD_NORTE
SKU_047,2024-12-02,0,CD_NORTE
SKU_047,2024-12-09,0,CD_NORTE
SKU_047,2024-12-16,0,CD_NORTE
SKU_047,2024-12-23,0,CD_NORTE
SKU_047,2024-12-30,99,CD_NORTE
SKU_047,2025-01-06,124,CD_NORTE
SKU_047,2025-01-13,94,CD_NORTE
SKU_047,2025-01-20,62,CD_NORTE
SKU_047,2025-01-27,0,CD_NORTE
SKU_047,2025-02-03,0,CD_NORTE
SKU_047,2025-02-10,0,CD_NORTE
SKU_047,2025-02-17,0,CD_NORTE
SKU_047,2025-02-24,0,CD_NORTE
SKU_047,2025-03-03,0,CD_NORTE
SKU_047,2025-03-10,0,CD_NORTE
SKU_047,2025-03-17,0,CD_NORTE
SKU_047,2025-03-24,0,CD_NORTE
SKU_047,2025-03-31,0,CD_NORTE
SKU_047,2025-04-07,0,CD_NORTE
SKU_047,2025-04-14,148,CD_NORTE
SKU_047,2025-04-21,0,CD_NORTE
SKU_047,2025-04-28,0,CD_NORTE
SKU_047,2025-05-05,24,CD_NORTE
SKU_047,2025-05-12,0,CD_NORTE
SKU_047,2025-05-19,0,CD_NORTE
SKU_047,2025-05-26,0,CD_NORTE
SKU_047,2025-06-02,0,CD_NORTE
SKU_047,2025-06-09,0,CD_NORTE
SKU_047,2025-06-16,0,CD_NORTE
SKU_047,2025-06-23,0,CD_NORTE
SKU_047,2025-06-30,0,CD_NORTE
SKU_047,2025-07-07,0,CD_NORTE
SKU_047,2025-07-14,0,CD_NORTE
SKU_047,2025-07-21,0,CD_NORTE
SKU_047,2025-07-28,0,CD_NORTE
SKU_047,2025-08-04,0,CD_NORTE
SKU_047,2025-08-11,0,CD_NORTE
SKU_047,2025-08-18,366,CD_NORTE
SKU_047,2025-08-25,0,CD_NORTE
SKU_047,2025-09-01,0,CD_NORTE
SKU_047,2025-09-08,0,CD_NORTE
SKU_047,2025-09-15,0,CD_NORTE
SKU_047,2025-09-22,0,CD_NORTE
SKU_047,2025-09-29,0,CD_NORTE
SKU_047,2025-10-06,0,CD_NORTE
SKU_047,2025-10-13,0,CD_NORTE
SKU_047,2025-10-20,72,CD_NORTE
SKU_047,2025-10-27,296,CD_NORTE
SKU_047,2025-11-03,0,CD_NORTE
SKU_047,2025-11-10,0,CD_NORTE
SKU_047,2025-11-17,0,CD_NORTE
SKU_047,2025-11-24,0,CD_NORTE
SKU_047,2025-12-01,33,CD_NORTE
SKU_047,2025-12-08,0,CD_NORTE
SKU_047,2025-12-15,0,CD_NORTE
SKU_047,2025-12-22,48,CD_NORTE
SKU_047,2025-12-29,50,CD_NORTE
SKU_047,2024-01-08,169,CD_CENTRO
SKU_047,2024-01-15,0,CD_CENTRO
SKU_047,2024-01-22,0,CD_CENTRO
SKU_047,2024-01-29,85,CD_CENTRO
SKU_047,2024-02-05,0,CD_CENTRO
SKU_047,2024-02-12,0,CD_CENTRO
SKU_047,2024-02-19,49,CD_CENTRO
SKU_047,2024-02-26,0,CD_CENTRO
SKU_047,2024-03-04,181,CD_CENTRO
SKU_047,2024-03-11,0,CD_CENTRO
SKU_047,2024-03-18,84,CD_CENTRO
SKU_047,2024-03-25,0,CD_CENTRO
SKU_047,2024-04-01,0,CD_CENTRO
SKU_047,2024-04-08,0,CD_CENTRO
SKU_047,2024-04-15,0,CD_CENTRO
SKU_047,2024-04-22,0,CD_CENTRO
SKU_047,2024-04-29,0,CD_CENTRO
SKU_047,2024-05-06,0,CD_CENTRO
SKU_047,2024-05-13,0,CD_CENTRO
SKU_047,2024-05-20,0,CD_CENTRO
SKU_047,2024-05-27,0,CD_CENTRO
SKU_047,2024-06-03,0,CD_CENTRO
SKU_047,2024-06-10,0,CD_CENTRO
SKU_047,2024-06-17,0,CD_CENTRO
SKU_047,2024-06-24,0,CD_CENTRO
SKU_047,2024-07-01,0,CD_CENTRO
SKU_047,2024-07-08,140,CD_CENTRO
SKU_047,2024-07-15,0,CD_CENTRO
SKU_047,2024-07-22,0,CD_CENTRO
SKU_047,2024-07-29,51,CD_CENTRO
SKU_047,2024-08-05,0,CD_CENTRO
SKU_047,2024-08-12,0,CD_CENTRO
SKU_047,2024-08-19,0,CD_CENTRO
SKU_047,2024-08-26,260,CD_CENTRO
SKU_047,2024-09-02,0,CD_CENTRO
SKU_047,2024-09-09,89,CD_CENTRO
SKU_047,2024-09-16,0,CD_CENTRO
SKU_047,2024-09-23,0,CD_CENTRO
SKU_047,2024-09-30,0,CD_CENTRO
SKU_047,2024-10-07,0,CD_CENTRO
SKU_047,2024-10-14,0,CD_CENTRO
SKU_047,2024-10-21,0,CD_CENTRO
SKU_047,2024-10-28,280,CD_CENTRO
SKU_047,2024-11-04,0,CD_CENTRO
SKU_047,2024-11-11,153,CD_CENTRO
SKU_047,2024-11-18,0,CD_CENTRO
SKU_047,2024-11-25,0,CD_CENTRO
SKU_047,2024-12-02,0,CD_CENTRO
SKU_047,2024-12-09,0,CD_CENTRO
SKU_047,2024-12-16,37,CD_CENTRO
SKU_047,2024-12-23,134,CD_CENTRO
SKU_047,2024-12-30,0,CD_CENTRO
SKU_047,2025-01-06,0,CD_CENTRO
SKU_047,2025-01-13,273,CD_CENTRO
SKU_047,2025-01-20,0,CD_CENTRO
SKU_047,2025-01-27,0,CD_CENTRO
SKU_047,2025-02-03,0,CD_CENTRO
SKU_047,2025-02-10,0,CD_CENTRO
SKU_047,2025-02-17,0,CD_CENTRO
SKU_047,2025-02-24,190,CD_CENTRO
SKU_047,2025-03-03,91,CD_CENTRO
SKU_047,2025-03-10,358,CD_CENTRO
SKU_047,2025-03-17,65,CD_CENTRO
SKU_047,2025-03-24,0,CD_CENTRO
SKU_047,2025-03-31,0,CD_CENTRO
SKU_047,2025-04-07,0,CD_CENTRO
SKU_047,2025-04-14,0,CD_CENTRO
SKU_047,2025-04-21,86,CD_CENTRO
SKU_047,2025-04-28,170,CD_CENTRO
SKU_047,2025-05-05,0,CD_CENTRO
SKU_047,2025-05-12,50,CD_CENTRO
SKU_047,2025-05-19,0,CD_CENTRO
SKU_047,2025-05-26,0,CD_CENTRO
SKU_047,2025-06-02,0,CD_CENTRO
SKU_047,2025-06-09,0,CD_CENTRO
SKU_047,2025-06-16,96,CD_CENTRO
SKU_047,2025-06-23,0,CD_CENTRO
SKU_047,2025-06-30,0,CD_CENTRO
SKU_047,2025-07-07,0,CD_CENTRO
SKU_047,2025-07-14,0,CD_CENTRO
SKU_047,2025-07-21,157,CD_CENTRO
SKU_047,2025-07-28,0,CD_CENTRO
SKU_047,2025-08-04,0,CD_CENTRO
SKU_047,2025-08-11,0,CD_CENTRO
SKU_047,2025-08-18,0,CD_CENTRO
SKU_047,2025-08-25,127,CD_CENTRO
SKU_047,2025-09-01,37,CD_CENTRO
SKU_047,2025-09-08,0,CD_CENTRO
SKU_047,2025-09-15,0,CD_CENTRO
SKU_047,2025-09-22,0,CD_CENTRO
SKU_047,2025-09-29,0,CD_CENTRO
SKU_047,2025-10-06,0,CD_CENTRO
SKU_047,2025-10-13,0,CD_CENTRO
SKU_047,2025-10-20,0,CD_CENTRO
SKU_047,2025-10-27,0,CD_CENTRO
SKU_047,2025-11-03,136,CD_CENTRO
SKU_047,2025-11-10,0,CD_CENTRO
SKU_047,2025-11-17,0,CD_CENTRO
SKU_047,2025-11-24,123,CD_CENTRO
SKU_047,2025-12-01,0,CD_CENTRO
SKU_047,2025-12-08,0,CD_CENTRO
SKU_047,2025-12-15,0,CD_CENTRO
SKU_047,2025-12-22,0,CD_CENTRO
SKU_047,2025-12-29,0,CD_CENTRO
SKU_047,2024-01-08,262,CD_SUR
SKU_047,2024-01-15,0,CD_SUR
SKU_047,2024-01-22,0,CD_SUR
SKU_047,2024-01-29,38,CD_SUR
SKU_047,2024-02-05,0,CD_SUR
SKU_047,2024-02-12,0,CD_SUR
SKU_047,2024-02-19,86,CD_SUR
SKU_047,2024-02-26,0,CD_SUR
SKU_047,2024-03-04,0,CD_SUR
SKU_047,2024-03-11,0,CD_SUR
SKU_047,2024-03-18,0,CD_SUR
SKU_047,2024-03-25,108,CD_SUR
SKU_047,2024-04-01,44,CD_SUR
SKU_047,2024-04-08,0,CD_SUR
SKU_047,2024-04-15,0,CD_SUR
SKU_047,2024-04-22,0,CD_SUR
SKU_047,2024-04-29,0,CD_SUR
SKU_047,2024-05-06,0,CD_SUR
SKU_047,2024-05-13,0,CD_SUR
SKU_047,2024-05-20,0,CD_SUR
SKU_047,2024-05-27,190,CD_SUR
SKU_047,2024-06-03,64,CD_SUR
SKU_047,2024-06-10,90,CD_SUR
SKU_047,2024-06-17,0,CD_SUR
SKU_047,2024-06-24,46,CD_SUR
SKU_047,2024-07-01,112,CD_SUR
SKU_047,2024-07-08,129,CD_SUR
SKU_047,2024-07-15,179,CD_SUR
SKU_047,2024-07-22,0,CD_SUR
SKU_047,2024-07-29,63,CD_SUR
SKU_047,2024-08-05,0,CD_SUR
SKU_047,2024-08-12,124,CD_SUR
SKU_047,2024-08-19,0,CD_SUR
SKU_047,2024-08-26,160,CD_SUR
SKU_047,2024-09-02,0,CD_SUR
SKU_047,2024-09-09,0,CD_SUR
SKU_047,2024-09-16,0,CD_SUR
SKU_047,2024-09-23,0,CD_SUR
SKU_047,2024-09-30,0,CD_SUR
SKU_047,2024-10-07,190,CD_SUR
SKU_047,2024-10-14,0,CD_SUR
SKU_047,2024-10-21,0,CD_SUR
SKU_047,2024-10-28,0,CD_SUR
SKU_047,2024-11-04,0,CD_SUR
SKU_047,2024-11-11,0,CD_SUR
SKU_047,2024-11-18,0,CD_SUR
SKU_047,2024-11-25,0,CD_SUR
SKU_047,2024-12-02,0,CD_SUR
SKU_047,2024-12-09,0,CD_SUR
SKU_047,2024-12-16,0,CD_SUR
SKU_047,2024-12-23,82,CD_SUR
SKU_047,2024-12-30,0,CD_SUR
SKU_047,2025-01-06,0,CD_SUR
SKU_047,2025-01-13,0,CD_SUR
SKU_047,2025-01-20,0,CD_SUR
SKU_047,2025-01-27,40,CD_SUR
SKU_047,2025-02-03,53,CD_SUR
SKU_047,2025-02-10,193,CD_SUR
SKU_047,2025-02-17,0,CD_SUR
SKU_047,2025-02-24,0,CD_SUR
SKU_047,2025-03-03,0,CD_SUR
SKU_047,2025-03-10,0,CD_SUR
SKU_047,2025-03-17,0,CD_SUR
SKU_047,2025-03-24,0,CD_SUR
SKU_047,2025-03-31,0,CD_SUR
SKU_047,2025-04-07,71,CD_SUR
SKU_047,2025-04-14,0,CD_SUR
SKU_047,2025-04-21,0,CD_SUR
SKU_047,2025-04-28,0,CD_SUR
SKU_047,2025-05-05,0,CD_SUR
SKU_047,2025-05-12,36,CD_SUR
SKU_047,2025-05-19,63,CD_SUR
SKU_047,2025-05-26,184,CD_SUR
SKU_047,2025-06-02,117,CD_SUR
SKU_047,2025-06-09,0,CD_SUR
SKU_047,2025-06-16,108,CD_SUR
SKU_047,2025-06-23,141,CD_SUR
SKU_047,2025-06-30,0,CD_SUR
SKU_047,2025-07-07,0,CD_SUR
SKU_047,2025-07-14,0,CD_SUR
SKU_047,2025-07-21,0,CD_SUR
SKU_047,2025-07-28,0,CD_SUR
SKU_047,2025-08-04,37,CD_SUR
SKU_047,2025-08-11,0,CD_SUR
SKU_047,2025-08-18,0,CD_SUR
SKU_047,2025-08-25,0,CD_SUR
SKU_047,2025-09-01,0,CD_SUR
SKU_047,2025-09-08,0,CD_SUR
SKU_047,2025-09-15,0,CD_SUR
SKU_047,2025-09-22,0,CD_SUR
SKU_047,2025-09-29,0,CD_SUR
SKU_047,2025-10-06,0,CD_SUR
SKU_047,2025-10-13,0,CD_SUR
SKU_047,2025-10-20,0,CD_SUR
SKU_047,2025-10-27,78,CD_SUR
SKU_047,2025-11-03,67,CD_SUR
SKU_047,2025-11-10,69,CD_SUR
SKU_047,2025-11-17,0,CD_SUR
SKU_047,2025-11-24,0,CD_SUR
SKU_047,2025-12-01,0,CD_SUR
SKU_047,2025-12-08,0,CD_SUR
SKU_047,2025-12-15,0,CD_SUR
SKU_047,2025-12-22,0,CD_SUR
SKU_047,2025-12-29,0,CD_SUR
SKU_048,2024-01-08,0,CD_NORTE
SKU_048,2024-01-15,0,CD_NORTE
SKU_048,2024-01-22,62,CD_NORTE
SKU_048,2024-01-29,0,CD_NORTE
SKU_048,2024-02-05,0,CD_NORTE
SKU_048,2024-02-12,105,CD_NORTE
SKU_048,2024-02-19,0,CD_NORTE
SKU_048,2024-02-26,0,CD_NORTE
SKU_048,2024-03-04,0,CD_NORTE
SKU_048,2024-03-11,101,CD_NORTE
SKU_048,2024-03-18,118,CD_NORTE
SKU_048,2024-03-25,69,CD_NORTE
SKU_048,2024-04-01,0,CD_NORTE
SKU_048,2024-04-08,0,CD_NORTE
SKU_048,2024-04-15,149,CD_NORTE
SKU_048,2024-04-22,0,CD_NORTE
SKU_048,2024-04-29,92,CD_NORTE
SKU_048,2024-05-06,138,CD_NORTE
SKU_048,2024-05-13,0,CD_NORTE
SKU_048,2024-05-20,60,CD_NORTE
SKU_048,2024-05-27,90,CD_NORTE
SKU_048,2024-06-03,0,CD_NORTE
SKU_048,2024-06-10,0,CD_NORTE
SKU_048,2024-06-17,0,CD_NORTE
SKU_048,2024-06-24,0,CD_NORTE
SKU_048,2024-07-01,0,CD_NORTE
SKU_048,2024-07-08,0,CD_NORTE
SKU_048,2024-07-15,0,CD_NORTE
SKU_048,2024-07-22,0,CD_NORTE
SKU_048,2024-07-29,0,CD_NORTE
SKU_048,2024-08-05,0,CD_NORTE
SKU_048,2024-08-12,0,CD_NORTE
SKU_048,2024-08-19,0,CD_NORTE
SKU_048,2024-08-26,0,CD_NORTE
SKU_048,2024-09-02,0,CD_NORTE
SKU_048,2024-09-09,62,CD_NORTE
SKU_048,2024-09-16,0,CD_NORTE
SKU_048,2024-09-23,0,CD_NORTE
SKU_048,2024-09-30,232,CD_NORTE
SKU_048,2024-10-07,0,CD_NORTE
SKU_048,2024-10-14,0,CD_NORTE
SKU_048,2024-10-21,0,CD_NORTE
SKU_048,2024-10-28,0,CD_NORTE
SKU_048,2024-11-04,0,CD_NORTE
SKU_048,2024-11-11,89,CD_NORTE
SKU_048,2024-11-18,69,CD_NORTE
SKU_048,2024-11-25,0,CD_NORTE
SKU_048,2024-12-02,0,CD_NORTE
SKU_048,2024-12-09,0,CD_NORTE
SKU_048,2024-12-16,0,CD_NORTE
SKU_048,2024-12-23,0,CD_NORTE
SKU_048,2024-12-30,0,CD_NORTE
SKU_048,2025-01-06,0,CD_NORTE
SKU_048,2025-01-13,41,CD_NORTE
SKU_048,2025-01-20,138,CD_NORTE
SKU_048,2025-01-27,52,CD_NORTE
SKU_048,2025-02-03,501,CD_NORTE
SKU_048,2025-02-10,0,CD_NORTE
SKU_048,2025-02-17,0,CD_NORTE
SKU_048,2025-02-24,0,CD_NORTE
SKU_048,2025-03-03,0,CD_NORTE
SKU_048,2025-03-10,0,CD_NORTE
SKU_048,2025-03-17,0,CD_NORTE
SKU_048,2025-03-24,102,CD_NORTE
SKU_048,2025-03-31,0,CD_NORTE
SKU_048,2025-04-07,74,CD_NORTE
SKU_048,2025-04-14,144,CD_NORTE
SKU_048,2025-04-21,0,CD_NORTE
SKU_048,2025-04-28,0,CD_NORTE
SKU_048,2025-05-05,53,CD_NORTE
SKU_048,2025-05-12,0,CD_NORTE
SKU_048,2025-05-19,0,CD_NORTE
SKU_048,2025-05-26,211,CD_NORTE
SKU_048,2025-06-02,0,CD_NORTE
SKU_048,2025-06-09,0,CD_NORTE
SKU_048,2025-06-16,0,CD_NORTE
SKU_048,2025-06-23,0,CD_NORTE
SKU_048,2025-06-30,66,CD_NORTE
SKU_048,2025-07-07,475,CD_NORTE
SKU_048,2025-07-14,114,CD_NORTE
SKU_048,2025-07-21,0,CD_NORTE
SKU_048,2025-07-28,233,CD_NORTE
SKU_048,2025-08-04,40,CD_NORTE
SKU_048,2025-08-11,91,CD_NORTE
SKU_048,2025-08-18,0,CD_NORTE
SKU_048,2025-08-25,161,CD_NORTE
SKU_048,2025-09-01,151,CD_NORTE
SKU_048,2025-09-08,0,CD_NORTE
SKU_048,2025-09-15,0,CD_NORTE
SKU_048,2025-09-22,64,CD_NORTE
SKU_048,2025-09-29,70,CD_NORTE
SKU_048,2025-10-06,0,CD_NORTE
SKU_048,2025-10-13,0,CD_NORTE
SKU_048,2025-10-20,0,CD_NORTE
SKU_048,2025-10-27,53,CD_NORTE
SKU_048,2025-11-03,137,CD_NORTE
SKU_048,2025-11-10,0,CD_NORTE
SKU_048,2025-11-17,0,CD_NORTE
SKU_048,2025-11-24,0,CD_NORTE
SKU_048,2025-12-01,0,CD_NORTE
SKU_048,2025-12-08,0,CD_NORTE
SKU_048,2025-12-15,0,CD_NORTE
SKU_048,2025-12-22,0,CD_NORTE
SKU_048,2025-12-29,0,CD_NORTE
SKU_048,2024-01-08,0,CD_CENTRO
SKU_048,2024-01-15,104,CD_CENTRO
SKU_048,2024-01-22,0,CD_CENTRO
SKU_048,2024-01-29,0,CD_CENTRO
SKU_048,2024-02-05,368,CD_CENTRO
SKU_048,2024-02-12,0,CD_CENTRO
SKU_048,2024-02-19,0,CD_CENTRO
SKU_048,2024-02-26,63,CD_CENTRO
SKU_048,2024-03-04,47,CD_CENTRO
SKU_048,2024-03-11,0,CD_CENTRO
SKU_048,2024-03-18,49,CD_CENTRO
SKU_048,2024-03-25,122,CD_CENTRO
SKU_048,2024-04-01,0,CD_CENTRO
SKU_048,2024-04-08,0,CD_CENTRO
SKU_048,2024-04-15,0,CD_CENTRO
SKU_048,2024-04-22,0,CD_CENTRO
SKU_048,2024-04-29,0,CD_CENTRO
SKU_048,2024-05-06,0,CD_CENTRO
SKU_048,2024-05-13,0,CD_CENTRO
SKU_048,2024-05-20,339,CD_CENTRO
SKU_048,2024-05-27,139,CD_CENTRO
SKU_048,2024-06-03,0,CD_CENTRO
SKU_048,2024-06-10,0,CD_CENTRO
SKU_048,2024-06-17,79,CD_CENTRO
SKU_048,2024-06-24,122,CD_CENTRO
SKU_048,2024-07-01,0,CD_CENTRO
SKU_048,2024-07-08,134,CD_CENTRO
SKU_048,2024-07-15,0,CD_CENTRO
SKU_048,2024-07-22,113,CD_CENTRO
SKU_048,2024-07-29,63,CD_CENTRO
SKU_048,2024-08-05,0,CD_CENTRO
SKU_048,2024-08-12,0,CD_CENTRO
SKU_048,2024-08-19,0,CD_CENTRO
SKU_048,2024-08-26,0,CD_CENTRO
SKU_048,2024-09-02,0,CD_CENTRO
SKU_048,2024-09-09,0,CD_CENTRO
SKU_048,2024-09-16,0,CD_CENTRO
SKU_048,2024-09-23,0,CD_CENTRO
SKU_048,2024-09-30,138,CD_CENTRO
SKU_048,2024-10-07,0,CD_CENTRO
SKU_048,2024-10-14,0,CD_CENTRO
SKU_048,2024-10-21,0,CD_CENTRO
SKU_048,2024-10-28,93,CD_CENTRO
SKU_048,2024-11-04,0,CD_CENTRO
SKU_048,2024-11-11,0,CD_CENTRO
SKU_048,2024-11-18,23,CD_CENTRO
SKU_048,2024-11-25,101,CD_CENTRO
SKU_048,2024-12-02,0,CD_CENTRO
SKU_048,2024-12-09,0,CD_CENTRO
SKU_048,2024-12-16,473,CD_CENTRO
SKU_048,2024-12-23,0,CD_CENTRO
SKU_048,2024-12-30,72,CD_CENTRO
SKU_048,2025-01-06,0,CD_CENTRO
SKU_048,2025-01-13,0,CD_CENTRO
SKU_048,2025-01-20,0,CD_CENTRO
SKU_048,2025-01-27,0,CD_CENTRO
SKU_048,2025-02-03,381,CD_CENTRO
SKU_048,2025-02-10,0,CD_CENTRO
SKU_048,2025-02-17,59,CD_CENTRO
SKU_048,2025-02-24,0,CD_CENTRO
SKU_048,2025-03-03,0,CD_CENTRO
SKU_048,2025-03-10,0,CD_CENTRO
SKU_048,2025-03-17,0,CD_CENTRO
SKU_048,2025-03-24,156,CD_CENTRO
SKU_048,2025-03-31,0,CD_CENTRO
SKU_048,2025-04-07,36,CD_CENTRO
SKU_048,2025-04-14,0,CD_CENTRO
SKU_048,2025-04-21,60,CD_CENTRO
SKU_048,2025-04-28,118,CD_CENTRO
SKU_048,2025-05-05,130,CD_CENTRO
SKU_048,2025-05-12,0,CD_CENTRO
SKU_048,2025-05-19,181,CD_CENTRO
SKU_048,2025-05-26,0,CD_CENTRO
SKU_048,2025-06-02,128,CD_CENTRO
SKU_048,2025-06-09,136,CD_CENTRO
SKU_048,2025-06-16,0,CD_CENTRO
SKU_048,2025-06-23,0,CD_CENTRO
SKU_048,2025-06-30,292,CD_CENTRO
SKU_048,2025-07-07,103,CD_CENTRO
SKU_048,2025-07-14,0,CD_CENTRO
SKU_048,2025-07-21,0,CD_CENTRO
SKU_048,2025-07-28,0,CD_CENTRO
SKU_048,2025-08-04,72,CD_CENTRO
SKU_048,2025-08-11,0,CD_CENTRO
SKU_048,2025-08-18,38,CD_CENTRO
SKU_048,2025-08-25,0,CD_CENTRO
SKU_048,2025-09-01,0,CD_CENTRO
SKU_048,2025-09-08,0,CD_CENTRO
SKU_048,2025-09-15,0,CD_CENTRO
SKU_048,2025-09-22,0,CD_CENTRO
SKU_048,2025-09-29,87,CD_CENTRO
SKU_048,2025-10-06,164,CD_CENTRO
SKU_048,2025-10-13,0,CD_CENTRO
SKU_048,2025-10-20,0,CD_CENTRO
SKU_048,2025-10-27,31,CD_CENTRO
SKU_048,2025-11-03,0,CD_CENTRO
SKU_048,2025-11-10,0,CD_CENTRO
SKU_048,2025-11-17,0,CD_CENTRO
SKU_048,2025-11-24,0,CD_CENTRO
SKU_048,2025-12-01,0,CD_CENTRO
SKU_048,2025-12-08,36,CD_CENTRO
SKU_048,2025-12-15,0,CD_CENTRO
SKU_048,2025-12-22,0,CD_CENTRO
SKU_048,2025-12-29,47,CD_CENTRO
SKU_048,2024-01-08,0,CD_SUR
SKU_048,2024-01-15,0,CD_SUR
SKU_048,2024-01-22,0,CD_SUR
SKU_048,2024-01-29,0,CD_SUR
SKU_048,2024-02-05,330,CD_SUR
SKU_048,2024-02-12,117,CD_SUR
SKU_048,2024-02-19,208,CD_SUR
SKU_048,2024-02-26,0,CD_SUR
SKU_048,2024-03-04,0,CD_SUR
SKU_048,2024-03-11,0,CD_SUR
SKU_048,2024-03-18,0,CD_SUR
SKU_048,2024-03-25,112,CD_SUR
SKU_048,2024-04-01,0,CD_SUR
SKU_048,2024-04-08,226,CD_SUR
SKU_048,2024-04-15,126,CD_SUR
SKU_048,2024-04-22,0,CD_SUR
SKU_048,2024-04-29,0,CD_SUR
SKU_048,2024-05-06,45,CD_SUR
SKU_048,2024-05-13,0,CD_SUR
SKU_048,2024-05-20,0,CD_SUR
SKU_048,2024-05-27,273,CD_SUR
SKU_048,2024-06-03,55,CD_SUR
SKU_048,2024-06-10,0,CD_SUR
SKU_048,2024-06-17,0,CD_SUR
SKU_048,2024-06-24,0,CD_SUR
SKU_048,2024-07-01,92,CD_SUR
SKU_048,2024-07-08,0,CD_SUR
SKU_048,2024-07-15,0,CD_SUR
SKU_048,2024-07-22,0,CD_SUR
SKU_048,2024-07-29,112,CD_SUR
SKU_048,2024-08-05,0,CD_SUR
SKU_048,2024-08-12,0,CD_SUR
SKU_048,2024-08-19,0,CD_SUR
SKU_048,2024-08-26,0,CD_SUR
SKU_048,2024-09-02,0,CD_SUR
SKU_048,2024-09-09,0,CD_SUR
SKU_048,2024-09-16,0,CD_SUR
SKU_048,2024-09-23,0,CD_SUR
SKU_048,2024-09-30,0,CD_SUR
SKU_048,2024-10-07,0,CD_SUR
SKU_048,2024-10-14,0,CD_SUR
SKU_048,2024-10-21,26,CD_SUR
SKU_048,2024-10-28,0,CD_SUR
SKU_048,2024-11-04,41,CD_SUR
SKU_048,2024-11-11,186,CD_SUR
SKU_048,2024-11-18,65,CD_SUR
SKU_048,2024-11-25,0,CD_SUR
SKU_048,2024-12-02,0,CD_SUR
SKU_048,2024-12-09,91,CD_SUR
SKU_048,2024-12-16,0,CD_SUR
SKU_048,2024-12-23,132,CD_SUR
SKU_048,2024-12-30,0,CD_SUR
SKU_048,2025-01-06,88,CD_SUR
SKU_048,2025-01-13,0,CD_SUR
SKU_048,2025-01-20,0,CD_SUR
SKU_048,2025-01-27,0,CD_SUR
SKU_048,2025-02-03,0,CD_SUR
SKU_048,2025-02-10,0,CD_SUR
SKU_048,2025-02-17,0,CD_SUR
SKU_048,2025-02-24,0,CD_SUR
SKU_048,2025-03-03,173,CD_SUR
SKU_048,2025-03-10,256,CD_SUR
SKU_048,2025-03-17,37,CD_SUR
SKU_048,2025-03-24,0,CD_SUR
SKU_048,2025-03-31,0,CD_SUR
SKU_048,2025-04-07,138,CD_SUR
SKU_048,2025-04-14,87,CD_SUR
SKU_048,2025-04-21,0,CD_SUR
SKU_048,2025-04-28,116,CD_SUR
SKU_048,2025-05-05,0,CD_SUR
SKU_048,2025-05-12,0,CD_SUR
SKU_048,2025-05-19,0,CD_SUR
SKU_048,2025-05-26,96,CD_SUR
SKU_048,2025-06-02,0,CD_SUR
SKU_048,2025-06-09,0,CD_SUR
SKU_048,2025-06-16,64,CD_SUR
SKU_048,2025-06-23,0,CD_SUR
SKU_048,2025-06-30,0,CD_SUR
SKU_048,2025-07-07,39,CD_SUR
SKU_048,2025-07-14,0,CD_SUR
SKU_048,2025-07-21,102,CD_SUR
SKU_048,2025-07-28,0,CD_SUR
SKU_048,2025-08-04,0,CD_SUR
SKU_048,2025-08-11,33,CD_SUR
SKU_048,2025-08-18,45,CD_SUR
SKU_048,2025-08-25,0,CD_SUR
SKU_048,2025-09-01,0,CD_SUR
SKU_048,2025-09-08,0,CD_SUR
SKU_048,2025-09-15,0,CD_SUR
SKU_048,2025-09-22,0,CD_SUR
SKU_048,2025-09-29,445,CD_SUR
SKU_048,2025-10-06,0,CD_SUR
SKU_048,2025-10-13,0,CD_SUR
SKU_048,2025-10-20,0,CD_SUR
SKU_048,2025-10-27,83,CD_SUR
SKU_048,2025-11-03,0,CD_SUR
SKU_048,2025-11-10,0,CD_SUR
SKU_048,2025-11-17,0,CD_SUR
SKU_048,2025-11-24,0,CD_SUR
SKU_048,2025-12-01,0,CD_SUR
SKU_048,2025-12-08,125,CD_SUR
SKU_048,2025-12-15,0,CD_SUR
SKU_048,2025-12-22,67,CD_SUR
SKU_048,2025-12-29,243,CD_SUR
SKU_049,2024-01-08,97,CD_NORTE
SKU_049,2024-01-15,0,CD_NORTE
SKU_049,2024-01-22,60,CD_NORTE
SKU_049,2024-01-29,0,CD_NORTE
SKU_049,2024-02-05,0,CD_NORTE
SKU_049,2024-02-12,0,CD_NORTE
SKU_049,2024-02-19,0,CD_NORTE
SKU_049,2024-02-26,54,CD_NORTE
SKU_049,2024-03-04,0,CD_NORTE
SKU_049,2024-03-11,0,CD_NORTE
SKU_049,2024-03-18,0,CD_NORTE
SKU_049,2024-03-25,0,CD_NORTE
SKU_049,2024-04-01,102,CD_NORTE
SKU_049,2024-04-08,0,CD_NORTE
SKU_049,2024-04-15,0,CD_NORTE
SKU_049,2024-04-22,0,CD_NORTE
SKU_049,2024-04-29,0,CD_NORTE
SKU_049,2024-05-06,0,CD_NORTE
SKU_049,2024-05-13,123,CD_NORTE
SKU_049,2024-05-20,0,CD_NORTE
SKU_049,2024-05-27,0,CD_NORTE
SKU_049,2024-06-03,45,CD_NORTE
SKU_049,2024-06-10,91,CD_NORTE
SKU_049,2024-06-17,0,CD_NORTE
SKU_049,2024-06-24,67,CD_NORTE
SKU_049,2024-07-01,27,CD_NORTE
SKU_049,2024-07-08,0,CD_NORTE
SKU_049,2024-07-15,0,CD_NORTE
SKU_049,2024-07-22,57,CD_NORTE
SKU_049,2024-07-29,0,CD_NORTE
SKU_049,2024-08-05,0,CD_NORTE
SKU_049,2024-08-12,0,CD_NORTE
SKU_049,2024-08-19,0,CD_NORTE
SKU_049,2024-08-26,0,CD_NORTE
SKU_049,2024-09-02,38,CD_NORTE
SKU_049,2024-09-09,0,CD_NORTE
SKU_049,2024-09-16,49,CD_NORTE
SKU_049,2024-09-23,201,CD_NORTE
SKU_049,2024-09-30,0,CD_NORTE
SKU_049,2024-10-07,91,CD_NORTE
SKU_049,2024-10-14,0,CD_NORTE
SKU_049,2024-10-21,0,CD_NORTE
SKU_049,2024-10-28,0,CD_NORTE
SKU_049,2024-11-04,58,CD_NORTE
SKU_049,2024-11-11,0,CD_NORTE
SKU_049,2024-11-18,0,CD_NORTE
SKU_049,2024-11-25,0,CD_NORTE
SKU_049,2024-12-02,0,CD_NORTE
SKU_049,2024-12-09,54,CD_NORTE
SKU_049,2024-12-16,67,CD_NORTE
SKU_049,2024-12-23,0,CD_NORTE
SKU_049,2024-12-30,208,CD_NORTE
SKU_049,2025-01-06,0,CD_NORTE
SKU_049,2025-01-13,0,CD_NORTE
SKU_049,2025-01-20,0,CD_NORTE
SKU_049,2025-01-27,0,CD_NORTE
SKU_049,2025-02-03,0,CD_NORTE
SKU_049,2025-02-10,0,CD_NORTE
SKU_049,2025-02-17,0,CD_NORTE
SKU_049,2025-02-24,0,CD_NORTE
SKU_049,2025-03-03,0,CD_NORTE
SKU_049,2025-03-10,0,CD_NORTE
SKU_049,2025-03-17,0,CD_NORTE
SKU_049,2025-03-24,0,CD_NORTE
SKU_049,2025-03-31,74,CD_NORTE
SKU_049,2025-04-07,58,CD_NORTE
SKU_049,2025-04-14,77,CD_NORTE
SKU_049,2025-04-21,113,CD_NORTE
SKU_049,2025-04-28,0,CD_NORTE
SKU_049,2025-05-05,43,CD_NORTE
SKU_049,2025-05-12,0,CD_NORTE
SKU_049,2025-05-19,0,CD_NORTE
SKU_049,2025-05-26,129,CD_NORTE
SKU_049,2025-06-02,91,CD_NORTE
SKU_049,2025-06-09,0,CD_NORTE
SKU_049,2025-06-16,0,CD_NORTE
SKU_049,2025-06-23,0,CD_NORTE
SKU_049,2025-06-30,0,CD_NORTE
SKU_049,2025-07-07,0,CD_NORTE
SKU_049,2025-07-14,0,CD_NORTE
SKU_049,2025-07-21,45,CD_NORTE
SKU_049,2025-07-28,0,CD_NORTE
SKU_049,2025-08-04,146,CD_NORTE
SKU_049,2025-08-11,0,CD_NORTE
SKU_049,2025-08-18,0,CD_NORTE
SKU_049,2025-08-25,0,CD_NORTE
SKU_049,2025-09-01,146,CD_NORTE
SKU_049,2025-09-08,0,CD_NORTE
SKU_049,2025-09-15,0,CD_NORTE
SKU_049,2025-09-22,0,CD_NORTE
SKU_049,2025-09-29,144,CD_NORTE
SKU_049,2025-10-06,0,CD_NORTE
SKU_049,2025-10-13,0,CD_NORTE
SKU_049,2025-10-20,0,CD_NORTE
SKU_049,2025-10-27,0,CD_NORTE
SKU_049,2025-11-03,0,CD_NORTE
SKU_049,2025-11-10,88,CD_NORTE
SKU_049,2025-11-17,109,CD_NORTE
SKU_049,2025-11-24,0,CD_NORTE
SKU_049,2025-12-01,0,CD_NORTE
SKU_049,2025-12-08,87,CD_NORTE
SKU_049,2025-12-15,0,CD_NORTE
SKU_049,2025-12-22,0,CD_NORTE
SKU_049,2025-12-29,157,CD_NORTE
SKU_049,2024-01-08,0,CD_CENTRO
SKU_049,2024-01-15,0,CD_CENTRO
SKU_049,2024-01-22,110,CD_CENTRO
SKU_049,2024-01-29,0,CD_CENTRO
SKU_049,2024-02-05,0,CD_CENTRO
SKU_049,2024-02-12,0,CD_CENTRO
SKU_049,2024-02-19,0,CD_CENTRO
SKU_049,2024-02-26,202,CD_CENTRO
SKU_049,2024-03-04,101,CD_CENTRO
SKU_049,2024-03-11,122,CD_CENTRO
SKU_049,2024-03-18,267,CD_CENTRO
SKU_049,2024-03-25,0,CD_CENTRO
SKU_049,2024-04-01,191,CD_CENTRO
SKU_049,2024-04-08,0,CD_CENTRO
SKU_049,2024-04-15,0,CD_CENTRO
SKU_049,2024-04-22,0,CD_CENTRO
SKU_049,2024-04-29,58,CD_CENTRO
SKU_049,2024-05-06,0,CD_CENTRO
SKU_049,2024-05-13,0,CD_CENTRO
SKU_049,2024-05-20,0,CD_CENTRO
SKU_049,2024-05-27,0,CD_CENTRO
SKU_049,2024-06-03,176,CD_CENTRO
SKU_049,2024-06-10,95,CD_CENTRO
SKU_049,2024-06-17,0,CD_CENTRO
SKU_049,2024-06-24,0,CD_CENTRO
SKU_049,2024-07-01,0,CD_CENTRO
SKU_049,2024-07-08,0,CD_CENTRO
SKU_049,2024-07-15,0,CD_CENTRO
SKU_049,2024-07-22,0,CD_CENTRO
SKU_049,2024-07-29,181,CD_CENTRO
SKU_049,2024-08-05,0,CD_CENTRO
SKU_049,2024-08-12,99,CD_CENTRO
SKU_049,2024-08-19,0,CD_CENTRO
SKU_049,2024-08-26,0,CD_CENTRO
SKU_049,2024-09-02,0,CD_CENTRO
SKU_049,2024-09-09,0,CD_CENTRO
SKU_049,2024-09-16,0,CD_CENTRO
SKU_049,2024-09-23,0,CD_CENTRO
SKU_049,2024-09-30,0,CD_CENTRO
SKU_049,2024-10-07,0,CD_CENTRO
SKU_049,2024-10-14,0,CD_CENTRO
SKU_049,2024-10-21,0,CD_CENTRO
SKU_049,2024-10-28,52,CD_CENTRO
SKU_049,2024-11-04,106,CD_CENTRO
SKU_049,2024-11-11,113,CD_CENTRO
SKU_049,2024-11-18,0,CD_CENTRO
SKU_049,2024-11-25,0,CD_CENTRO
SKU_049,2024-12-02,0,CD_CENTRO
SKU_049,2024-12-09,0,CD_CENTRO
SKU_049,2024-12-16,0,CD_CENTRO
SKU_049,2024-12-23,120,CD_CENTRO
SKU_049,2024-12-30,233,CD_CENTRO
SKU_049,2025-01-06,0,CD_CENTRO
SKU_049,2025-01-13,0,CD_CENTRO
SKU_049,2025-01-20,262,CD_CENTRO
SKU_049,2025-01-27,0,CD_CENTRO
SKU_049,2025-02-03,0,CD_CENTRO
SKU_049,2025-02-10,0,CD_CENTRO
SKU_049,2025-02-17,108,CD_CENTRO
SKU_049,2025-02-24,0,CD_CENTRO
SKU_049,2025-03-03,0,CD_CENTRO
SKU_049,2025-03-10,0,CD_CENTRO
SKU_049,2025-03-17,0,CD_CENTRO
SKU_049,2025-03-24,0,CD_CENTRO
SKU_049,2025-03-31,0,CD_CENTRO
SKU_049,2025-04-07,91,CD_CENTRO
SKU_049,2025-04-14,97,CD_CENTRO
SKU_049,2025-04-21,0,CD_CENTRO
SKU_049,2025-04-28,0,CD_CENTRO
SKU_049,2025-05-05,0,CD_CENTRO
SKU_049,2025-05-12,0,CD_CENTRO
SKU_049,2025-05-19,111,CD_CENTRO
SKU_049,2025-05-26,324,CD_CENTRO
SKU_049,2025-06-02,0,CD_CENTRO
SKU_049,2025-06-09,0,CD_CENTRO
SKU_049,2025-06-16,0,CD_CENTRO
SKU_049,2025-06-23,0,CD_CENTRO
SKU_049,2025-06-30,0,CD_CENTRO
SKU_049,2025-07-07,0,CD_CENTRO
SKU_049,2025-07-14,0,CD_CENTRO
SKU_049,2025-07-21,0,CD_CENTRO
SKU_049,2025-07-28,137,CD_CENTRO
SKU_049,2025-08-04,0,CD_CENTRO
SKU_049,2025-08-11,0,CD_CENTRO
SKU_049,2025-08-18,0,CD_CENTRO
SKU_049,2025-08-25,78,CD_CENTRO
SKU_049,2025-09-01,100,CD_CENTRO
SKU_049,2025-09-08,0,CD_CENTRO
SKU_049,2025-09-15,0,CD_CENTRO
SKU_049,2025-09-22,0,CD_CENTRO
SKU_049,2025-09-29,0,CD_CENTRO
SKU_049,2025-10-06,0,CD_CENTRO
SKU_049,2025-10-13,0,CD_CENTRO
SKU_049,2025-10-20,0,CD_CENTRO
SKU_049,2025-10-27,144,CD_CENTRO
SKU_049,2025-11-03,124,CD_CENTRO
SKU_049,2025-11-10,0,CD_CENTRO
SKU_049,2025-11-17,126,CD_CENTRO
SKU_049,2025-11-24,0,CD_CENTRO
SKU_049,2025-12-01,0,CD_CENTRO
SKU_049,2025-12-08,56,CD_CENTRO
SKU_049,2025-12-15,0,CD_CENTRO
SKU_049,2025-12-22,0,CD_CENTRO
SKU_049,2025-12-29,44,CD_CENTRO
SKU_049,2024-01-08,0,CD_SUR
SKU_049,2024-01-15,0,CD_SUR
SKU_049,2024-01-22,126,CD_SUR
SKU_049,2024-01-29,0,CD_SUR
SKU_049,2024-02-05,0,CD_SUR
SKU_049,2024-02-12,0,CD_SUR
SKU_049,2024-02-19,38,CD_SUR
SKU_049,2024-02-26,0,CD_SUR
SKU_049,2024-03-04,0,CD_SUR
SKU_049,2024-03-11,0,CD_SUR
SKU_049,2024-03-18,0,CD_SUR
SKU_049,2024-03-25,0,CD_SUR
SKU_049,2024-04-01,63,CD_SUR
SKU_049,2024-04-08,0,CD_SUR
SKU_049,2024-04-15,0,CD_SUR
SKU_049,2024-04-22,190,CD_SUR
SKU_049,2024-04-29,0,CD_SUR
SKU_049,2024-05-06,0,CD_SUR
SKU_049,2024-05-13,0,CD_SUR
SKU_049,2024-05-20,106,CD_SUR
SKU_049,2024-05-27,0,CD_SUR
SKU_049,2024-06-03,0,CD_SUR
SKU_049,2024-06-10,0,CD_SUR
SKU_049,2024-06-17,0,CD_SUR
SKU_049,2024-06-24,0,CD_SUR
SKU_049,2024-07-01,0,CD_SUR
SKU_049,2024-07-08,0,CD_SUR
SKU_049,2024-07-15,0,CD_SUR
SKU_049,2024-07-22,0,CD_SUR
SKU_049,2024-07-29,548,CD_SUR
SKU_049,2024-08-05,0,CD_SUR
SKU_049,2024-08-12,0,CD_SUR
SKU_049,2024-08-19,0,CD_SUR
SKU_049,2024-08-26,0,CD_SUR
SKU_049,2024-09-02,0,CD_SUR
SKU_049,2024-09-09,0,CD_SUR
SKU_049,2024-09-16,71,CD_SUR
SKU_049,2024-09-23,82,CD_SUR
SKU_049,2024-09-30,0,CD_SUR
SKU_049,2024-10-07,0,CD_SUR
SKU_049,2024-10-14,0,CD_SUR
SKU_049,2024-10-21,0,CD_SUR
SKU_049,2024-10-28,0,CD_SUR
SKU_049,2024-11-04,0,CD_SUR
SKU_049,2024-11-11,0,CD_SUR
SKU_049,2024-11-18,59,CD_SUR
SKU_049,2024-11-25,0,CD_SUR
SKU_049,2024-12-02,0,CD_SUR
SKU_049,2024-12-09,0,CD_SUR
SKU_049,2024-12-16,0,CD_SUR
SKU_049,2024-12-23,0,CD_SUR
SKU_049,2024-12-30,0,CD_SUR
SKU_049,2025-01-06,0,CD_SUR
SKU_049,2025-01-13,0,CD_SUR
SKU_049,2025-01-20,0,CD_SUR
SKU_049,2025-01-27,55,CD_SUR
SKU_049,2025-02-03,0,CD_SUR
SKU_049,2025-02-10,0,CD_SUR
SKU_049,2025-02-17,0,CD_SUR
SKU_049,2025-02-24,0,CD_SUR
SKU_049,2025-03-03,0,CD_SUR
SKU_049,2025-03-10,0,CD_SUR
SKU_049,2025-03-17,0,CD_SUR
SKU_049,2025-03-24,0,CD_SUR
SKU_049,2025-03-31,0,CD_SUR
SKU_049,2025-04-07,0,CD_SUR
SKU_049,2025-04-14,0,CD_SUR
SKU_049,2025-04-21,0,CD_SUR
SKU_049,2025-04-28,0,CD_SUR
SKU_049,2025-05-05,0,CD_SUR
SKU_049,2025-05-12,0,CD_SUR
SKU_049,2025-05-19,0,CD_SUR
SKU_049,2025-05-26,0,CD_SUR
SKU_049,2025-06-02,0,CD_SUR
SKU_049,2025-06-09,0,CD_SUR
SKU_049,2025-06-16,0,CD_SUR
SKU_049,2025-06-23,0,CD_SUR
SKU_049,2025-06-30,302,CD_SUR
SKU_049,2025-07-07,0,CD_SUR
SKU_049,2025-07-14,0,CD_SUR
SKU_049,2025-07-21,0,CD_SUR
SKU_049,2025-07-28,173,CD_SUR
SKU_049,2025-08-04,0,CD_SUR
SKU_049,2025-08-11,67,CD_SUR
SKU_049,2025-08-18,0,CD_SUR
SKU_049,2025-08-25,144,CD_SUR
SKU_049,2025-09-01,0,CD_SUR
SKU_049,2025-09-08,0,CD_SUR
SKU_049,2025-09-15,0,CD_SUR
SKU_049,2025-09-22,0,CD_SUR
SKU_049,2025-09-29,0,CD_SUR
SKU_049,2025-10-06,0,CD_SUR
SKU_049,2025-10-13,0,CD_SUR
SKU_049,2025-10-20,0,CD_SUR
SKU_049,2025-10-27,0,CD_SUR
SKU_049,2025-11-03,0,CD_SUR
SKU_049,2025-11-10,370,CD_SUR
SKU_049,2025-11-17,0,CD_SUR
SKU_049,2025-11-24,0,CD_SUR
SKU_049,2025-12-01,0,CD_SUR
SKU_049,2025-12-08,38,CD_SUR
SKU_049,2025-12-15,0,CD_SUR
SKU_049,2025-12-22,0,CD_SUR
SKU_049,2025-12-29,0,CD_SUR
SKU_050,2024-01-08,0,CD_NORTE
SKU_050,2024-01-15,451,CD_NORTE
SKU_050,2024-01-22,0,CD_NORTE
SKU_050,2024-01-29,0,CD_NORTE
SKU_050,2024-02-05,0,CD_NORTE
SKU_050,2024-02-12,152,CD_NORTE
SKU_050,2024-02-19,212,CD_NORTE
SKU_050,2024-02-26,0,CD_NORTE
SKU_050,2024-03-04,45,CD_NORTE
SKU_050,2024-03-11,81,CD_NORTE
SKU_050,2024-03-18,0,CD_NORTE
SKU_050,2024-03-25,0,CD_NORTE
SKU_050,2024-04-01,0,CD_NORTE
SKU_050,2024-04-08,0,CD_NORTE
SKU_050,2024-04-15,0,CD_NORTE
SKU_050,2024-04-22,0,CD_NORTE
SKU_050,2024-04-29,0,CD_NORTE
SKU_050,2024-05-06,0,CD_NORTE
SKU_050,2024-05-13,35,CD_NORTE
SKU_050,2024-05-20,67,CD_NORTE
SKU_050,2024-05-27,0,CD_NORTE
SKU_050,2024-06-03,0,CD_NORTE
SKU_050,2024-06-10,0,CD_NORTE
SKU_050,2024-06-17,0,CD_NORTE
SKU_050,2024-06-24,429,CD_NORTE
SKU_050,2024-07-01,50,CD_NORTE
SKU_050,2024-07-08,112,CD_NORTE
SKU_050,2024-07-15,0,CD_NORTE
SKU_050,2024-07-22,0,CD_NORTE
SKU_050,2024-07-29,0,CD_NORTE
SKU_050,2024-08-05,0,CD_NORTE
SKU_050,2024-08-12,0,CD_NORTE
SKU_050,2024-08-19,0,CD_NORTE
SKU_050,2024-08-26,0,CD_NORTE
SKU_050,2024-09-02,0,CD_NORTE
SKU_050,2024-09-09,0,CD_NORTE
SKU_050,2024-09-16,0,CD_NORTE
SKU_050,2024-09-23,0,CD_NORTE
SKU_050,2024-09-30,0,CD_NORTE
SKU_050,2024-10-07,0,CD_NORTE
SKU_050,2024-10-14,0,CD_NORTE
SKU_050,2024-10-21,0,CD_NORTE
SKU_050,2024-10-28,29,CD_NORTE
SKU_050,2024-11-04,0,CD_NORTE
SKU_050,2024-11-11,0,CD_NORTE
SKU_050,2024-11-18,160,CD_NORTE
SKU_050,2024-11-25,0,CD_NORTE
SKU_050,2024-12-02,0,CD_NORTE
SKU_050,2024-12-09,0,CD_NORTE
SKU_050,2024-12-16,0,CD_NORTE
SKU_050,2024-12-23,0,CD_NORTE
SKU_050,2024-12-30,0,CD_NORTE
SKU_050,2025-01-06,48,CD_NORTE
SKU_050,2025-01-13,0,CD_NORTE
SKU_050,2025-01-20,0,CD_NORTE
SKU_050,2025-01-27,0,CD_NORTE
SKU_050,2025-02-03,42,CD_NORTE
SKU_050,2025-02-10,0,CD_NORTE
SKU_050,2025-02-17,85,CD_NORTE
SKU_050,2025-02-24,0,CD_NORTE
SKU_050,2025-03-03,0,CD_NORTE
SKU_050,2025-03-10,0,CD_NORTE
SKU_050,2025-03-17,191,CD_NORTE
SKU_050,2025-03-24,0,CD_NORTE
SKU_050,2025-03-31,0,CD_NORTE
SKU_050,2025-04-07,54,CD_NORTE
SKU_050,2025-04-14,0,CD_NORTE
SKU_050,2025-04-21,0,CD_NORTE
SKU_050,2025-04-28,0,CD_NORTE
SKU_050,2025-05-05,0,CD_NORTE
SKU_050,2025-05-12,51,CD_NORTE
SKU_050,2025-05-19,0,CD_NORTE
SKU_050,2025-05-26,0,CD_NORTE
SKU_050,2025-06-02,0,CD_NORTE
SKU_050,2025-06-09,0,CD_NORTE
SKU_050,2025-06-16,50,CD_NORTE
SKU_050,2025-06-23,392,CD_NORTE
SKU_050,2025-06-30,0,CD_NORTE
SKU_050,2025-07-07,0,CD_NORTE
SKU_050,2025-07-14,119,CD_NORTE
SKU_050,2025-07-21,0,CD_NORTE
SKU_050,2025-07-28,0,CD_NORTE
SKU_050,2025-08-04,153,CD_NORTE
SKU_050,2025-08-11,142,CD_NORTE
SKU_050,2025-08-18,46,CD_NORTE
SKU_050,2025-08-25,0,CD_NORTE
SKU_050,2025-09-01,0,CD_NORTE
SKU_050,2025-09-08,0,CD_NORTE
SKU_050,2025-09-15,0,CD_NORTE
SKU_050,2025-09-22,0,CD_NORTE
SKU_050,2025-09-29,110,CD_NORTE
SKU_050,2025-10-06,0,CD_NORTE
SKU_050,2025-10-13,62,CD_NORTE
SKU_050,2025-10-20,0,CD_NORTE
SKU_050,2025-10-27,0,CD_NORTE
SKU_050,2025-11-03,91,CD_NORTE
SKU_050,2025-11-10,0,CD_NORTE
SKU_050,2025-11-17,0,CD_NORTE
SKU_050,2025-11-24,0,CD_NORTE
SKU_050,2025-12-01,127,CD_NORTE
SKU_050,2025-12-08,120,CD_NORTE
SKU_050,2025-12-15,0,CD_NORTE
SKU_050,2025-12-22,0,CD_NORTE
SKU_050,2025-12-29,55,CD_NORTE
SKU_050,2024-01-08,0,CD_CENTRO
SKU_050,2024-01-15,0,CD_CENTRO
SKU_050,2024-01-22,0,CD_CENTRO
SKU_050,2024-01-29,0,CD_CENTRO
SKU_050,2024-02-05,0,CD_CENTRO
SKU_050,2024-02-12,0,CD_CENTRO
SKU_050,2024-02-19,46,CD_CENTRO
SKU_050,2024-02-26,0,CD_CENTRO
SKU_050,2024-03-04,55,CD_CENTRO
SKU_050,2024-03-11,0,CD_CENTRO
SKU_050,2024-03-18,0,CD_CENTRO
SKU_050,2024-03-25,0,CD_CENTRO
SKU_050,2024-04-01,0,CD_CENTRO
SKU_050,2024-04-08,133,CD_CENTRO
SKU_050,2024-04-15,0,CD_CENTRO
SKU_050,2024-04-22,0,CD_CENTRO
SKU_050,2024-04-29,98,CD_CENTRO
SKU_050,2024-05-06,0,CD_CENTRO
SKU_050,2024-05-13,74,CD_CENTRO
SKU_050,2024-05-20,0,CD_CENTRO
SKU_050,2024-05-27,0,CD_CENTRO
SKU_050,2024-06-03,0,CD_CENTRO
SKU_050,2024-06-10,102,CD_CENTRO
SKU_050,2024-06-17,93,CD_CENTRO
SKU_050,2024-06-24,279,CD_CENTRO
SKU_050,2024-07-01,32,CD_CENTRO
SKU_050,2024-07-08,0,CD_CENTRO
SKU_050,2024-07-15,0,CD_CENTRO
SKU_050,2024-07-22,0,CD_CENTRO
SKU_050,2024-07-29,0,CD_CENTRO
SKU_050,2024-08-05,64,CD_CENTRO
SKU_050,2024-08-12,0,CD_CENTRO
SKU_050,2024-08-19,104,CD_CENTRO
SKU_050,2024-08-26,0,CD_CENTRO
SKU_050,2024-09-02,169,CD_CENTRO
SKU_050,2024-09-09,0,CD_CENTRO
SKU_050,2024-09-16,142,CD_CENTRO
SKU_050,2024-09-23,0,CD_CENTRO
SKU_050,2024-09-30,0,CD_CENTRO
SKU_050,2024-10-07,0,CD_CENTRO
SKU_050,2024-10-14,0,CD_CENTRO
SKU_050,2024-10-21,0,CD_CENTRO
SKU_050,2024-10-28,0,CD_CENTRO
SKU_050,2024-11-04,0,CD_CENTRO
SKU_050,2024-11-11,326,CD_CENTRO
SKU_050,2024-11-18,0,CD_CENTRO
SKU_050,2024-11-25,0,CD_CENTRO
SKU_050,2024-12-02,0,CD_CENTRO
SKU_050,2024-12-09,0,CD_CENTRO
SKU_050,2024-12-16,0,CD_CENTRO
SKU_050,2024-12-23,186,CD_CENTRO
SKU_050,2024-12-30,113,CD_CENTRO
SKU_050,2025-01-06,0,CD_CENTRO
SKU_050,2025-01-13,0,CD_CENTRO
SKU_050,2025-01-20,44,CD_CENTRO
SKU_050,2025-01-27,107,CD_CENTRO
SKU_050,2025-02-03,0,CD_CENTRO
SKU_050,2025-02-10,161,CD_CENTRO
SKU_050,2025-02-17,0,CD_CENTRO
SKU_050,2025-02-24,211,CD_CENTRO
SKU_050,2025-03-03,368,CD_CENTRO
SKU_050,2025-03-10,0,CD_CENTRO
SKU_050,2025-03-17,0,CD_CENTRO
SKU_050,2025-03-24,0,CD_CENTRO
SKU_050,2025-03-31,0,CD_CENTRO
SKU_050,2025-04-07,0,CD_CENTRO
SKU_050,2025-04-14,0,CD_CENTRO
SKU_050,2025-04-21,0,CD_CENTRO
SKU_050,2025-04-28,0,CD_CENTRO
SKU_050,2025-05-05,0,CD_CENTRO
SKU_050,2025-05-12,0,CD_CENTRO
SKU_050,2025-05-19,0,CD_CENTRO
SKU_050,2025-05-26,0,CD_CENTRO
SKU_050,2025-06-02,0,CD_CENTRO
SKU_050,2025-06-09,0,CD_CENTRO
SKU_050,2025-06-16,142,CD_CENTRO
SKU_050,2025-06-23,0,CD_CENTRO
SKU_050,2025-06-30,124,CD_CENTRO
SKU_050,2025-07-07,42,CD_CENTRO
SKU_050,2025-07-14,0,CD_CENTRO
SKU_050,2025-07-21,0,CD_CENTRO
SKU_050,2025-07-28,0,CD_CENTRO
SKU_050,2025-08-04,0,CD_CENTRO
SKU_050,2025-08-11,0,CD_CENTRO
SKU_050,2025-08-18,50,CD_CENTRO
SKU_050,2025-08-25,45,CD_CENTRO
SKU_050,2025-09-01,0,CD_CENTRO
SKU_050,2025-09-08,0,CD_CENTRO
SKU_050,2025-09-15,0,CD_CENTRO
SKU_050,2025-09-22,54,CD_CENTRO
SKU_050,2025-09-29,72,CD_CENTRO
SKU_050,2025-10-06,79,CD_CENTRO
SKU_050,2025-10-13,0,CD_CENTRO
SKU_050,2025-10-20,142,CD_CENTRO
SKU_050,2025-10-27,0,CD_CENTRO
SKU_050,2025-11-03,0,CD_CENTRO
SKU_050,2025-11-10,0,CD_CENTRO
SKU_050,2025-11-17,121,CD_CENTRO
SKU_050,2025-11-24,124,CD_CENTRO
SKU_050,2025-12-01,0,CD_CENTRO
SKU_050,2025-12-08,0,CD_CENTRO
SKU_050,2025-12-15,0,CD_CENTRO
SKU_050,2025-12-22,0,CD_CENTRO
SKU_050,2025-12-29,0,CD_CENTRO
SKU_050,2024-01-08,126,CD_SUR
SKU_050,2024-01-15,262,CD_SUR
SKU_050,2024-01-22,0,CD_SUR
SKU_050,2024-01-29,493,CD_SUR
SKU_050,2024-02-05,0,CD_SUR
SKU_050,2024-02-12,0,CD_SUR
SKU_050,2024-02-19,0,CD_SUR
SKU_050,2024-02-26,0,CD_SUR
SKU_050,2024-03-04,0,CD_SUR
SKU_050,2024-03-11,0,CD_SUR
SKU_050,2024-03-18,0,CD_SUR
SKU_050,2024-03-25,0,CD_SUR
SKU_050,2024-04-01,0,CD_SUR
SKU_050,2024-04-08,0,CD_SUR
SKU_050,2024-04-15,0,CD_SUR
SKU_050,2024-04-22,0,CD_SUR
SKU_050,2024-04-29,0,CD_SUR
SKU_050,2024-05-06,0,CD_SUR
SKU_050,2024-05-13,0,CD_SUR
SKU_050,2024-05-20,0,CD_SUR
SKU_050,2024-05-27,0,CD_SUR
SKU_050,2024-06-03,0,CD_SUR
SKU_050,2024-06-10,0,CD_SUR
SKU_050,2024-06-17,198,CD_SUR
SKU_050,2024-06-24,0,CD_SUR
SKU_050,2024-07-01,87,CD_SUR
SKU_050,2024-07-08,0,CD_SUR
SKU_050,2024-07-15,0,CD_SUR
SKU_050,2024-07-22,0,CD_SUR
SKU_050,2024-07-29,0,CD_SUR
SKU_050,2024-08-05,174,CD_SUR
SKU_050,2024-08-12,0,CD_SUR
SKU_050,2024-08-19,0,CD_SUR
SKU_050,2024-08-26,226,CD_SUR
SKU_050,2024-09-02,0,CD_SUR
SKU_050,2024-09-09,0,CD_SUR
SKU_050,2024-09-16,83,CD_SUR
SKU_050,2024-09-23,0,CD_SUR
SKU_050,2024-09-30,0,CD_SUR
SKU_050,2024-10-07,174,CD_SUR
SKU_050,2024-10-14,0,CD_SUR
SKU_050,2024-10-21,0,CD_SUR
SKU_050,2024-10-28,0,CD_SUR
SKU_050,2024-11-04,0,CD_SUR
SKU_050,2024-11-11,88,CD_SUR
SKU_050,2024-11-18,0,CD_SUR
SKU_050,2024-11-25,77,CD_SUR
SKU_050,2024-12-02,0,CD_SUR
SKU_050,2024-12-09,0,CD_SUR
SKU_050,2024-12-16,0,CD_SUR
SKU_050,2024-12-23,0,CD_SUR
SKU_050,2024-12-30,0,CD_SUR
SKU_050,2025-01-06,0,CD_SUR
SKU_050,2025-01-13,0,CD_SUR
SKU_050,2025-01-20,0,CD_SUR
SKU_050,2025-01-27,0,CD_SUR
SKU_050,2025-02-03,0,CD_SUR
SKU_050,2025-02-10,0,CD_SUR
SKU_050,2025-02-17,0,CD_SUR
SKU_050,2025-02-24,117,CD_SUR
SKU_050,2025-03-03,0,CD_SUR
SKU_050,2025-03-10,0,CD_SUR
SKU_050,2025-03-17,0,CD_SUR
SKU_050,2025-03-24,0,CD_SUR
SKU_050,2025-03-31,138,CD_SUR
SKU_050,2025-04-07,158,CD_SUR
SKU_050,2025-04-14,0,CD_SUR
SKU_050,2025-04-21,0,CD_SUR
SKU_050,2025-04-28,0,CD_SUR
SKU_050,2025-05-05,0,CD_SUR
SKU_050,2025-05-12,67,CD_SUR
SKU_050,2025-05-19,0,CD_SUR
SKU_050,2025-05-26,0,CD_SUR
SKU_050,2025-06-02,0,CD_SUR
SKU_050,2025-06-09,124,CD_SUR
SKU_050,2025-06-16,279,CD_SUR
SKU_050,2025-06-23,398,CD_SUR
SKU_050,2025-06-30,0,CD_SUR
SKU_050,2025-07-07,50,CD_SUR
SKU_050,2025-07-14,68,CD_SUR
SKU_050,2025-07-21,0,CD_SUR
SKU_050,2025-07-28,0,CD_SUR
SKU_050,2025-08-04,0,CD_SUR
SKU_050,2025-08-11,0,CD_SUR
SKU_050,2025-08-18,0,CD_SUR
SKU_050,2025-08-25,0,CD_SUR
SKU_050,2025-09-01,0,CD_SUR
SKU_050,2025-09-08,146,CD_SUR
SKU_050,2025-09-15,0,CD_SUR
SKU_050,2025-09-22,0,CD_SUR
SKU_050,2025-09-29,0,CD_SUR
SKU_050,2025-10-06,0,CD_SUR
SKU_050,2025-10-13,0,CD_SUR
SKU_050,2025-10-20,83,CD_SUR
SKU_050,2025-10-27,0,CD_SUR
SKU_050,2025-11-03,0,CD_SUR
SKU_050,2025-11-10,0,CD_SUR
SKU_050,2025-11-17,44,CD_SUR
SKU_050,2025-11-24,0,CD_SUR
SKU_050,2025-12-01,78,CD_SUR
SKU_050,2025-12-08,0,CD_SUR
SKU_050,2025-12-15,206,CD_SUR
SKU_050,2025-12-22,185,CD_SUR
SKU_050,2025-12-29,0,CD_SUR
SKU_051,2024-01-08,110,CD_CENTRO
SKU_051,2024-01-15,0,CD_CENTRO
SKU_051,2024-01-22,0,CD_CENTRO
SKU_051,2024-01-29,0,CD_CENTRO
SKU_051,2024-02-05,0,CD_CENTRO
SKU_051,2024-02-12,0,CD_CENTRO
SKU_051,2024-02-19,0,CD_CENTRO
SKU_051,2024-02-26,0,CD_CENTRO
SKU_051,2024-03-04,0,CD_CENTRO
SKU_051,2024-03-11,0,CD_CENTRO
SKU_051,2024-03-18,0,CD_CENTRO
SKU_051,2024-03-25,0,CD_CENTRO
SKU_051,2024-04-01,0,CD_CENTRO
SKU_051,2024-04-08,0,CD_CENTRO
SKU_051,2024-04-15,0,CD_CENTRO
SKU_051,2024-04-22,0,CD_CENTRO
SKU_051,2024-04-29,0,CD_CENTRO
SKU_051,2024-05-06,48,CD_CENTRO
SKU_051,2024-05-13,0,CD_CENTRO
SKU_051,2024-05-20,0,CD_CENTRO
SKU_051,2024-05-27,0,CD_CENTRO
SKU_051,2024-06-03,0,CD_CENTRO
SKU_051,2024-06-10,0,CD_CENTRO
SKU_051,2024-06-17,49,CD_CENTRO
SKU_051,2024-06-24,0,CD_CENTRO
SKU_051,2024-07-01,0,CD_CENTRO
SKU_051,2024-07-08,0,CD_CENTRO
SKU_051,2024-07-15,105,CD_CENTRO
SKU_051,2024-07-22,0,CD_CENTRO
SKU_051,2024-07-29,94,CD_CENTRO
SKU_051,2024-08-05,0,CD_CENTRO
SKU_051,2024-08-12,0,CD_CENTRO
SKU_051,2024-08-19,0,CD_CENTRO
SKU_051,2024-08-26,0,CD_CENTRO
SKU_051,2024-09-02,0,CD_CENTRO
SKU_051,2024-09-09,0,CD_CENTRO
SKU_051,2024-09-16,0,CD_CENTRO
SKU_051,2024-09-23,0,CD_CENTRO
SKU_051,2024-09-30,0,CD_CENTRO
SKU_051,2024-10-07,0,CD_CENTRO
SKU_051,2024-10-14,0,CD_CENTRO
SKU_051,2024-10-21,0,CD_CENTRO
SKU_051,2024-10-28,0,CD_CENTRO
SKU_051,2024-11-04,109,CD_CENTRO
SKU_051,2024-11-11,0,CD_CENTRO
SKU_051,2024-11-18,0,CD_CENTRO
SKU_051,2024-11-25,0,CD_CENTRO
SKU_051,2024-12-02,0,CD_CENTRO
SKU_051,2024-12-09,0,CD_CENTRO
SKU_051,2024-12-16,0,CD_CENTRO
SKU_051,2024-12-23,144,CD_CENTRO
SKU_051,2024-12-30,0,CD_CENTRO
SKU_051,2025-01-06,35,CD_CENTRO
SKU_051,2025-01-13,44,CD_CENTRO
SKU_051,2025-01-20,0,CD_CENTRO
SKU_051,2025-01-27,0,CD_CENTRO
SKU_051,2025-02-03,0,CD_CENTRO
SKU_051,2025-02-10,0,CD_CENTRO
SKU_051,2025-02-17,0,CD_CENTRO
SKU_051,2025-02-24,0,CD_CENTRO
SKU_051,2025-03-03,0,CD_CENTRO
SKU_051,2025-03-10,0,CD_CENTRO
SKU_051,2025-03-17,0,CD_CENTRO
SKU_051,2025-03-24,0,CD_CENTRO
SKU_051,2025-03-31,0,CD_CENTRO
SKU_051,2025-04-07,0,CD_CENTRO
SKU_051,2025-04-14,0,CD_CENTRO
SKU_051,2025-04-21,0,CD_CENTRO
SKU_051,2025-04-28,0,CD_CENTRO
SKU_051,2025-05-05,36,CD_CENTRO
SKU_051,2025-05-12,0,CD_CENTRO
SKU_051,2025-05-19,0,CD_CENTRO
SKU_051,2025-05-26,0,CD_CENTRO
SKU_051,2025-06-02,0,CD_CENTRO
SKU_051,2025-06-09,0,CD_CENTRO
SKU_051,2025-06-16,89,CD_CENTRO
SKU_051,2025-06-23,0,CD_CENTRO
SKU_051,2025-06-30,0,CD_CENTRO
SKU_051,2025-07-07,0,CD_CENTRO
SKU_051,2025-07-14,42,CD_CENTRO
SKU_051,2025-07-21,0,CD_CENTRO
SKU_051,2025-07-28,0,CD_CENTRO
SKU_051,2025-08-04,164,CD_CENTRO
SKU_051,2025-08-11,0,CD_CENTRO
SKU_051,2025-08-18,0,CD_CENTRO
SKU_051,2025-08-25,0,CD_CENTRO
SKU_051,2025-09-01,0,CD_CENTRO
SKU_051,2025-09-08,0,CD_CENTRO
SKU_051,2025-09-15,0,CD_CENTRO
SKU_051,2025-09-22,0,CD_CENTRO
SKU_051,2025-09-29,60,CD_CENTRO
SKU_051,2025-10-06,0,CD_CENTRO
SKU_051,2025-10-13,0,CD_CENTRO
SKU_051,2025-10-20,0,CD_CENTRO
SKU_051,2025-10-27,0,CD_CENTRO
SKU_051,2025-11-03,0,CD_CENTRO
SKU_051,2025-11-10,320,CD_CENTRO
SKU_051,2025-11-17,0,CD_CENTRO
SKU_051,2025-11-24,0,CD_CENTRO
SKU_051,2025-12-01,0,CD_CENTRO
SKU_051,2025-12-08,101,CD_CENTRO
SKU_051,2025-12-15,81,CD_CENTRO
SKU_051,2025-12-22,0,CD_CENTRO
SKU_051,2025-12-29,201,CD_CENTRO
SKU_051,2024-01-08,348,CD_NORTE
SKU_051,2024-01-15,0,CD_NORTE
SKU_051,2024-01-22,0,CD_NORTE
SKU_051,2024-01-29,0,CD_NORTE
SKU_051,2024-02-05,93,CD_NORTE
SKU_051,2024-02-12,0,CD_NORTE
SKU_051,2024-02-19,59,CD_NORTE
SKU_051,2024-02-26,0,CD_NORTE
SKU_051,2024-03-04,43,CD_NORTE
SKU_051,2024-03-11,0,CD_NORTE
SKU_051,2024-03-18,0,CD_NORTE
SKU_051,2024-03-25,50,CD_NORTE
SKU_051,2024-04-01,0,CD_NORTE
SKU_051,2024-04-08,0,CD_NORTE
SKU_051,2024-04-15,124,CD_NORTE
SKU_051,2024-04-22,0,CD_NORTE
SKU_051,2024-04-29,0,CD_NORTE
SKU_051,2024-05-06,314,CD_NORTE
SKU_051,2024-05-13,0,CD_NORTE
SKU_051,2024-05-20,0,CD_NORTE
SKU_051,2024-05-27,0,CD_NORTE
SKU_051,2024-06-03,0,CD_NORTE
SKU_051,2024-06-10,157,CD_NORTE
SKU_051,2024-06-17,0,CD_NORTE
SKU_051,2024-06-24,0,CD_NORTE
SKU_051,2024-07-01,0,CD_NORTE
SKU_051,2024-07-08,0,CD_NORTE
SKU_051,2024-07-15,0,CD_NORTE
SKU_051,2024-07-22,0,CD_NORTE
SKU_051,2024-07-29,0,CD_NORTE
SKU_051,2024-08-05,0,CD_NORTE
SKU_051,2024-08-12,0,CD_NORTE
SKU_051,2024-08-19,0,CD_NORTE
SKU_051,2024-08-26,530,CD_NORTE
SKU_051,2024-09-02,0,CD_NORTE
SKU_051,2024-09-09,0,CD_NORTE
SKU_051,2024-09-16,279,CD_NORTE
SKU_051,2024-09-23,0,CD_NORTE
SKU_051,2024-09-30,0,CD_NORTE
SKU_051,2024-10-07,0,CD_NORTE
SKU_051,2024-10-14,0,CD_NORTE
SKU_051,2024-10-21,0,CD_NORTE
SKU_051,2024-10-28,89,CD_NORTE
SKU_051,2024-11-04,0,CD_NORTE
SKU_051,2024-11-11,0,CD_NORTE
SKU_051,2024-11-18,0,CD_NORTE
SKU_051,2024-11-25,114,CD_NORTE
SKU_051,2024-12-02,0,CD_NORTE
SKU_051,2024-12-09,0,CD_NORTE
SKU_051,2024-12-16,0,CD_NORTE
SKU_051,2024-12-23,0,CD_NORTE
SKU_051,2024-12-30,0,CD_NORTE
SKU_051,2025-01-06,0,CD_NORTE
SKU_051,2025-01-13,0,CD_NORTE
SKU_051,2025-01-20,0,CD_NORTE
SKU_051,2025-01-27,138,CD_NORTE
SKU_051,2025-02-03,0,CD_NORTE
SKU_051,2025-02-10,0,CD_NORTE
SKU_051,2025-02-17,0,CD_NORTE
SKU_051,2025-02-24,0,CD_NORTE
SKU_051,2025-03-03,49,CD_NORTE
SKU_051,2025-03-10,0,CD_NORTE
SKU_051,2025-03-17,138,CD_NORTE
SKU_051,2025-03-24,108,CD_NORTE
SKU_051,2025-03-31,0,CD_NORTE
SKU_051,2025-04-07,0,CD_NORTE
SKU_051,2025-04-14,152,CD_NORTE
SKU_051,2025-04-21,0,CD_NORTE
SKU_051,2025-04-28,0,CD_NORTE
SKU_051,2025-05-05,126,CD_NORTE
SKU_051,2025-05-12,0,CD_NORTE
SKU_051,2025-05-19,0,CD_NORTE
SKU_051,2025-05-26,65,CD_NORTE
SKU_051,2025-06-02,0,CD_NORTE
SKU_051,2025-06-09,0,CD_NORTE
SKU_051,2025-06-16,133,CD_NORTE
SKU_051,2025-06-23,0,CD_NORTE
SKU_051,2025-06-30,0,CD_NORTE
SKU_051,2025-07-07,0,CD_NORTE
SKU_051,2025-07-14,0,CD_NORTE
SKU_051,2025-07-21,66,CD_NORTE
SKU_051,2025-07-28,0,CD_NORTE
SKU_051,2025-08-04,0,CD_NORTE
SKU_051,2025-08-11,0,CD_NORTE
SKU_051,2025-08-18,44,CD_NORTE
SKU_051,2025-08-25,0,CD_NORTE
SKU_051,2025-09-01,0,CD_NORTE
SKU_051,2025-09-08,0,CD_NORTE
SKU_051,2025-09-15,0,CD_NORTE
SKU_051,2025-09-22,0,CD_NORTE
SKU_051,2025-09-29,0,CD_NORTE
SKU_051,2025-10-06,0,CD_NORTE
SKU_051,2025-10-13,154,CD_NORTE
SKU_051,2025-10-20,0,CD_NORTE
SKU_051,2025-10-27,73,CD_NORTE
SKU_051,2025-11-03,0,CD_NORTE
SKU_051,2025-11-10,0,CD_NORTE
SKU_051,2025-11-17,250,CD_NORTE
SKU_051,2025-11-24,0,CD_NORTE
SKU_051,2025-12-01,0,CD_NORTE
SKU_051,2025-12-08,0,CD_NORTE
SKU_051,2025-12-15,0,CD_NORTE
SKU_051,2025-12-22,0,CD_NORTE
SKU_051,2025-12-29,0,CD_NORTE
SKU_052,2024-01-08,108,CD_NORTE
SKU_052,2024-01-15,0,CD_NORTE
SKU_052,2024-01-22,0,CD_NORTE
SKU_052,2024-01-29,39,CD_NORTE
SKU_052,2024-02-05,0,CD_NORTE
SKU_052,2024-02-12,0,CD_NORTE
SKU_052,2024-02-19,0,CD_NORTE
SKU_052,2024-02-26,0,CD_NORTE
SKU_052,2024-03-04,0,CD_NORTE
SKU_052,2024-03-11,0,CD_NORTE
SKU_052,2024-03-18,0,CD_NORTE
SKU_052,2024-03-25,0,CD_NORTE
SKU_052,2024-04-01,0,CD_NORTE
SKU_052,2024-04-08,0,CD_NORTE
SKU_052,2024-04-15,0,CD_NORTE
SKU_052,2024-04-22,0,CD_NORTE
SKU_052,2024-04-29,208,CD_NORTE
SKU_052,2024-05-06,68,CD_NORTE
SKU_052,2024-05-13,0,CD_NORTE
SKU_052,2024-05-20,0,CD_NORTE
SKU_052,2024-05-27,0,CD_NORTE
SKU_052,2024-06-03,0,CD_NORTE
SKU_052,2024-06-10,0,CD_NORTE
SKU_052,2024-06-17,26,CD_NORTE
SKU_052,2024-06-24,33,CD_NORTE
SKU_052,2024-07-01,0,CD_NORTE
SKU_052,2024-07-08,0,CD_NORTE
SKU_052,2024-07-15,0,CD_NORTE
SKU_052,2024-07-22,0,CD_NORTE
SKU_052,2024-07-29,0,CD_NORTE
SKU_052,2024-08-05,127,CD_NORTE
SKU_052,2024-08-12,123,CD_NORTE
SKU_052,2024-08-19,0,CD_NORTE
SKU_052,2024-08-26,0,CD_NORTE
SKU_052,2024-09-02,61,CD_NORTE
SKU_052,2024-09-09,160,CD_NORTE
SKU_052,2024-09-16,0,CD_NORTE
SKU_052,2024-09-23,174,CD_NORTE
SKU_052,2024-09-30,0,CD_NORTE
SKU_052,2024-10-07,295,CD_NORTE
SKU_052,2024-10-14,0,CD_NORTE
SKU_052,2024-10-21,0,CD_NORTE
SKU_052,2024-10-28,119,CD_NORTE
SKU_052,2024-11-04,0,CD_NORTE
SKU_052,2024-11-11,0,CD_NORTE
SKU_052,2024-11-18,0,CD_NORTE
SKU_052,2024-11-25,0,CD_NORTE
SKU_052,2024-12-02,0,CD_NORTE
SKU_052,2024-12-09,0,CD_NORTE
SKU_052,2024-12-16,0,CD_NORTE
SKU_052,2024-12-23,0,CD_NORTE
SKU_052,2024-12-30,0,CD_NORTE
SKU_052,2025-01-06,0,CD_NORTE
SKU_052,2025-01-13,191,CD_NORTE
SKU_052,2025-01-20,171,CD_NORTE
SKU_052,2025-01-27,59,CD_NORTE
SKU_052,2025-02-03,0,CD_NORTE
SKU_052,2025-02-10,0,CD_NORTE
SKU_052,2025-02-17,0,CD_NORTE
SKU_052,2025-02-24,64,CD_NORTE
SKU_052,2025-03-03,111,CD_NORTE
SKU_052,2025-03-10,0,CD_NORTE
SKU_052,2025-03-17,0,CD_NORTE
SKU_052,2025-03-24,41,CD_NORTE
SKU_052,2025-03-31,0,CD_NORTE
SKU_052,2025-04-07,0,CD_NORTE
SKU_052,2025-04-14,0,CD_NORTE
SKU_052,2025-04-21,0,CD_NORTE
SKU_052,2025-04-28,0,CD_NORTE
SKU_052,2025-05-05,0,CD_NORTE
SKU_052,2025-05-12,73,CD_NORTE
SKU_052,2025-05-19,0,CD_NORTE
SKU_052,2025-05-26,0,CD_NORTE
SKU_052,2025-06-02,0,CD_NORTE
SKU_052,2025-06-09,0,CD_NORTE
SKU_052,2025-06-16,0,CD_NORTE
SKU_052,2025-06-23,0,CD_NORTE
SKU_052,2025-06-30,0,CD_NORTE
SKU_052,2025-07-07,0,CD_NORTE
SKU_052,2025-07-14,0,CD_NORTE
SKU_052,2025-07-21,0,CD_NORTE
SKU_052,2025-07-28,90,CD_NORTE
SKU_052,2025-08-04,0,CD_NORTE
SKU_052,2025-08-11,44,CD_NORTE
SKU_052,2025-08-18,36,CD_NORTE
SKU_052,2025-08-25,82,CD_NORTE
SKU_052,2025-09-01,177,CD_NORTE
SKU_052,2025-09-08,0,CD_NORTE
SKU_052,2025-09-15,0,CD_NORTE
SKU_052,2025-09-22,206,CD_NORTE
SKU_052,2025-09-29,0,CD_NORTE
SKU_052,2025-10-06,103,CD_NORTE
SKU_052,2025-10-13,0,CD_NORTE
SKU_052,2025-10-20,0,CD_NORTE
SKU_052,2025-10-27,0,CD_NORTE
SKU_052,2025-11-03,112,CD_NORTE
SKU_052,2025-11-10,0,CD_NORTE
SKU_052,2025-11-17,75,CD_NORTE
SKU_052,2025-11-24,0,CD_NORTE
SKU_052,2025-12-01,0,CD_NORTE
SKU_052,2025-12-08,0,CD_NORTE
SKU_052,2025-12-15,0,CD_NORTE
SKU_052,2025-12-22,0,CD_NORTE
SKU_052,2025-12-29,0,CD_NORTE
SKU_052,2024-01-08,0,CD_CENTRO
SKU_052,2024-01-15,0,CD_CENTRO
SKU_052,2024-01-22,0,CD_CENTRO
SKU_052,2024-01-29,0,CD_CENTRO
SKU_052,2024-02-05,0,CD_CENTRO
SKU_052,2024-02-12,33,CD_CENTRO
SKU_052,2024-02-19,0,CD_CENTRO
SKU_052,2024-02-26,0,CD_CENTRO
SKU_052,2024-03-04,0,CD_CENTRO
SKU_052,2024-03-11,0,CD_CENTRO
SKU_052,2024-03-18,190,CD_CENTRO
SKU_052,2024-03-25,0,CD_CENTRO
SKU_052,2024-04-01,0,CD_CENTRO
SKU_052,2024-04-08,0,CD_CENTRO
SKU_052,2024-04-15,0,CD_CENTRO
SKU_052,2024-04-22,0,CD_CENTRO
SKU_052,2024-04-29,408,CD_CENTRO
SKU_052,2024-05-06,46,CD_CENTRO
SKU_052,2024-05-13,0,CD_CENTRO
SKU_052,2024-05-20,262,CD_CENTRO
SKU_052,2024-05-27,0,CD_CENTRO
SKU_052,2024-06-03,0,CD_CENTRO
SKU_052,2024-06-10,0,CD_CENTRO
SKU_052,2024-06-17,0,CD_CENTRO
SKU_052,2024-06-24,125,CD_CENTRO
SKU_052,2024-07-01,0,CD_CENTRO
SKU_052,2024-07-08,0,CD_CENTRO
SKU_052,2024-07-15,0,CD_CENTRO
SKU_052,2024-07-22,0,CD_CENTRO
SKU_052,2024-07-29,313,CD_CENTRO
SKU_052,2024-08-05,0,CD_CENTRO
SKU_052,2024-08-12,0,CD_CENTRO
SKU_052,2024-08-19,0,CD_CENTRO
SKU_052,2024-08-26,0,CD_CENTRO
SKU_052,2024-09-02,44,CD_CENTRO
SKU_052,2024-09-09,186,CD_CENTRO
SKU_052,2024-09-16,0,CD_CENTRO
SKU_052,2024-09-23,0,CD_CENTRO
SKU_052,2024-09-30,0,CD_CENTRO
SKU_052,2024-10-07,0,CD_CENTRO
SKU_052,2024-10-14,55,CD_CENTRO
SKU_052,2024-10-21,0,CD_CENTRO
SKU_052,2024-10-28,0,CD_CENTRO
SKU_052,2024-11-04,0,CD_CENTRO
SKU_052,2024-11-11,0,CD_CENTRO
SKU_052,2024-11-18,0,CD_CENTRO
SKU_052,2024-11-25,255,CD_CENTRO
SKU_052,2024-12-02,0,CD_CENTRO
SKU_052,2024-12-09,0,CD_CENTRO
SKU_052,2024-12-16,0,CD_CENTRO
SKU_052,2024-12-23,0,CD_CENTRO
SKU_052,2024-12-30,0,CD_CENTRO
SKU_052,2025-01-06,0,CD_CENTRO
SKU_052,2025-01-13,135,CD_CENTRO
SKU_052,2025-01-20,0,CD_CENTRO
SKU_052,2025-01-27,0,CD_CENTRO
SKU_052,2025-02-03,0,CD_CENTRO
SKU_052,2025-02-10,0,CD_CENTRO
SKU_052,2025-02-17,0,CD_CENTRO
SKU_052,2025-02-24,90,CD_CENTRO
SKU_052,2025-03-03,0,CD_CENTRO
SKU_052,2025-03-10,0,CD_CENTRO
SKU_052,2025-03-17,0,CD_CENTRO
SKU_052,2025-03-24,0,CD_CENTRO
SKU_052,2025-03-31,0,CD_CENTRO
SKU_052,2025-04-07,67,CD_CENTRO
SKU_052,2025-04-14,0,CD_CENTRO
SKU_052,2025-04-21,0,CD_CENTRO
SKU_052,2025-04-28,0,CD_CENTRO
SKU_052,2025-05-05,217,CD_CENTRO
SKU_052,2025-05-12,141,CD_CENTRO
SKU_052,2025-05-19,89,CD_CENTRO
SKU_052,2025-05-26,0,CD_CENTRO
SKU_052,2025-06-02,0,CD_CENTRO
SKU_052,2025-06-09,79,CD_CENTRO
SKU_052,2025-06-16,0,CD_CENTRO
SKU_052,2025-06-23,0,CD_CENTRO
SKU_052,2025-06-30,0,CD_CENTRO
SKU_052,2025-07-07,201,CD_CENTRO
SKU_052,2025-07-14,86,CD_CENTRO
SKU_052,2025-07-21,53,CD_CENTRO
SKU_052,2025-07-28,0,CD_CENTRO
SKU_052,2025-08-04,0,CD_CENTRO
SKU_052,2025-08-11,282,CD_CENTRO
SKU_052,2025-08-18,0,CD_CENTRO
SKU_052,2025-08-25,84,CD_CENTRO
SKU_052,2025-09-01,79,CD_CENTRO
SKU_052,2025-09-08,0,CD_CENTRO
SKU_052,2025-09-15,0,CD_CENTRO
SKU_052,2025-09-22,0,CD_CENTRO
SKU_052,2025-09-29,0,CD_CENTRO
SKU_052,2025-10-06,0,CD_CENTRO
SKU_052,2025-10-13,0,CD_CENTRO
SKU_052,2025-10-20,0,CD_CENTRO
SKU_052,2025-10-27,0,CD_CENTRO
SKU_052,2025-11-03,66,CD_CENTRO
SKU_052,2025-11-10,0,CD_CENTRO
SKU_052,2025-11-17,0,CD_CENTRO
SKU_052,2025-11-24,252,CD_CENTRO
SKU_052,2025-12-01,0,CD_CENTRO
SKU_052,2025-12-08,66,CD_CENTRO
SKU_052,2025-12-15,0,CD_CENTRO
SKU_052,2025-12-22,0,CD_CENTRO
SKU_052,2025-12-29,0,CD_CENTRO
SKU_052,2024-01-08,0,CD_SUR
SKU_052,2024-01-15,104,CD_SUR
SKU_052,2024-01-22,0,CD_SUR
SKU_052,2024-01-29,0,CD_SUR
SKU_052,2024-02-05,0,CD_SUR
SKU_052,2024-02-12,0,CD_SUR
SKU_052,2024-02-19,0,CD_SUR
SKU_052,2024-02-26,0,CD_SUR
SKU_052,2024-03-04,0,CD_SUR
SKU_052,2024-03-11,0,CD_SUR
SKU_052,2024-03-18,78,CD_SUR
SKU_052,2024-03-25,0,CD_SUR
SKU_052,2024-04-01,0,CD_SUR
SKU_052,2024-04-08,0,CD_SUR
SKU_052,2024-04-15,0,CD_SUR
SKU_052,2024-04-22,101,CD_SUR
SKU_052,2024-04-29,49,CD_SUR
SKU_052,2024-05-06,0,CD_SUR
SKU_052,2024-05-13,0,CD_SUR
SKU_052,2024-05-20,244,CD_SUR
SKU_052,2024-05-27,0,CD_SUR
SKU_052,2024-06-03,0,CD_SUR
SKU_052,2024-06-10,0,CD_SUR
SKU_052,2024-06-17,0,CD_SUR
SKU_052,2024-06-24,0,CD_SUR
SKU_052,2024-07-01,119,CD_SUR
SKU_052,2024-07-08,0,CD_SUR
SKU_052,2024-07-15,0,CD_SUR
SKU_052,2024-07-22,0,CD_SUR
SKU_052,2024-07-29,52,CD_SUR
SKU_052,2024-08-05,0,CD_SUR
SKU_052,2024-08-12,0,CD_SUR
SKU_052,2024-08-19,0,CD_SUR
SKU_052,2024-08-26,59,CD_SUR
SKU_052,2024-09-02,0,CD_SUR
SKU_052,2024-09-09,433,CD_SUR
SKU_052,2024-09-16,0,CD_SUR
SKU_052,2024-09-23,0,CD_SUR
SKU_052,2024-09-30,0,CD_SUR
SKU_052,2024-10-07,0,CD_SUR
SKU_052,2024-10-14,0,CD_SUR
SKU_052,2024-10-21,0,CD_SUR
SKU_052,2024-10-28,139,CD_SUR
SKU_052,2024-11-04,54,CD_SUR
SKU_052,2024-11-11,0,CD_SUR
SKU_052,2024-11-18,0,CD_SUR
SKU_052,2024-11-25,78,CD_SUR
SKU_052,2024-12-02,0,CD_SUR
SKU_052,2024-12-09,0,CD_SUR
SKU_052,2024-12-16,0,CD_SUR
SKU_052,2024-12-23,73,CD_SUR
SKU_052,2024-12-30,0,CD_SUR
SKU_052,2025-01-06,0,CD_SUR
SKU_052,2025-01-13,0,CD_SUR
SKU_052,2025-01-20,0,CD_SUR
SKU_052,2025-01-27,0,CD_SUR
SKU_052,2025-02-03,0,CD_SUR
SKU_052,2025-02-10,0,CD_SUR
SKU_052,2025-02-17,0,CD_SUR
SKU_052,2025-02-24,0,CD_SUR
SKU_052,2025-03-03,0,CD_SUR
SKU_052,2025-03-10,30,CD_SUR
SKU_052,2025-03-17,220,CD_SUR
SKU_052,2025-03-24,0,CD_SUR
SKU_052,2025-03-31,76,CD_SUR
SKU_052,2025-04-07,0,CD_SUR
SKU_052,2025-04-14,0,CD_SUR
SKU_052,2025-04-21,0,CD_SUR
SKU_052,2025-04-28,208,CD_SUR
SKU_052,2025-05-05,0,CD_SUR
SKU_052,2025-05-12,0,CD_SUR
SKU_052,2025-05-19,0,CD_SUR
SKU_052,2025-05-26,0,CD_SUR
SKU_052,2025-06-02,0,CD_SUR
SKU_052,2025-06-09,0,CD_SUR
SKU_052,2025-06-16,102,CD_SUR
SKU_052,2025-06-23,0,CD_SUR
SKU_052,2025-06-30,0,CD_SUR
SKU_052,2025-07-07,0,CD_SUR
SKU_052,2025-07-14,48,CD_SUR
SKU_052,2025-07-21,0,CD_SUR
SKU_052,2025-07-28,0,CD_SUR
SKU_052,2025-08-04,0,CD_SUR
SKU_052,2025-08-11,0,CD_SUR
SKU_052,2025-08-18,184,CD_SUR
SKU_052,2025-08-25,0,CD_SUR
SKU_052,2025-09-01,0,CD_SUR
SKU_052,2025-09-08,84,CD_SUR
SKU_052,2025-09-15,158,CD_SUR
SKU_052,2025-09-22,0,CD_SUR
SKU_052,2025-09-29,222,CD_SUR
SKU_052,2025-10-06,0,CD_SUR
SKU_052,2025-10-13,0,CD_SUR
SKU_052,2025-10-20,0,CD_SUR
SKU_052,2025-10-27,0,CD_SUR
SKU_052,2025-11-03,0,CD_SUR
SKU_052,2025-11-10,350,CD_SUR
SKU_052,2025-11-17,0,CD_SUR
SKU_052,2025-11-24,0,CD_SUR
SKU_052,2025-12-01,0,CD_SUR
SKU_052,2025-12-08,0,CD_SUR
SKU_052,2025-12-15,49,CD_SUR
SKU_052,2025-12-22,0,CD_SUR
SKU_052,2025-12-29,0,CD_SUR
SKU_053,2024-01-08,0,CD_NORTE
SKU_053,2024-01-15,0,CD_NORTE
SKU_053,2024-01-22,198,CD_NORTE
SKU_053,2024-01-29,0,CD_NORTE
SKU_053,2024-02-05,0,CD_NORTE
SKU_053,2024-02-12,0,CD_NORTE
SKU_053,2024-02-19,0,CD_NORTE
SKU_053,2024-02-26,0,CD_NORTE
SKU_053,2024-03-04,0,CD_NORTE
SKU_053,2024-03-11,0,CD_NORTE
SKU_053,2024-03-18,0,CD_NORTE
SKU_053,2024-03-25,0,CD_NORTE
SKU_053,2024-04-01,0,CD_NORTE
SKU_053,2024-04-08,0,CD_NORTE
SKU_053,2024-04-15,0,CD_NORTE
SKU_053,2024-04-22,178,CD_NORTE
SKU_053,2024-04-29,0,CD_NORTE
SKU_053,2024-05-06,0,CD_NORTE
SKU_053,2024-05-13,144,CD_NORTE
SKU_053,2024-05-20,0,CD_NORTE
SKU_053,2024-05-27,0,CD_NORTE
SKU_053,2024-06-03,0,CD_NORTE
SKU_053,2024-06-10,0,CD_NORTE
SKU_053,2024-06-17,0,CD_NORTE
SKU_053,2024-06-24,0,CD_NORTE
SKU_053,2024-07-01,0,CD_NORTE
SKU_053,2024-07-08,0,CD_NORTE
SKU_053,2024-07-15,0,CD_NORTE
SKU_053,2024-07-22,0,CD_NORTE
SKU_053,2024-07-29,49,CD_NORTE
SKU_053,2024-08-05,0,CD_NORTE
SKU_053,2024-08-12,35,CD_NORTE
SKU_053,2024-08-19,0,CD_NORTE
SKU_053,2024-08-26,0,CD_NORTE
SKU_053,2024-09-02,0,CD_NORTE
SKU_053,2024-09-09,0,CD_NORTE
SKU_053,2024-09-16,0,CD_NORTE
SKU_053,2024-09-23,49,CD_NORTE
SKU_053,2024-09-30,0,CD_NORTE
SKU_053,2024-10-07,0,CD_NORTE
SKU_053,2024-10-14,0,CD_NORTE
SKU_053,2024-10-21,0,CD_NORTE
SKU_053,2024-10-28,0,CD_NORTE
SKU_053,2024-11-04,97,CD_NORTE
SKU_053,2024-11-11,438,CD_NORTE
SKU_053,2024-11-18,0,CD_NORTE
SKU_053,2024-11-25,41,CD_NORTE
SKU_053,2024-12-02,0,CD_NORTE
SKU_053,2024-12-09,0,CD_NORTE
SKU_053,2024-12-16,64,CD_NORTE
SKU_053,2024-12-23,0,CD_NORTE
SKU_053,2024-12-30,0,CD_NORTE
SKU_053,2025-01-06,147,CD_NORTE
SKU_053,2025-01-13,0,CD_NORTE
SKU_053,2025-01-20,0,CD_NORTE
SKU_053,2025-01-27,0,CD_NORTE
SKU_053,2025-02-03,0,CD_NORTE
SKU_053,2025-02-10,0,CD_NORTE
SKU_053,2025-02-17,0,CD_NORTE
SKU_053,2025-02-24,0,CD_NORTE
SKU_053,2025-03-03,0,CD_NORTE
SKU_053,2025-03-10,81,CD_NORTE
SKU_053,2025-03-17,239,CD_NORTE
SKU_053,2025-03-24,0,CD_NORTE
SKU_053,2025-03-31,0,CD_NORTE
SKU_053,2025-04-07,0,CD_NORTE
SKU_053,2025-04-14,0,CD_NORTE
SKU_053,2025-04-21,0,CD_NORTE
SKU_053,2025-04-28,0,CD_NORTE
SKU_053,2025-05-05,0,CD_NORTE
SKU_053,2025-05-12,0,CD_NORTE
SKU_053,2025-05-19,0,CD_NORTE
SKU_053,2025-05-26,48,CD_NORTE
SKU_053,2025-06-02,0,CD_NORTE
SKU_053,2025-06-09,0,CD_NORTE
SKU_053,2025-06-16,0,CD_NORTE
SKU_053,2025-06-23,0,CD_NORTE
SKU_053,2025-06-30,0,CD_NORTE
SKU_053,2025-07-07,372,CD_NORTE
SKU_053,2025-07-14,289,CD_NORTE
SKU_053,2025-07-21,0,CD_NORTE
SKU_053,2025-07-28,0,CD_NORTE
SKU_053,2025-08-04,247,CD_NORTE
SKU_053,2025-08-11,0,CD_NORTE
SKU_053,2025-08-18,0,CD_NORTE
SKU_053,2025-08-25,46,CD_NORTE
SKU_053,2025-09-01,0,CD_NORTE
SKU_053,2025-09-08,0,CD_NORTE
SKU_053,2025-09-15,0,CD_NORTE
SKU_053,2025-09-22,0,CD_NORTE
SKU_053,2025-09-29,0,CD_NORTE
SKU_053,2025-10-06,0,CD_NORTE
SKU_053,2025-10-13,0,CD_NORTE
SKU_053,2025-10-20,0,CD_NORTE
SKU_053,2025-10-27,0,CD_NORTE
SKU_053,2025-11-03,0,CD_NORTE
SKU_053,2025-11-10,67,CD_NORTE
SKU_053,2025-11-17,0,CD_NORTE
SKU_053,2025-11-24,0,CD_NORTE
SKU_053,2025-12-01,0,CD_NORTE
SKU_053,2025-12-08,185,CD_NORTE
SKU_053,2025-12-15,210,CD_NORTE
SKU_053,2025-12-22,0,CD_NORTE
SKU_053,2025-12-29,0,CD_NORTE
SKU_053,2024-01-08,132,CD_CENTRO
SKU_053,2024-01-15,0,CD_CENTRO
SKU_053,2024-01-22,0,CD_CENTRO
SKU_053,2024-01-29,0,CD_CENTRO
SKU_053,2024-02-05,216,CD_CENTRO
SKU_053,2024-02-12,0,CD_CENTRO
SKU_053,2024-02-19,0,CD_CENTRO
SKU_053,2024-02-26,0,CD_CENTRO
SKU_053,2024-03-04,0,CD_CENTRO
SKU_053,2024-03-11,351,CD_CENTRO
SKU_053,2024-03-18,0,CD_CENTRO
SKU_053,2024-03-25,0,CD_CENTRO
SKU_053,2024-04-01,153,CD_CENTRO
SKU_053,2024-04-08,0,CD_CENTRO
SKU_053,2024-04-15,0,CD_CENTRO
SKU_053,2024-04-22,0,CD_CENTRO
SKU_053,2024-04-29,0,CD_CENTRO
SKU_053,2024-05-06,62,CD_CENTRO
SKU_053,2024-05-13,0,CD_CENTRO
SKU_053,2024-05-20,0,CD_CENTRO
SKU_053,2024-05-27,76,CD_CENTRO
SKU_053,2024-06-03,0,CD_CENTRO
SKU_053,2024-06-10,0,CD_CENTRO
SKU_053,2024-06-17,31,CD_CENTRO
SKU_053,2024-06-24,0,CD_CENTRO
SKU_053,2024-07-01,0,CD_CENTRO
SKU_053,2024-07-08,95,CD_CENTRO
SKU_053,2024-07-15,0,CD_CENTRO
SKU_053,2024-07-22,281,CD_CENTRO
SKU_053,2024-07-29,0,CD_CENTRO
SKU_053,2024-08-05,0,CD_CENTRO
SKU_053,2024-08-12,94,CD_CENTRO
SKU_053,2024-08-19,0,CD_CENTRO
SKU_053,2024-08-26,0,CD_CENTRO
SKU_053,2024-09-02,0,CD_CENTRO
SKU_053,2024-09-09,0,CD_CENTRO
SKU_053,2024-09-16,0,CD_CENTRO
SKU_053,2024-09-23,0,CD_CENTRO
SKU_053,2024-09-30,0,CD_CENTRO
SKU_053,2024-10-07,0,CD_CENTRO
SKU_053,2024-10-14,280,CD_CENTRO
SKU_053,2024-10-21,0,CD_CENTRO
SKU_053,2024-10-28,0,CD_CENTRO
SKU_053,2024-11-04,0,CD_CENTRO
SKU_053,2024-11-11,0,CD_CENTRO
SKU_053,2024-11-18,0,CD_CENTRO
SKU_053,2024-11-25,190,CD_CENTRO
SKU_053,2024-12-02,0,CD_CENTRO
SKU_053,2024-12-09,0,CD_CENTRO
SKU_053,2024-12-16,441,CD_CENTRO
SKU_053,2024-12-23,0,CD_CENTRO
SKU_053,2024-12-30,0,CD_CENTRO
SKU_053,2025-01-06,0,CD_CENTRO
SKU_053,2025-01-13,342,CD_CENTRO
SKU_053,2025-01-20,168,CD_CENTRO
SKU_053,2025-01-27,246,CD_CENTRO
SKU_053,2025-02-03,0,CD_CENTRO
SKU_053,2025-02-10,0,CD_CENTRO
SKU_053,2025-02-17,0,CD_CENTRO
SKU_053,2025-02-24,0,CD_CENTRO
SKU_053,2025-03-03,0,CD_CENTRO
SKU_053,2025-03-10,0,CD_CENTRO
SKU_053,2025-03-17,175,CD_CENTRO
SKU_053,2025-03-24,0,CD_CENTRO
SKU_053,2025-03-31,143,CD_CENTRO
SKU_053,2025-04-07,0,CD_CENTRO
SKU_053,2025-04-14,164,CD_CENTRO
SKU_053,2025-04-21,171,CD_CENTRO
SKU_053,2025-04-28,0,CD_CENTRO
SKU_053,2025-05-05,0,CD_CENTRO
SKU_053,2025-05-12,91,CD_CENTRO
SKU_053,2025-05-19,0,CD_CENTRO
SKU_053,2025-05-26,0,CD_CENTRO
SKU_053,2025-06-02,0,CD_CENTRO
SKU_053,2025-06-09,0,CD_CENTRO
SKU_053,2025-06-16,0,CD_CENTRO
SKU_053,2025-06-23,0,CD_CENTRO
SKU_053,2025-06-30,84,CD_CENTRO
SKU_053,2025-07-07,69,CD_CENTRO
SKU_053,2025-07-14,45,CD_CENTRO
SKU_053,2025-07-21,0,CD_CENTRO
SKU_053,2025-07-28,0,CD_CENTRO
SKU_053,2025-08-04,0,CD_CENTRO
SKU_053,2025-08-11,106,CD_CENTRO
SKU_053,2025-08-18,0,CD_CENTRO
SKU_053,2025-08-25,0,CD_CENTRO
SKU_053,2025-09-01,277,CD_CENTRO
SKU_053,2025-09-08,0,CD_CENTRO
SKU_053,2025-09-15,0,CD_CENTRO
SKU_053,2025-09-22,0,CD_CENTRO
SKU_053,2025-09-29,134,CD_CENTRO
SKU_053,2025-10-06,0,CD_CENTRO
SKU_053,2025-10-13,52,CD_CENTRO
SKU_053,2025-10-20,0,CD_CENTRO
SKU_053,2025-10-27,216,CD_CENTRO
SKU_053,2025-11-03,0,CD_CENTRO
SKU_053,2025-11-10,305,CD_CENTRO
SKU_053,2025-11-17,204,CD_CENTRO
SKU_053,2025-11-24,0,CD_CENTRO
SKU_053,2025-12-01,0,CD_CENTRO
SKU_053,2025-12-08,0,CD_CENTRO
SKU_053,2025-12-15,172,CD_CENTRO
SKU_053,2025-12-22,0,CD_CENTRO
SKU_053,2025-12-29,0,CD_CENTRO
SKU_053,2024-01-08,0,CD_SUR
SKU_053,2024-01-15,104,CD_SUR
SKU_053,2024-01-22,0,CD_SUR
SKU_053,2024-01-29,0,CD_SUR
SKU_053,2024-02-05,0,CD_SUR
SKU_053,2024-02-12,0,CD_SUR
SKU_053,2024-02-19,0,CD_SUR
SKU_053,2024-02-26,0,CD_SUR
SKU_053,2024-03-04,458,CD_SUR
SKU_053,2024-03-11,0,CD_SUR
SKU_053,2024-03-18,0,CD_SUR
SKU_053,2024-03-25,70,CD_SUR
SKU_053,2024-04-01,0,CD_SUR
SKU_053,2024-04-08,0,CD_SUR
SKU_053,2024-04-15,191,CD_SUR
SKU_053,2024-04-22,0,CD_SUR
SKU_053,2024-04-29,0,CD_SUR
SKU_053,2024-05-06,0,CD_SUR
SKU_053,2024-05-13,0,CD_SUR
SKU_053,2024-05-20,88,CD_SUR
SKU_053,2024-05-27,0,CD_SUR
SKU_053,2024-06-03,0,CD_SUR
SKU_053,2024-06-10,72,CD_SUR
SKU_053,2024-06-17,0,CD_SUR
SKU_053,2024-06-24,55,CD_SUR
SKU_053,2024-07-01,50,CD_SUR
SKU_053,2024-07-08,64,CD_SUR
SKU_053,2024-07-15,41,CD_SUR
SKU_053,2024-07-22,31,CD_SUR
SKU_053,2024-07-29,0,CD_SUR
SKU_053,2024-08-05,0,CD_SUR
SKU_053,2024-08-12,0,CD_SUR
SKU_053,2024-08-19,0,CD_SUR
SKU_053,2024-08-26,0,CD_SUR
SKU_053,2024-09-02,0,CD_SUR
SKU_053,2024-09-09,0,CD_SUR
SKU_053,2024-09-16,0,CD_SUR
SKU_053,2024-09-23,0,CD_SUR
SKU_053,2024-09-30,0,CD_SUR
SKU_053,2024-10-07,0,CD_SUR
SKU_053,2024-10-14,0,CD_SUR
SKU_053,2024-10-21,0,CD_SUR
SKU_053,2024-10-28,0,CD_SUR
SKU_053,2024-11-04,0,CD_SUR
SKU_053,2024-11-11,0,CD_SUR
SKU_053,2024-11-18,190,CD_SUR
SKU_053,2024-11-25,0,CD_SUR
SKU_053,2024-12-02,0,CD_SUR
SKU_053,2024-12-09,0,CD_SUR
SKU_053,2024-12-16,0,CD_SUR
SKU_053,2024-12-23,90,CD_SUR
SKU_053,2024-12-30,0,CD_SUR
SKU_053,2025-01-06,0,CD_SUR
SKU_053,2025-01-13,0,CD_SUR
SKU_053,2025-01-20,203,CD_SUR
SKU_053,2025-01-27,0,CD_SUR
SKU_053,2025-02-03,0,CD_SUR
SKU_053,2025-02-10,0,CD_SUR
SKU_053,2025-02-17,0,CD_SUR
SKU_053,2025-02-24,0,CD_SUR
SKU_053,2025-03-03,119,CD_SUR
SKU_053,2025-03-10,0,CD_SUR
SKU_053,2025-03-17,0,CD_SUR
SKU_053,2025-03-24,0,CD_SUR
SKU_053,2025-03-31,0,CD_SUR
SKU_053,2025-04-07,203,CD_SUR
SKU_053,2025-04-14,104,CD_SUR
SKU_053,2025-04-21,52,CD_SUR
SKU_053,2025-04-28,140,CD_SUR
SKU_053,2025-05-05,0,CD_SUR
SKU_053,2025-05-12,148,CD_SUR
SKU_053,2025-05-19,0,CD_SUR
SKU_053,2025-05-26,0,CD_SUR
SKU_053,2025-06-02,0,CD_SUR
SKU_053,2025-06-09,0,CD_SUR
SKU_053,2025-06-16,0,CD_SUR
SKU_053,2025-06-23,147,CD_SUR
SKU_053,2025-06-30,192,CD_SUR
SKU_053,2025-07-07,0,CD_SUR
SKU_053,2025-07-14,157,CD_SUR
SKU_053,2025-07-21,0,CD_SUR
SKU_053,2025-07-28,0,CD_SUR
SKU_053,2025-08-04,82,CD_SUR
SKU_053,2025-08-11,0,CD_SUR
SKU_053,2025-08-18,0,CD_SUR
SKU_053,2025-08-25,202,CD_SUR
SKU_053,2025-09-01,163,CD_SUR
SKU_053,2025-09-08,0,CD_SUR
SKU_053,2025-09-15,0,CD_SUR
SKU_053,2025-09-22,0,CD_SUR
SKU_053,2025-09-29,0,CD_SUR
SKU_053,2025-10-06,36,CD_SUR
SKU_053,2025-10-13,0,CD_SUR
SKU_053,2025-10-20,0,CD_SUR
SKU_053,2025-10-27,0,CD_SUR
SKU_053,2025-11-03,0,CD_SUR
SKU_053,2025-11-10,0,CD_SUR
SKU_053,2025-11-17,0,CD_SUR
SKU_053,2025-11-24,111,CD_SUR
SKU_053,2025-12-01,0,CD_SUR
SKU_053,2025-12-08,0,CD_SUR
SKU_053,2025-12-15,0,CD_SUR
SKU_053,2025-12-22,160,CD_SUR
SKU_053,2025-12-29,0,CD_SUR
SKU_054,2024-01-08,0,CD_NORTE
SKU_054,2024-01-15,0,CD_NORTE
SKU_054,2024-01-22,0,CD_NORTE
SKU_054,2024-01-29,0,CD_NORTE
SKU_054,2024-02-05,163,CD_NORTE
SKU_054,2024-02-12,374,CD_NORTE
SKU_054,2024-02-19,0,CD_NORTE
SKU_054,2024-02-26,0,CD_NORTE
SKU_054,2024-03-04,0,CD_NORTE
SKU_054,2024-03-11,145,CD_NORTE
SKU_054,2024-03-18,0,CD_NORTE
SKU_054,2024-03-25,0,CD_NORTE
SKU_054,2024-04-01,38,CD_NORTE
SKU_054,2024-04-08,0,CD_NORTE
SKU_054,2024-04-15,56,CD_NORTE
SKU_054,2024-04-22,0,CD_NORTE
SKU_054,2024-04-29,0,CD_NORTE
SKU_054,2024-05-06,0,CD_NORTE
SKU_054,2024-05-13,0,CD_NORTE
SKU_054,2024-05-20,0,CD_NORTE
SKU_054,2024-05-27,114,CD_NORTE
SKU_054,2024-06-03,0,CD_NORTE
SKU_054,2024-06-10,0,CD_NORTE
SKU_054,2024-06-17,0,CD_NORTE
SKU_054,2024-06-24,0,CD_NORTE
SKU_054,2024-07-01,0,CD_NORTE
SKU_054,2024-07-08,0,CD_NORTE
SKU_054,2024-07-15,0,CD_NORTE
SKU_054,2024-07-22,0,CD_NORTE
SKU_054,2024-07-29,0,CD_NORTE
SKU_054,2024-08-05,0,CD_NORTE
SKU_054,2024-08-12,0,CD_NORTE
SKU_054,2024-08-19,0,CD_NORTE
SKU_054,2024-08-26,0,CD_NORTE
SKU_054,2024-09-02,0,CD_NORTE
SKU_054,2024-09-09,0,CD_NORTE
SKU_054,2024-09-16,64,CD_NORTE
SKU_054,2024-09-23,0,CD_NORTE
SKU_054,2024-09-30,349,CD_NORTE
SKU_054,2024-10-07,0,CD_NORTE
SKU_054,2024-10-14,75,CD_NORTE
SKU_054,2024-10-21,97,CD_NORTE
SKU_054,2024-10-28,0,CD_NORTE
SKU_054,2024-11-04,0,CD_NORTE
SKU_054,2024-11-11,0,CD_NORTE
SKU_054,2024-11-18,0,CD_NORTE
SKU_054,2024-11-25,0,CD_NORTE
SKU_054,2024-12-02,0,CD_NORTE
SKU_054,2024-12-09,0,CD_NORTE
SKU_054,2024-12-16,0,CD_NORTE
SKU_054,2024-12-23,0,CD_NORTE
SKU_054,2024-12-30,0,CD_NORTE
SKU_054,2025-01-06,0,CD_NORTE
SKU_054,2025-01-13,149,CD_NORTE
SKU_054,2025-01-20,0,CD_NORTE
SKU_054,2025-01-27,0,CD_NORTE
SKU_054,2025-02-03,123,CD_NORTE
SKU_054,2025-02-10,0,CD_NORTE
SKU_054,2025-02-17,87,CD_NORTE
SKU_054,2025-02-24,0,CD_NORTE
SKU_054,2025-03-03,0,CD_NORTE
SKU_054,2025-03-10,0,CD_NORTE
SKU_054,2025-03-17,0,CD_NORTE
SKU_054,2025-03-24,0,CD_NORTE
SKU_054,2025-03-31,0,CD_NORTE
SKU_054,2025-04-07,0,CD_NORTE
SKU_054,2025-04-14,42,CD_NORTE
SKU_054,2025-04-21,0,CD_NORTE
SKU_054,2025-04-28,0,CD_NORTE
SKU_054,2025-05-05,0,CD_NORTE
SKU_054,2025-05-12,0,CD_NORTE
SKU_054,2025-05-19,0,CD_NORTE
SKU_054,2025-05-26,130,CD_NORTE
SKU_054,2025-06-02,225,CD_NORTE
SKU_054,2025-06-09,0,CD_NORTE
SKU_054,2025-06-16,0,CD_NORTE
SKU_054,2025-06-23,137,CD_NORTE
SKU_054,2025-06-30,0,CD_NORTE
SKU_054,2025-07-07,95,CD_NORTE
SKU_054,2025-07-14,0,CD_NORTE
SKU_054,2025-07-21,0,CD_NORTE
SKU_054,2025-07-28,60,CD_NORTE
SKU_054,2025-08-04,0,CD_NORTE
SKU_054,2025-08-11,201,CD_NORTE
SKU_054,2025-08-18,0,CD_NORTE
SKU_054,2025-08-25,0,CD_NORTE
SKU_054,2025-09-01,307,CD_NORTE
SKU_054,2025-09-08,0,CD_NORTE
SKU_054,2025-09-15,0,CD_NORTE
SKU_054,2025-09-22,0,CD_NORTE
SKU_054,2025-09-29,86,CD_NORTE
SKU_054,2025-10-06,173,CD_NORTE
SKU_054,2025-10-13,0,CD_NORTE
SKU_054,2025-10-20,0,CD_NORTE
SKU_054,2025-10-27,0,CD_NORTE
SKU_054,2025-11-03,0,CD_NORTE
SKU_054,2025-11-10,0,CD_NORTE
SKU_054,2025-11-17,0,CD_NORTE
SKU_054,2025-11-24,0,CD_NORTE
SKU_054,2025-12-01,0,CD_NORTE
SKU_054,2025-12-08,0,CD_NORTE
SKU_054,2025-12-15,0,CD_NORTE
SKU_054,2025-12-22,0,CD_NORTE
SKU_054,2025-12-29,0,CD_NORTE
SKU_054,2024-01-08,0,CD_CENTRO
SKU_054,2024-01-15,0,CD_CENTRO
SKU_054,2024-01-22,0,CD_CENTRO
SKU_054,2024-01-29,0,CD_CENTRO
SKU_054,2024-02-05,0,CD_CENTRO
SKU_054,2024-02-12,131,CD_CENTRO
SKU_054,2024-02-19,0,CD_CENTRO
SKU_054,2024-02-26,0,CD_CENTRO
SKU_054,2024-03-04,224,CD_CENTRO
SKU_054,2024-03-11,52,CD_CENTRO
SKU_054,2024-03-18,0,CD_CENTRO
SKU_054,2024-03-25,0,CD_CENTRO
SKU_054,2024-04-01,0,CD_CENTRO
SKU_054,2024-04-08,211,CD_CENTRO
SKU_054,2024-04-15,0,CD_CENTRO
SKU_054,2024-04-22,45,CD_CENTRO
SKU_054,2024-04-29,0,CD_CENTRO
SKU_054,2024-05-06,0,CD_CENTRO
SKU_054,2024-05-13,0,CD_CENTRO
SKU_054,2024-05-20,0,CD_CENTRO
SKU_054,2024-05-27,83,CD_CENTRO
SKU_054,2024-06-03,0,CD_CENTRO
SKU_054,2024-06-10,0,CD_CENTRO
SKU_054,2024-06-17,0,CD_CENTRO
SKU_054,2024-06-24,0,CD_CENTRO
SKU_054,2024-07-01,0,CD_CENTRO
SKU_054,2024-07-08,0,CD_CENTRO
SKU_054,2024-07-15,0,CD_CENTRO
SKU_054,2024-07-22,0,CD_CENTRO
SKU_054,2024-07-29,0,CD_CENTRO
SKU_054,2024-08-05,0,CD_CENTRO
SKU_054,2024-08-12,0,CD_CENTRO
SKU_054,2024-08-19,0,CD_CENTRO
SKU_054,2024-08-26,0,CD_CENTRO
SKU_054,2024-09-02,68,CD_CENTRO
SKU_054,2024-09-09,0,CD_CENTRO
SKU_054,2024-09-16,0,CD_CENTRO
SKU_054,2024-09-23,257,CD_CENTRO
SKU_054,2024-09-30,158,CD_CENTRO
SKU_054,2024-10-07,0,CD_CENTRO
SKU_054,2024-10-14,0,CD_CENTRO
SKU_054,2024-10-21,0,CD_CENTRO
SKU_054,2024-10-28,0,CD_CENTRO
SKU_054,2024-11-04,40,CD_CENTRO
SKU_054,2024-11-11,0,CD_CENTRO
SKU_054,2024-11-18,28,CD_CENTRO
SKU_054,2024-11-25,0,CD_CENTRO
SKU_054,2024-12-02,0,CD_CENTRO
SKU_054,2024-12-09,0,CD_CENTRO
SKU_054,2024-12-16,0,CD_CENTRO
SKU_054,2024-12-23,0,CD_CENTRO
SKU_054,2024-12-30,0,CD_CENTRO
SKU_054,2025-01-06,0,CD_CENTRO
SKU_054,2025-01-13,0,CD_CENTRO
SKU_054,2025-01-20,0,CD_CENTRO
SKU_054,2025-01-27,71,CD_CENTRO
SKU_054,2025-02-03,0,CD_CENTRO
SKU_054,2025-02-10,0,CD_CENTRO
SKU_054,2025-02-17,0,CD_CENTRO
SKU_054,2025-02-24,0,CD_CENTRO
SKU_054,2025-03-03,45,CD_CENTRO
SKU_054,2025-03-10,0,CD_CENTRO
SKU_054,2025-03-17,0,CD_CENTRO
SKU_054,2025-03-24,0,CD_CENTRO
SKU_054,2025-03-31,0,CD_CENTRO
SKU_054,2025-04-07,0,CD_CENTRO
SKU_054,2025-04-14,132,CD_CENTRO
SKU_054,2025-04-21,0,CD_CENTRO
SKU_054,2025-04-28,140,CD_CENTRO
SKU_054,2025-05-05,0,CD_CENTRO
SKU_054,2025-05-12,0,CD_CENTRO
SKU_054,2025-05-19,0,CD_CENTRO
SKU_054,2025-05-26,0,CD_CENTRO
SKU_054,2025-06-02,0,CD_CENTRO
SKU_054,2025-06-09,319,CD_CENTRO
SKU_054,2025-06-16,0,CD_CENTRO
SKU_054,2025-06-23,349,CD_CENTRO
SKU_054,2025-06-30,0,CD_CENTRO
SKU_054,2025-07-07,0,CD_CENTRO
SKU_054,2025-07-14,152,CD_CENTRO
SKU_054,2025-07-21,23,CD_CENTRO
SKU_054,2025-07-28,0,CD_CENTRO
SKU_054,2025-08-04,0,CD_CENTRO
SKU_054,2025-08-11,0,CD_CENTRO
SKU_054,2025-08-18,0,CD_CENTRO
SKU_054,2025-08-25,0,CD_CENTRO
SKU_054,2025-09-01,0,CD_CENTRO
SKU_054,2025-09-08,0,CD_CENTRO
SKU_054,2025-09-15,0,CD_CENTRO
SKU_054,2025-09-22,0,CD_CENTRO
SKU_054,2025-09-29,66,CD_CENTRO
SKU_054,2025-10-06,0,CD_CENTRO
SKU_054,2025-10-13,97,CD_CENTRO
SKU_054,2025-10-20,0,CD_CENTRO
SKU_054,2025-10-27,0,CD_CENTRO
SKU_054,2025-11-03,0,CD_CENTRO
SKU_054,2025-11-10,91,CD_CENTRO
SKU_054,2025-11-17,0,CD_CENTRO
SKU_054,2025-11-24,0,CD_CENTRO
SKU_054,2025-12-01,120,CD_CENTRO
SKU_054,2025-12-08,0,CD_CENTRO
SKU_054,2025-12-15,0,CD_CENTRO
SKU_054,2025-12-22,353,CD_CENTRO
SKU_054,2025-12-29,0,CD_CENTRO
SKU_054,2024-01-08,0,CD_SUR
SKU_054,2024-01-15,0,CD_SUR
SKU_054,2024-01-22,97,CD_SUR
SKU_054,2024-01-29,0,CD_SUR
SKU_054,2024-02-05,250,CD_SUR
SKU_054,2024-02-12,0,CD_SUR
SKU_054,2024-02-19,0,CD_SUR
SKU_054,2024-02-26,0,CD_SUR
SKU_054,2024-03-04,0,CD_SUR
SKU_054,2024-03-11,0,CD_SUR
SKU_054,2024-03-18,0,CD_SUR
SKU_054,2024-03-25,0,CD_SUR
SKU_054,2024-04-01,231,CD_SUR
SKU_054,2024-04-08,68,CD_SUR
SKU_054,2024-04-15,49,CD_SUR
SKU_054,2024-04-22,0,CD_SUR
SKU_054,2024-04-29,0,CD_SUR
SKU_054,2024-05-06,0,CD_SUR
SKU_054,2024-05-13,49,CD_SUR
SKU_054,2024-05-20,0,CD_SUR
SKU_054,2024-05-27,73,CD_SUR
SKU_054,2024-06-03,0,CD_SUR
SKU_054,2024-06-10,0,CD_SUR
SKU_054,2024-06-17,110,CD_SUR
SKU_054,2024-06-24,0,CD_SUR
SKU_054,2024-07-01,154,CD_SUR
SKU_054,2024-07-08,0,CD_SUR
SKU_054,2024-07-15,0,CD_SUR
SKU_054,2024-07-22,0,CD_SUR
SKU_054,2024-07-29,0,CD_SUR
SKU_054,2024-08-05,0,CD_SUR
SKU_054,2024-08-12,0,CD_SUR
SKU_054,2024-08-19,0,CD_SUR
SKU_054,2024-08-26,0,CD_SUR
SKU_054,2024-09-02,83,CD_SUR
SKU_054,2024-09-09,0,CD_SUR
SKU_054,2024-09-16,151,CD_SUR
SKU_054,2024-09-23,306,CD_SUR
SKU_054,2024-09-30,139,CD_SUR
SKU_054,2024-10-07,56,CD_SUR
SKU_054,2024-10-14,111,CD_SUR
SKU_054,2024-10-21,117,CD_SUR
SKU_054,2024-10-28,0,CD_SUR
SKU_054,2024-11-04,245,CD_SUR
SKU_054,2024-11-11,64,CD_SUR
SKU_054,2024-11-18,0,CD_SUR
SKU_054,2024-11-25,95,CD_SUR
SKU_054,2024-12-02,120,CD_SUR
SKU_054,2024-12-09,0,CD_SUR
SKU_054,2024-12-16,0,CD_SUR
SKU_054,2024-12-23,0,CD_SUR
SKU_054,2024-12-30,0,CD_SUR
SKU_054,2025-01-06,0,CD_SUR
SKU_054,2025-01-13,0,CD_SUR
SKU_054,2025-01-20,0,CD_SUR
SKU_054,2025-01-27,0,CD_SUR
SKU_054,2025-02-03,0,CD_SUR
SKU_054,2025-02-10,117,CD_SUR
SKU_054,2025-02-17,0,CD_SUR
SKU_054,2025-02-24,155,CD_SUR
SKU_054,2025-03-03,0,CD_SUR
SKU_054,2025-03-10,0,CD_SUR
SKU_054,2025-03-17,0,CD_SUR
SKU_054,2025-03-24,0,CD_SUR
SKU_054,2025-03-31,0,CD_SUR
SKU_054,2025-04-07,30,CD_SUR
SKU_054,2025-04-14,125,CD_SUR
SKU_054,2025-04-21,0,CD_SUR
SKU_054,2025-04-28,0,CD_SUR
SKU_054,2025-05-05,0,CD_SUR
SKU_054,2025-05-12,0,CD_SUR
SKU_054,2025-05-19,0,CD_SUR
SKU_054,2025-05-26,0,CD_SUR
SKU_054,2025-06-02,0,CD_SUR
SKU_054,2025-06-09,0,CD_SUR
SKU_054,2025-06-16,0,CD_SUR
SKU_054,2025-06-23,0,CD_SUR
SKU_054,2025-06-30,0,CD_SUR
SKU_054,2025-07-07,0,CD_SUR
SKU_054,2025-07-14,0,CD_SUR
SKU_054,2025-07-21,0,CD_SUR
SKU_054,2025-07-28,0,CD_SUR
SKU_054,2025-08-04,0,CD_SUR
SKU_054,2025-08-11,0,CD_SUR
SKU_054,2025-08-18,62,CD_SUR
SKU_054,2025-08-25,0,CD_SUR
SKU_054,2025-09-01,0,CD_SUR
SKU_054,2025-09-08,0,CD_SUR
SKU_054,2025-09-15,0,CD_SUR
SKU_054,2025-09-22,0,CD_SUR
SKU_054,2025-09-29,0,CD_SUR
SKU_054,2025-10-06,79,CD_SUR
SKU_054,2025-10-13,145,CD_SUR
SKU_054,2025-10-20,0,CD_SUR
SKU_054,2025-10-27,0,CD_SUR
SKU_054,2025-11-03,0,CD_SUR
SKU_054,2025-11-10,62,CD_SUR
SKU_054,2025-11-17,0,CD_SUR
SKU_054,2025-11-24,0,CD_SUR
SKU_054,2025-12-01,0,CD_SUR
SKU_054,2025-12-08,0,CD_SUR
SKU_054,2025-12-15,0,CD_SUR
SKU_054,2025-12-22,0,CD_SUR
SKU_054,2025-12-29,0,CD_SUR
SKU_055,2024-01-08,0,CD_NORTE
SKU_055,2024-01-15,0,CD_NORTE
SKU_055,2024-01-22,232,CD_NORTE
SKU_055,2024-01-29,0,CD_NORTE
SKU_055,2024-02-05,243,CD_NORTE
SKU_055,2024-02-12,0,CD_NORTE
SKU_055,2024-02-19,0,CD_NORTE
SKU_055,2024-02-26,222,CD_NORTE
SKU_055,2024-03-04,0,CD_NORTE
SKU_055,2024-03-11,237,CD_NORTE
SKU_055,2024-03-18,0,CD_NORTE
SKU_055,2024-03-25,110,CD_NORTE
SKU_055,2024-04-01,0,CD_NORTE
SKU_055,2024-04-08,126,CD_NORTE
SKU_055,2024-04-15,125,CD_NORTE
SKU_055,2024-04-22,0,CD_NORTE
SKU_055,2024-04-29,0,CD_NORTE
SKU_055,2024-05-06,0,CD_NORTE
SKU_055,2024-05-13,0,CD_NORTE
SKU_055,2024-05-20,194,CD_NORTE
SKU_055,2024-05-27,0,CD_NORTE
SKU_055,2024-06-03,113,CD_NORTE
SKU_055,2024-06-10,43,CD_NORTE
SKU_055,2024-06-17,200,CD_NORTE
SKU_055,2024-06-24,0,CD_NORTE
SKU_055,2024-07-01,170,CD_NORTE
SKU_055,2024-07-08,0,CD_NORTE
SKU_055,2024-07-15,0,CD_NORTE
SKU_055,2024-07-22,0,CD_NORTE
SKU_055,2024-07-29,0,CD_NORTE
SKU_055,2024-08-05,0,CD_NORTE
SKU_055,2024-08-12,0,CD_NORTE
SKU_055,2024-08-19,196,CD_NORTE
SKU_055,2024-08-26,0,CD_NORTE
SKU_055,2024-09-02,0,CD_NORTE
SKU_055,2024-09-09,0,CD_NORTE
SKU_055,2024-09-16,57,CD_NORTE
SKU_055,2024-09-23,76,CD_NORTE
SKU_055,2024-09-30,0,CD_NORTE
SKU_055,2024-10-07,64,CD_NORTE
SKU_055,2024-10-14,0,CD_NORTE
SKU_055,2024-10-21,101,CD_NORTE
SKU_055,2024-10-28,0,CD_NORTE
SKU_055,2024-11-04,0,CD_NORTE
SKU_055,2024-11-11,0,CD_NORTE
SKU_055,2024-11-18,61,CD_NORTE
SKU_055,2024-11-25,0,CD_NORTE
SKU_055,2024-12-02,0,CD_NORTE
SKU_055,2024-12-09,0,CD_NORTE
SKU_055,2024-12-16,0,CD_NORTE
SKU_055,2024-12-23,91,CD_NORTE
SKU_055,2024-12-30,0,CD_NORTE
SKU_055,2025-01-06,0,CD_NORTE
SKU_055,2025-01-13,0,CD_NORTE
SKU_055,2025-01-20,0,CD_NORTE
SKU_055,2025-01-27,0,CD_NORTE
SKU_055,2025-02-03,0,CD_NORTE
SKU_055,2025-02-10,0,CD_NORTE
SKU_055,2025-02-17,55,CD_NORTE
SKU_055,2025-02-24,66,CD_NORTE
SKU_055,2025-03-03,0,CD_NORTE
SKU_055,2025-03-10,0,CD_NORTE
SKU_055,2025-03-17,0,CD_NORTE
SKU_055,2025-03-24,146,CD_NORTE
SKU_055,2025-03-31,0,CD_NORTE
SKU_055,2025-04-07,0,CD_NORTE
SKU_055,2025-04-14,0,CD_NORTE
SKU_055,2025-04-21,235,CD_NORTE
SKU_055,2025-04-28,0,CD_NORTE
SKU_055,2025-05-05,0,CD_NORTE
SKU_055,2025-05-12,26,CD_NORTE
SKU_055,2025-05-19,0,CD_NORTE
SKU_055,2025-05-26,0,CD_NORTE
SKU_055,2025-06-02,0,CD_NORTE
SKU_055,2025-06-09,0,CD_NORTE
SKU_055,2025-06-16,0,CD_NORTE
SKU_055,2025-06-23,112,CD_NORTE
SKU_055,2025-06-30,37,CD_NORTE
SKU_055,2025-07-07,0,CD_NORTE
SKU_055,2025-07-14,37,CD_NORTE
SKU_055,2025-07-21,0,CD_NORTE
SKU_055,2025-07-28,0,CD_NORTE
SKU_055,2025-08-04,159,CD_NORTE
SKU_055,2025-08-11,0,CD_NORTE
SKU_055,2025-08-18,0,CD_NORTE
SKU_055,2025-08-25,172,CD_NORTE
SKU_055,2025-09-01,0,CD_NORTE
SKU_055,2025-09-08,0,CD_NORTE
SKU_055,2025-09-15,0,CD_NORTE
SKU_055,2025-09-22,0,CD_NORTE
SKU_055,2025-09-29,193,CD_NORTE
SKU_055,2025-10-06,94,CD_NORTE
SKU_055,2025-10-13,236,CD_NORTE
SKU_055,2025-10-20,0,CD_NORTE
SKU_055,2025-10-27,0,CD_NORTE
SKU_055,2025-11-03,54,CD_NORTE
SKU_055,2025-11-10,0,CD_NORTE
SKU_055,2025-11-17,57,CD_NORTE
SKU_055,2025-11-24,58,CD_NORTE
SKU_055,2025-12-01,0,CD_NORTE
SKU_055,2025-12-08,0,CD_NORTE
SKU_055,2025-12-15,0,CD_NORTE
SKU_055,2025-12-22,0,CD_NORTE
SKU_055,2025-12-29,0,CD_NORTE
SKU_055,2024-01-08,125,CD_CENTRO
SKU_055,2024-01-15,0,CD_CENTRO
SKU_055,2024-01-22,0,CD_CENTRO
SKU_055,2024-01-29,93,CD_CENTRO
SKU_055,2024-02-05,0,CD_CENTRO
SKU_055,2024-02-12,0,CD_CENTRO
SKU_055,2024-02-19,177,CD_CENTRO
SKU_055,2024-02-26,0,CD_CENTRO
SKU_055,2024-03-04,0,CD_CENTRO
SKU_055,2024-03-11,112,CD_CENTRO
SKU_055,2024-03-18,0,CD_CENTRO
SKU_055,2024-03-25,0,CD_CENTRO
SKU_055,2024-04-01,0,CD_CENTRO
SKU_055,2024-04-08,0,CD_CENTRO
SKU_055,2024-04-15,0,CD_CENTRO
SKU_055,2024-04-22,0,CD_CENTRO
SKU_055,2024-04-29,0,CD_CENTRO
SKU_055,2024-05-06,0,CD_CENTRO
SKU_055,2024-05-13,195,CD_CENTRO
SKU_055,2024-05-20,0,CD_CENTRO
SKU_055,2024-05-27,105,CD_CENTRO
SKU_055,2024-06-03,0,CD_CENTRO
SKU_055,2024-06-10,106,CD_CENTRO
SKU_055,2024-06-17,0,CD_CENTRO
SKU_055,2024-06-24,0,CD_CENTRO
SKU_055,2024-07-01,136,CD_CENTRO
SKU_055,2024-07-08,0,CD_CENTRO
SKU_055,2024-07-15,0,CD_CENTRO
SKU_055,2024-07-22,0,CD_CENTRO
SKU_055,2024-07-29,46,CD_CENTRO
SKU_055,2024-08-05,0,CD_CENTRO
SKU_055,2024-08-12,0,CD_CENTRO
SKU_055,2024-08-19,0,CD_CENTRO
SKU_055,2024-08-26,0,CD_CENTRO
SKU_055,2024-09-02,0,CD_CENTRO
SKU_055,2024-09-09,0,CD_CENTRO
SKU_055,2024-09-16,82,CD_CENTRO
SKU_055,2024-09-23,145,CD_CENTRO
SKU_055,2024-09-30,0,CD_CENTRO
SKU_055,2024-10-07,38,CD_CENTRO
SKU_055,2024-10-14,0,CD_CENTRO
SKU_055,2024-10-21,0,CD_CENTRO
SKU_055,2024-10-28,0,CD_CENTRO
SKU_055,2024-11-04,83,CD_CENTRO
SKU_055,2024-11-11,0,CD_CENTRO
SKU_055,2024-11-18,0,CD_CENTRO
SKU_055,2024-11-25,0,CD_CENTRO
SKU_055,2024-12-02,0,CD_CENTRO
SKU_055,2024-12-09,111,CD_CENTRO
SKU_055,2024-12-16,0,CD_CENTRO
SKU_055,2024-12-23,0,CD_CENTRO
SKU_055,2024-12-30,0,CD_CENTRO
SKU_055,2025-01-06,0,CD_CENTRO
SKU_055,2025-01-13,0,CD_CENTRO
SKU_055,2025-01-20,0,CD_CENTRO
SKU_055,2025-01-27,0,CD_CENTRO
SKU_055,2025-02-03,390,CD_CENTRO
SKU_055,2025-02-10,0,CD_CENTRO
SKU_055,2025-02-17,0,CD_CENTRO
SKU_055,2025-02-24,0,CD_CENTRO
SKU_055,2025-03-03,0,CD_CENTRO
SKU_055,2025-03-10,0,CD_CENTRO
SKU_055,2025-03-17,231,CD_CENTRO
SKU_055,2025-03-24,0,CD_CENTRO
SKU_055,2025-03-31,0,CD_CENTRO
SKU_055,2025-04-07,61,CD_CENTRO
SKU_055,2025-04-14,0,CD_CENTRO
SKU_055,2025-04-21,0,CD_CENTRO
SKU_055,2025-04-28,0,CD_CENTRO
SKU_055,2025-05-05,115,CD_CENTRO
SKU_055,2025-05-12,0,CD_CENTRO
SKU_055,2025-05-19,0,CD_CENTRO
SKU_055,2025-05-26,48,CD_CENTRO
SKU_055,2025-06-02,0,CD_CENTRO
SKU_055,2025-06-09,0,CD_CENTRO
SKU_055,2025-06-16,65,CD_CENTRO
SKU_055,2025-06-23,0,CD_CENTRO
SKU_055,2025-06-30,0,CD_CENTRO
SKU_055,2025-07-07,0,CD_CENTRO
SKU_055,2025-07-14,189,CD_CENTRO
SKU_055,2025-07-21,0,CD_CENTRO
SKU_055,2025-07-28,0,CD_CENTRO
SKU_055,2025-08-04,0,CD_CENTRO
SKU_055,2025-08-11,0,CD_CENTRO
SKU_055,2025-08-18,52,CD_CENTRO
SKU_055,2025-08-25,0,CD_CENTRO
SKU_055,2025-09-01,0,CD_CENTRO
SKU_055,2025-09-08,0,CD_CENTRO
SKU_055,2025-09-15,0,CD_CENTRO
SKU_055,2025-09-22,67,CD_CENTRO
SKU_055,2025-09-29,0,CD_CENTRO
SKU_055,2025-10-06,325,CD_CENTRO
SKU_055,2025-10-13,0,CD_CENTRO
SKU_055,2025-10-20,203,CD_CENTRO
SKU_055,2025-10-27,179,CD_CENTRO
SKU_055,2025-11-03,0,CD_CENTRO
SKU_055,2025-11-10,0,CD_CENTRO
SKU_055,2025-11-17,0,CD_CENTRO
SKU_055,2025-11-24,0,CD_CENTRO
SKU_055,2025-12-01,0,CD_CENTRO
SKU_055,2025-12-08,0,CD_CENTRO
SKU_055,2025-12-15,0,CD_CENTRO
SKU_055,2025-12-22,0,CD_CENTRO
SKU_055,2025-12-29,0,CD_CENTRO
SKU_055,2024-01-08,0,CD_SUR
SKU_055,2024-01-15,0,CD_SUR
SKU_055,2024-01-22,0,CD_SUR
SKU_055,2024-01-29,0,CD_SUR
SKU_055,2024-02-05,0,CD_SUR
SKU_055,2024-02-12,0,CD_SUR
SKU_055,2024-02-19,0,CD_SUR
SKU_055,2024-02-26,0,CD_SUR
SKU_055,2024-03-04,0,CD_SUR
SKU_055,2024-03-11,0,CD_SUR
SKU_055,2024-03-18,0,CD_SUR
SKU_055,2024-03-25,0,CD_SUR
SKU_055,2024-04-01,0,CD_SUR
SKU_055,2024-04-08,0,CD_SUR
SKU_055,2024-04-15,22,CD_SUR
SKU_055,2024-04-22,0,CD_SUR
SKU_055,2024-04-29,0,CD_SUR
SKU_055,2024-05-06,110,CD_SUR
SKU_055,2024-05-13,0,CD_SUR
SKU_055,2024-05-20,0,CD_SUR
SKU_055,2024-05-27,0,CD_SUR
SKU_055,2024-06-03,0,CD_SUR
SKU_055,2024-06-10,0,CD_SUR
SKU_055,2024-06-17,0,CD_SUR
SKU_055,2024-06-24,0,CD_SUR
SKU_055,2024-07-01,0,CD_SUR
SKU_055,2024-07-08,188,CD_SUR
SKU_055,2024-07-15,65,CD_SUR
SKU_055,2024-07-22,0,CD_SUR
SKU_055,2024-07-29,0,CD_SUR
SKU_055,2024-08-05,0,CD_SUR
SKU_055,2024-08-12,0,CD_SUR
SKU_055,2024-08-19,0,CD_SUR
SKU_055,2024-08-26,0,CD_SUR
SKU_055,2024-09-02,201,CD_SUR
SKU_055,2024-09-09,0,CD_SUR
SKU_055,2024-09-16,0,CD_SUR
SKU_055,2024-09-23,0,CD_SUR
SKU_055,2024-09-30,0,CD_SUR
SKU_055,2024-10-07,0,CD_SUR
SKU_055,2024-10-14,0,CD_SUR
SKU_055,2024-10-21,0,CD_SUR
SKU_055,2024-10-28,0,CD_SUR
SKU_055,2024-11-04,0,CD_SUR
SKU_055,2024-11-11,129,CD_SUR
SKU_055,2024-11-18,61,CD_SUR
SKU_055,2024-11-25,0,CD_SUR
SKU_055,2024-12-02,0,CD_SUR
SKU_055,2024-12-09,0,CD_SUR
SKU_055,2024-12-16,0,CD_SUR
SKU_055,2024-12-23,0,CD_SUR
SKU_055,2024-12-30,0,CD_SUR
SKU_055,2025-01-06,95,CD_SUR
SKU_055,2025-01-13,0,CD_SUR
SKU_055,2025-01-20,0,CD_SUR
SKU_055,2025-01-27,0,CD_SUR
SKU_055,2025-02-03,360,CD_SUR
SKU_055,2025-02-10,0,CD_SUR
SKU_055,2025-02-17,0,CD_SUR
SKU_055,2025-02-24,0,CD_SUR
SKU_055,2025-03-03,0,CD_SUR
SKU_055,2025-03-10,0,CD_SUR
SKU_055,2025-03-17,0,CD_SUR
SKU_055,2025-03-24,0,CD_SUR
SKU_055,2025-03-31,0,CD_SUR
SKU_055,2025-04-07,57,CD_SUR
SKU_055,2025-04-14,0,CD_SUR
SKU_055,2025-04-21,0,CD_SUR
SKU_055,2025-04-28,0,CD_SUR
SKU_055,2025-05-05,0,CD_SUR
SKU_055,2025-05-12,0,CD_SUR
SKU_055,2025-05-19,111,CD_SUR
SKU_055,2025-05-26,0,CD_SUR
SKU_055,2025-06-02,0,CD_SUR
SKU_055,2025-06-09,0,CD_SUR
SKU_055,2025-06-16,135,CD_SUR
SKU_055,2025-06-23,0,CD_SUR
SKU_055,2025-06-30,57,CD_SUR
SKU_055,2025-07-07,0,CD_SUR
SKU_055,2025-07-14,0,CD_SUR
SKU_055,2025-07-21,0,CD_SUR
SKU_055,2025-07-28,0,CD_SUR
SKU_055,2025-08-04,0,CD_SUR
SKU_055,2025-08-11,0,CD_SUR
SKU_055,2025-08-18,0,CD_SUR
SKU_055,2025-08-25,0,CD_SUR
SKU_055,2025-09-01,28,CD_SUR
SKU_055,2025-09-08,0,CD_SUR
SKU_055,2025-09-15,0,CD_SUR
SKU_055,2025-09-22,0,CD_SUR
SKU_055,2025-09-29,35,CD_SUR
SKU_055,2025-10-06,0,CD_SUR
SKU_055,2025-10-13,0,CD_SUR
SKU_055,2025-10-20,0,CD_SUR
SKU_055,2025-10-27,74,CD_SUR
SKU_055,2025-11-03,0,CD_SUR
SKU_055,2025-11-10,0,CD_SUR
SKU_055,2025-11-17,35,CD_SUR
SKU_055,2025-11-24,0,CD_SUR
SKU_055,2025-12-01,0,CD_SUR
SKU_055,2025-12-08,206,CD_SUR
SKU_055,2025-12-15,0,CD_SUR
SKU_055,2025-12-22,0,CD_SUR
SKU_055,2025-12-29,632,CD_SUR
SKU_056,2024-01-08,0,CD_NORTE
SKU_056,2024-01-15,208,CD_NORTE
SKU_056,2024-01-22,0,CD_NORTE
SKU_056,2024-01-29,0,CD_NORTE
SKU_056,2024-02-05,0,CD_NORTE
SKU_056,2024-02-12,0,CD_NORTE
SKU_056,2024-02-19,0,CD_NORTE
SKU_056,2024-02-26,0,CD_NORTE
SKU_056,2024-03-04,0,CD_NORTE
SKU_056,2024-03-11,0,CD_NORTE
SKU_056,2024-03-18,0,CD_NORTE
SKU_056,2024-03-25,0,CD_NORTE
SKU_056,2024-04-01,325,CD_NORTE
SKU_056,2024-04-08,0,CD_NORTE
SKU_056,2024-04-15,0,CD_NORTE
SKU_056,2024-04-22,0,CD_NORTE
SKU_056,2024-04-29,0,CD_NORTE
SKU_056,2024-05-06,0,CD_NORTE
SKU_056,2024-05-13,47,CD_NORTE
SKU_056,2024-05-20,74,CD_NORTE
SKU_056,2024-05-27,56,CD_NORTE
SKU_056,2024-06-03,0,CD_NORTE
SKU_056,2024-06-10,72,CD_NORTE
SKU_056,2024-06-17,98,CD_NORTE
SKU_056,2024-06-24,71,CD_NORTE
SKU_056,2024-07-01,349,CD_NORTE
SKU_056,2024-07-08,0,CD_NORTE
SKU_056,2024-07-15,0,CD_NORTE
SKU_056,2024-07-22,0,CD_NORTE
SKU_056,2024-07-29,0,CD_NORTE
SKU_056,2024-08-05,0,CD_NORTE
SKU_056,2024-08-12,0,CD_NORTE
SKU_056,2024-08-19,0,CD_NORTE
SKU_056,2024-08-26,0,CD_NORTE
SKU_056,2024-09-02,77,CD_NORTE
SKU_056,2024-09-09,0,CD_NORTE
SKU_056,2024-09-16,0,CD_NORTE
SKU_056,2024-09-23,0,CD_NORTE
SKU_056,2024-09-30,0,CD_NORTE
SKU_056,2024-10-07,0,CD_NORTE
SKU_056,2024-10-14,0,CD_NORTE
SKU_056,2024-10-21,0,CD_NORTE
SKU_056,2024-10-28,0,CD_NORTE
SKU_056,2024-11-04,110,CD_NORTE
SKU_056,2024-11-11,170,CD_NORTE
SKU_056,2024-11-18,160,CD_NORTE
SKU_056,2024-11-25,0,CD_NORTE
SKU_056,2024-12-02,135,CD_NORTE
SKU_056,2024-12-09,237,CD_NORTE
SKU_056,2024-12-16,124,CD_NORTE
SKU_056,2024-12-23,229,CD_NORTE
SKU_056,2024-12-30,0,CD_NORTE
SKU_056,2025-01-06,56,CD_NORTE
SKU_056,2025-01-13,0,CD_NORTE
SKU_056,2025-01-20,53,CD_NORTE
SKU_056,2025-01-27,193,CD_NORTE
SKU_056,2025-02-03,0,CD_NORTE
SKU_056,2025-02-10,0,CD_NORTE
SKU_056,2025-02-17,0,CD_NORTE
SKU_056,2025-02-24,71,CD_NORTE
SKU_056,2025-03-03,0,CD_NORTE
SKU_056,2025-03-10,0,CD_NORTE
SKU_056,2025-03-17,0,CD_NORTE
SKU_056,2025-03-24,0,CD_NORTE
SKU_056,2025-03-31,141,CD_NORTE
SKU_056,2025-04-07,0,CD_NORTE
SKU_056,2025-04-14,0,CD_NORTE
SKU_056,2025-04-21,0,CD_NORTE
SKU_056,2025-04-28,171,CD_NORTE
SKU_056,2025-05-05,0,CD_NORTE
SKU_056,2025-05-12,76,CD_NORTE
SKU_056,2025-05-19,0,CD_NORTE
SKU_056,2025-05-26,0,CD_NORTE
SKU_056,2025-06-02,0,CD_NORTE
SKU_056,2025-06-09,108,CD_NORTE
SKU_056,2025-06-16,0,CD_NORTE
SKU_056,2025-06-23,248,CD_NORTE
SKU_056,2025-06-30,0,CD_NORTE
SKU_056,2025-07-07,0,CD_NORTE
SKU_056,2025-07-14,0,CD_NORTE
SKU_056,2025-07-21,0,CD_NORTE
SKU_056,2025-07-28,0,CD_NORTE
SKU_056,2025-08-04,0,CD_NORTE
SKU_056,2025-08-11,260,CD_NORTE
SKU_056,2025-08-18,0,CD_NORTE
SKU_056,2025-08-25,174,CD_NORTE
SKU_056,2025-09-01,0,CD_NORTE
SKU_056,2025-09-08,185,CD_NORTE
SKU_056,2025-09-15,0,CD_NORTE
SKU_056,2025-09-22,0,CD_NORTE
SKU_056,2025-09-29,0,CD_NORTE
SKU_056,2025-10-06,0,CD_NORTE
SKU_056,2025-10-13,0,CD_NORTE
SKU_056,2025-10-20,0,CD_NORTE
SKU_056,2025-10-27,249,CD_NORTE
SKU_056,2025-11-03,0,CD_NORTE
SKU_056,2025-11-10,0,CD_NORTE
SKU_056,2025-11-17,0,CD_NORTE
SKU_056,2025-11-24,162,CD_NORTE
SKU_056,2025-12-01,72,CD_NORTE
SKU_056,2025-12-08,0,CD_NORTE
SKU_056,2025-12-15,45,CD_NORTE
SKU_056,2025-12-22,85,CD_NORTE
SKU_056,2025-12-29,0,CD_NORTE
SKU_056,2024-01-08,0,CD_CENTRO
SKU_056,2024-01-15,0,CD_CENTRO
SKU_056,2024-01-22,0,CD_CENTRO
SKU_056,2024-01-29,0,CD_CENTRO
SKU_056,2024-02-05,77,CD_CENTRO
SKU_056,2024-02-12,0,CD_CENTRO
SKU_056,2024-02-19,0,CD_CENTRO
SKU_056,2024-02-26,0,CD_CENTRO
SKU_056,2024-03-04,0,CD_CENTRO
SKU_056,2024-03-11,42,CD_CENTRO
SKU_056,2024-03-18,0,CD_CENTRO
SKU_056,2024-03-25,0,CD_CENTRO
SKU_056,2024-04-01,89,CD_CENTRO
SKU_056,2024-04-08,0,CD_CENTRO
SKU_056,2024-04-15,0,CD_CENTRO
SKU_056,2024-04-22,0,CD_CENTRO
SKU_056,2024-04-29,105,CD_CENTRO
SKU_056,2024-05-06,0,CD_CENTRO
SKU_056,2024-05-13,0,CD_CENTRO
SKU_056,2024-05-20,0,CD_CENTRO
SKU_056,2024-05-27,0,CD_CENTRO
SKU_056,2024-06-03,37,CD_CENTRO
SKU_056,2024-06-10,0,CD_CENTRO
SKU_056,2024-06-17,0,CD_CENTRO
SKU_056,2024-06-24,0,CD_CENTRO
SKU_056,2024-07-01,0,CD_CENTRO
SKU_056,2024-07-08,109,CD_CENTRO
SKU_056,2024-07-15,0,CD_CENTRO
SKU_056,2024-07-22,0,CD_CENTRO
SKU_056,2024-07-29,0,CD_CENTRO
SKU_056,2024-08-05,192,CD_CENTRO
SKU_056,2024-08-12,0,CD_CENTRO
SKU_056,2024-08-19,0,CD_CENTRO
SKU_056,2024-08-26,75,CD_CENTRO
SKU_056,2024-09-02,0,CD_CENTRO
SKU_056,2024-09-09,92,CD_CENTRO
SKU_056,2024-09-16,0,CD_CENTRO
SKU_056,2024-09-23,0,CD_CENTRO
SKU_056,2024-09-30,0,CD_CENTRO
SKU_056,2024-10-07,0,CD_CENTRO
SKU_056,2024-10-14,0,CD_CENTRO
SKU_056,2024-10-21,0,CD_CENTRO
SKU_056,2024-10-28,0,CD_CENTRO
SKU_056,2024-11-04,0,CD_CENTRO
SKU_056,2024-11-11,0,CD_CENTRO
SKU_056,2024-11-18,0,CD_CENTRO
SKU_056,2024-11-25,0,CD_CENTRO
SKU_056,2024-12-02,0,CD_CENTRO
SKU_056,2024-12-09,0,CD_CENTRO
SKU_056,2024-12-16,65,CD_CENTRO
SKU_056,2024-12-23,277,CD_CENTRO
SKU_056,2024-12-30,52,CD_CENTRO
SKU_056,2025-01-06,0,CD_CENTRO
SKU_056,2025-01-13,0,CD_CENTRO
SKU_056,2025-01-20,0,CD_CENTRO
SKU_056,2025-01-27,105,CD_CENTRO
SKU_056,2025-02-03,0,CD_CENTRO
SKU_056,2025-02-10,0,CD_CENTRO
SKU_056,2025-02-17,0,CD_CENTRO
SKU_056,2025-02-24,0,CD_CENTRO
SKU_056,2025-03-03,0,CD_CENTRO
SKU_056,2025-03-10,0,CD_CENTRO
SKU_056,2025-03-17,69,CD_CENTRO
SKU_056,2025-03-24,0,CD_CENTRO
SKU_056,2025-03-31,0,CD_CENTRO
SKU_056,2025-04-07,0,CD_CENTRO
SKU_056,2025-04-14,263,CD_CENTRO
SKU_056,2025-04-21,48,CD_CENTRO
SKU_056,2025-04-28,0,CD_CENTRO
SKU_056,2025-05-05,0,CD_CENTRO
SKU_056,2025-05-12,0,CD_CENTRO
SKU_056,2025-05-19,0,CD_CENTRO
SKU_056,2025-05-26,0,CD_CENTRO
SKU_056,2025-06-02,94,CD_CENTRO
SKU_056,2025-06-09,0,CD_CENTRO
SKU_056,2025-06-16,100,CD_CENTRO
SKU_056,2025-06-23,0,CD_CENTRO
SKU_056,2025-06-30,0,CD_CENTRO
SKU_056,2025-07-07,251,CD_CENTRO
SKU_056,2025-07-14,0,CD_CENTRO
SKU_056,2025-07-21,0,CD_CENTRO
SKU_056,2025-07-28,49,CD_CENTRO
SKU_056,2025-08-04,133,CD_CENTRO
SKU_056,2025-08-11,0,CD_CENTRO
SKU_056,2025-08-18,0,CD_CENTRO
SKU_056,2025-08-25,0,CD_CENTRO
SKU_056,2025-09-01,0,CD_CENTRO
SKU_056,2025-09-08,0,CD_CENTRO
SKU_056,2025-09-15,0,CD_CENTRO
SKU_056,2025-09-22,0,CD_CENTRO
SKU_056,2025-09-29,0,CD_CENTRO
SKU_056,2025-10-06,0,CD_CENTRO
SKU_056,2025-10-13,0,CD_CENTRO
SKU_056,2025-10-20,62,CD_CENTRO
SKU_056,2025-10-27,0,CD_CENTRO
SKU_056,2025-11-03,338,CD_CENTRO
SKU_056,2025-11-10,0,CD_CENTRO
SKU_056,2025-11-17,0,CD_CENTRO
SKU_056,2025-11-24,0,CD_CENTRO
SKU_056,2025-12-01,0,CD_CENTRO
SKU_056,2025-12-08,0,CD_CENTRO
SKU_056,2025-12-15,0,CD_CENTRO
SKU_056,2025-12-22,132,CD_CENTRO
SKU_056,2025-12-29,0,CD_CENTRO
SKU_056,2024-01-08,0,CD_SUR
SKU_056,2024-01-15,0,CD_SUR
SKU_056,2024-01-22,86,CD_SUR
SKU_056,2024-01-29,45,CD_SUR
SKU_056,2024-02-05,0,CD_SUR
SKU_056,2024-02-12,0,CD_SUR
SKU_056,2024-02-19,0,CD_SUR
SKU_056,2024-02-26,0,CD_SUR
SKU_056,2024-03-04,0,CD_SUR
SKU_056,2024-03-11,105,CD_SUR
SKU_056,2024-03-18,0,CD_SUR
SKU_056,2024-03-25,163,CD_SUR
SKU_056,2024-04-01,0,CD_SUR
SKU_056,2024-04-08,109,CD_SUR
SKU_056,2024-04-15,0,CD_SUR
SKU_056,2024-04-22,0,CD_SUR
SKU_056,2024-04-29,0,CD_SUR
SKU_056,2024-05-06,0,CD_SUR
SKU_056,2024-05-13,27,CD_SUR
SKU_056,2024-05-20,81,CD_SUR
SKU_056,2024-05-27,0,CD_SUR
SKU_056,2024-06-03,0,CD_SUR
SKU_056,2024-06-10,0,CD_SUR
SKU_056,2024-06-17,146,CD_SUR
SKU_056,2024-06-24,0,CD_SUR
SKU_056,2024-07-01,0,CD_SUR
SKU_056,2024-07-08,0,CD_SUR
SKU_056,2024-07-15,0,CD_SUR
SKU_056,2024-07-22,0,CD_SUR
SKU_056,2024-07-29,42,CD_SUR
SKU_056,2024-08-05,51,CD_SUR
SKU_056,2024-08-12,0,CD_SUR
SKU_056,2024-08-19,0,CD_SUR
SKU_056,2024-08-26,88,CD_SUR
SKU_056,2024-09-02,0,CD_SUR
SKU_056,2024-09-09,0,CD_SUR
SKU_056,2024-09-16,0,CD_SUR
SKU_056,2024-09-23,43,CD_SUR
SKU_056,2024-09-30,0,CD_SUR
SKU_056,2024-10-07,0,CD_SUR
SKU_056,2024-10-14,319,CD_SUR
SKU_056,2024-10-21,0,CD_SUR
SKU_056,2024-10-28,0,CD_SUR
SKU_056,2024-11-04,0,CD_SUR
SKU_056,2024-11-11,0,CD_SUR
SKU_056,2024-11-18,0,CD_SUR
SKU_056,2024-11-25,0,CD_SUR
SKU_056,2024-12-02,0,CD_SUR
SKU_056,2024-12-09,0,CD_SUR
SKU_056,2024-12-16,121,CD_SUR
SKU_056,2024-12-23,66,CD_SUR
SKU_056,2024-12-30,0,CD_SUR
SKU_056,2025-01-06,0,CD_SUR
SKU_056,2025-01-13,0,CD_SUR
SKU_056,2025-01-20,150,CD_SUR
SKU_056,2025-01-27,0,CD_SUR
SKU_056,2025-02-03,0,CD_SUR
SKU_056,2025-02-10,0,CD_SUR
SKU_056,2025-02-17,73,CD_SUR
SKU_056,2025-02-24,62,CD_SUR
SKU_056,2025-03-03,75,CD_SUR
SKU_056,2025-03-10,0,CD_SUR
SKU_056,2025-03-17,0,CD_SUR
SKU_056,2025-03-24,134,CD_SUR
SKU_056,2025-03-31,0,CD_SUR
SKU_056,2025-04-07,0,CD_SUR
SKU_056,2025-04-14,36,CD_SUR
SKU_056,2025-04-21,0,CD_SUR
SKU_056,2025-04-28,0,CD_SUR
SKU_056,2025-05-05,0,CD_SUR
SKU_056,2025-05-12,0,CD_SUR
SKU_056,2025-05-19,0,CD_SUR
SKU_056,2025-05-26,65,CD_SUR
SKU_056,2025-06-02,65,CD_SUR
SKU_056,2025-06-09,56,CD_SUR
SKU_056,2025-06-16,0,CD_SUR
SKU_056,2025-06-23,135,CD_SUR
SKU_056,2025-06-30,224,CD_SUR
SKU_056,2025-07-07,0,CD_SUR
SKU_056,2025-07-14,0,CD_SUR
SKU_056,2025-07-21,154,CD_SUR
SKU_056,2025-07-28,149,CD_SUR
SKU_056,2025-08-04,0,CD_SUR
SKU_056,2025-08-11,0,CD_SUR
SKU_056,2025-08-18,0,CD_SUR
SKU_056,2025-08-25,0,CD_SUR
SKU_056,2025-09-01,283,CD_SUR
SKU_056,2025-09-08,34,CD_SUR
SKU_056,2025-09-15,53,CD_SUR
SKU_056,2025-09-22,75,CD_SUR
SKU_056,2025-09-29,0,CD_SUR
SKU_056,2025-10-06,0,CD_SUR
SKU_056,2025-10-13,0,CD_SUR
SKU_056,2025-10-20,0,CD_SUR
SKU_056,2025-10-27,76,CD_SUR
SKU_056,2025-11-03,98,CD_SUR
SKU_056,2025-11-10,0,CD_SUR
SKU_056,2025-11-17,0,CD_SUR
SKU_056,2025-11-24,0,CD_SUR
SKU_056,2025-12-01,0,CD_SUR
SKU_056,2025-12-08,0,CD_SUR
SKU_056,2025-12-15,60,CD_SUR
SKU_056,2025-12-22,48,CD_SUR
SKU_056,2025-12-29,92,CD_SUR
SKU_057,2024-01-08,0,CD_NORTE
SKU_057,2024-01-15,27,CD_NORTE
SKU_057,2024-01-22,0,CD_NORTE
SKU_057,2024-01-29,0,CD_NORTE
SKU_057,2024-02-05,109,CD_NORTE
SKU_057,2024-02-12,0,CD_NORTE
SKU_057,2024-02-19,0,CD_NORTE
SKU_057,2024-02-26,192,CD_NORTE
SKU_057,2024-03-04,0,CD_NORTE
SKU_057,2024-03-11,0,CD_NORTE
SKU_057,2024-03-18,243,CD_NORTE
SKU_057,2024-03-25,0,CD_NORTE
SKU_057,2024-04-01,217,CD_NORTE
SKU_057,2024-04-08,96,CD_NORTE
SKU_057,2024-04-15,164,CD_NORTE
SKU_057,2024-04-22,0,CD_NORTE
SKU_057,2024-04-29,0,CD_NORTE
SKU_057,2024-05-06,0,CD_NORTE
SKU_057,2024-05-13,67,CD_NORTE
SKU_057,2024-05-20,0,CD_NORTE
SKU_057,2024-05-27,49,CD_NORTE
SKU_057,2024-06-03,145,CD_NORTE
SKU_057,2024-06-10,149,CD_NORTE
SKU_057,2024-06-17,186,CD_NORTE
SKU_057,2024-06-24,0,CD_NORTE
SKU_057,2024-07-01,124,CD_NORTE
SKU_057,2024-07-08,61,CD_NORTE
SKU_057,2024-07-15,0,CD_NORTE
SKU_057,2024-07-22,240,CD_NORTE
SKU_057,2024-07-29,0,CD_NORTE
SKU_057,2024-08-05,0,CD_NORTE
SKU_057,2024-08-12,0,CD_NORTE
SKU_057,2024-08-19,0,CD_NORTE
SKU_057,2024-08-26,0,CD_NORTE
SKU_057,2024-09-02,129,CD_NORTE
SKU_057,2024-09-09,0,CD_NORTE
SKU_057,2024-09-16,0,CD_NORTE
SKU_057,2024-09-23,0,CD_NORTE
SKU_057,2024-09-30,0,CD_NORTE
SKU_057,2024-10-07,191,CD_NORTE
SKU_057,2024-10-14,170,CD_NORTE
SKU_057,2024-10-21,78,CD_NORTE
SKU_057,2024-10-28,0,CD_NORTE
SKU_057,2024-11-04,0,CD_NORTE
SKU_057,2024-11-11,0,CD_NORTE
SKU_057,2024-11-18,39,CD_NORTE
SKU_057,2024-11-25,43,CD_NORTE
SKU_057,2024-12-02,0,CD_NORTE
SKU_057,2024-12-09,0,CD_NORTE
SKU_057,2024-12-16,58,CD_NORTE
SKU_057,2024-12-23,74,CD_NORTE
SKU_057,2024-12-30,0,CD_NORTE
SKU_057,2025-01-06,105,CD_NORTE
SKU_057,2025-01-13,0,CD_NORTE
SKU_057,2025-01-20,0,CD_NORTE
SKU_057,2025-01-27,0,CD_NORTE
SKU_057,2025-02-03,0,CD_NORTE
SKU_057,2025-02-10,0,CD_NORTE
SKU_057,2025-02-17,258,CD_NORTE
SKU_057,2025-02-24,0,CD_NORTE
SKU_057,2025-03-03,0,CD_NORTE
SKU_057,2025-03-10,0,CD_NORTE
SKU_057,2025-03-17,0,CD_NORTE
SKU_057,2025-03-24,239,CD_NORTE
SKU_057,2025-03-31,153,CD_NORTE
SKU_057,2025-04-07,0,CD_NORTE
SKU_057,2025-04-14,0,CD_NORTE
SKU_057,2025-04-21,0,CD_NORTE
SKU_057,2025-04-28,0,CD_NORTE
SKU_057,2025-05-05,0,CD_NORTE
SKU_057,2025-05-12,0,CD_NORTE
SKU_057,2025-05-19,26,CD_NORTE
SKU_057,2025-05-26,0,CD_NORTE
SKU_057,2025-06-02,0,CD_NORTE
SKU_057,2025-06-09,65,CD_NORTE
SKU_057,2025-06-16,0,CD_NORTE
SKU_057,2025-06-23,0,CD_NORTE
SKU_057,2025-06-30,0,CD_NORTE
SKU_057,2025-07-07,0,CD_NORTE
SKU_057,2025-07-14,0,CD_NORTE
SKU_057,2025-07-21,0,CD_NORTE
SKU_057,2025-07-28,144,CD_NORTE
SKU_057,2025-08-04,0,CD_NORTE
SKU_057,2025-08-11,0,CD_NORTE
SKU_057,2025-08-18,0,CD_NORTE
SKU_057,2025-08-25,0,CD_NORTE
SKU_057,2025-09-01,0,CD_NORTE
SKU_057,2025-09-08,62,CD_NORTE
SKU_057,2025-09-15,196,CD_NORTE
SKU_057,2025-09-22,0,CD_NORTE
SKU_057,2025-09-29,0,CD_NORTE
SKU_057,2025-10-06,0,CD_NORTE
SKU_057,2025-10-13,0,CD_NORTE
SKU_057,2025-10-20,0,CD_NORTE
SKU_057,2025-10-27,0,CD_NORTE
SKU_057,2025-11-03,271,CD_NORTE
SKU_057,2025-11-10,0,CD_NORTE
SKU_057,2025-11-17,84,CD_NORTE
SKU_057,2025-11-24,147,CD_NORTE
SKU_057,2025-12-01,0,CD_NORTE
SKU_057,2025-12-08,0,CD_NORTE
SKU_057,2025-12-15,0,CD_NORTE
SKU_057,2025-12-22,44,CD_NORTE
SKU_057,2025-12-29,137,CD_NORTE
SKU_057,2024-01-08,55,CD_CENTRO
SKU_057,2024-01-15,130,CD_CENTRO
SKU_057,2024-01-22,165,CD_CENTRO
SKU_057,2024-01-29,0,CD_CENTRO
SKU_057,2024-02-05,243,CD_CENTRO
SKU_057,2024-02-12,0,CD_CENTRO
SKU_057,2024-02-19,71,CD_CENTRO
SKU_057,2024-02-26,242,CD_CENTRO
SKU_057,2024-03-04,0,CD_CENTRO
SKU_057,2024-03-11,0,CD_CENTRO
SKU_057,2024-03-18,0,CD_CENTRO
SKU_057,2024-03-25,0,CD_CENTRO
SKU_057,2024-04-01,339,CD_CENTRO
SKU_057,2024-04-08,0,CD_CENTRO
SKU_057,2024-04-15,0,CD_CENTRO
SKU_057,2024-04-22,0,CD_CENTRO
SKU_057,2024-04-29,0,CD_CENTRO
SKU_057,2024-05-06,0,CD_CENTRO
SKU_057,2024-05-13,148,CD_CENTRO
SKU_057,2024-05-20,186,CD_CENTRO
SKU_057,2024-05-27,0,CD_CENTRO
SKU_057,2024-06-03,98,CD_CENTRO
SKU_057,2024-06-10,0,CD_CENTRO
SKU_057,2024-06-17,0,CD_CENTRO
SKU_057,2024-06-24,0,CD_CENTRO
SKU_057,2024-07-01,346,CD_CENTRO
SKU_057,2024-07-08,136,CD_CENTRO
SKU_057,2024-07-15,0,CD_CENTRO
SKU_057,2024-07-22,0,CD_CENTRO
SKU_057,2024-07-29,0,CD_CENTRO
SKU_057,2024-08-05,0,CD_CENTRO
SKU_057,2024-08-12,0,CD_CENTRO
SKU_057,2024-08-19,0,CD_CENTRO
SKU_057,2024-08-26,0,CD_CENTRO
SKU_057,2024-09-02,82,CD_CENTRO
SKU_057,2024-09-09,0,CD_CENTRO
SKU_057,2024-09-16,0,CD_CENTRO
SKU_057,2024-09-23,99,CD_CENTRO
SKU_057,2024-09-30,128,CD_CENTRO
SKU_057,2024-10-07,0,CD_CENTRO
SKU_057,2024-10-14,76,CD_CENTRO
SKU_057,2024-10-21,165,CD_CENTRO
SKU_057,2024-10-28,0,CD_CENTRO
SKU_057,2024-11-04,57,CD_CENTRO
SKU_057,2024-11-11,124,CD_CENTRO
SKU_057,2024-11-18,0,CD_CENTRO
SKU_057,2024-11-25,0,CD_CENTRO
SKU_057,2024-12-02,0,CD_CENTRO
SKU_057,2024-12-09,0,CD_CENTRO
SKU_057,2024-12-16,0,CD_CENTRO
SKU_057,2024-12-23,0,CD_CENTRO
SKU_057,2024-12-30,167,CD_CENTRO
SKU_057,2025-01-06,231,CD_CENTRO
SKU_057,2025-01-13,0,CD_CENTRO
SKU_057,2025-01-20,0,CD_CENTRO
SKU_057,2025-01-27,0,CD_CENTRO
SKU_057,2025-02-03,0,CD_CENTRO
SKU_057,2025-02-10,0,CD_CENTRO
SKU_057,2025-02-17,159,CD_CENTRO
SKU_057,2025-02-24,0,CD_CENTRO
SKU_057,2025-03-03,0,CD_CENTRO
SKU_057,2025-03-10,0,CD_CENTRO
SKU_057,2025-03-17,192,CD_CENTRO
SKU_057,2025-03-24,0,CD_CENTRO
SKU_057,2025-03-31,0,CD_CENTRO
SKU_057,2025-04-07,276,CD_CENTRO
SKU_057,2025-04-14,0,CD_CENTRO
SKU_057,2025-04-21,0,CD_CENTRO
SKU_057,2025-04-28,0,CD_CENTRO
SKU_057,2025-05-05,138,CD_CENTRO
SKU_057,2025-05-12,235,CD_CENTRO
SKU_057,2025-05-19,0,CD_CENTRO
SKU_057,2025-05-26,0,CD_CENTRO
SKU_057,2025-06-02,0,CD_CENTRO
SKU_057,2025-06-09,0,CD_CENTRO
SKU_057,2025-06-16,65,CD_CENTRO
SKU_057,2025-06-23,0,CD_CENTRO
SKU_057,2025-06-30,0,CD_CENTRO
SKU_057,2025-07-07,0,CD_CENTRO
SKU_057,2025-07-14,0,CD_CENTRO
SKU_057,2025-07-21,0,CD_CENTRO
SKU_057,2025-07-28,0,CD_CENTRO
SKU_057,2025-08-04,208,CD_CENTRO
SKU_057,2025-08-11,56,CD_CENTRO
SKU_057,2025-08-18,311,CD_CENTRO
SKU_057,2025-08-25,0,CD_CENTRO
SKU_057,2025-09-01,76,CD_CENTRO
SKU_057,2025-09-08,0,CD_CENTRO
SKU_057,2025-09-15,0,CD_CENTRO
SKU_057,2025-09-22,0,CD_CENTRO
SKU_057,2025-09-29,68,CD_CENTRO
SKU_057,2025-10-06,0,CD_CENTRO
SKU_057,2025-10-13,0,CD_CENTRO
SKU_057,2025-10-20,0,CD_CENTRO
SKU_057,2025-10-27,0,CD_CENTRO
SKU_057,2025-11-03,0,CD_CENTRO
SKU_057,2025-11-10,0,CD_CENTRO
SKU_057,2025-11-17,0,CD_CENTRO
SKU_057,2025-11-24,0,CD_CENTRO
SKU_057,2025-12-01,0,CD_CENTRO
SKU_057,2025-12-08,0,CD_CENTRO
SKU_057,2025-12-15,0,CD_CENTRO
SKU_057,2025-12-22,0,CD_CENTRO
SKU_057,2025-12-29,0,CD_CENTRO
SKU_057,2024-01-08,0,CD_SUR
SKU_057,2024-01-15,161,CD_SUR
SKU_057,2024-01-22,0,CD_SUR
SKU_057,2024-01-29,33,CD_SUR
SKU_057,2024-02-05,0,CD_SUR
SKU_057,2024-02-12,0,CD_SUR
SKU_057,2024-02-19,0,CD_SUR
SKU_057,2024-02-26,65,CD_SUR
SKU_057,2024-03-04,0,CD_SUR
SKU_057,2024-03-11,0,CD_SUR
SKU_057,2024-03-18,0,CD_SUR
SKU_057,2024-03-25,0,CD_SUR
SKU_057,2024-04-01,53,CD_SUR
SKU_057,2024-04-08,0,CD_SUR
SKU_057,2024-04-15,0,CD_SUR
SKU_057,2024-04-22,0,CD_SUR
SKU_057,2024-04-29,161,CD_SUR
SKU_057,2024-05-06,0,CD_SUR
SKU_057,2024-05-13,0,CD_SUR
SKU_057,2024-05-20,241,CD_SUR
SKU_057,2024-05-27,0,CD_SUR
SKU_057,2024-06-03,0,CD_SUR
SKU_057,2024-06-10,0,CD_SUR
SKU_057,2024-06-17,0,CD_SUR
SKU_057,2024-06-24,0,CD_SUR
SKU_057,2024-07-01,45,CD_SUR
SKU_057,2024-07-08,0,CD_SUR
SKU_057,2024-07-15,0,CD_SUR
SKU_057,2024-07-22,0,CD_SUR
SKU_057,2024-07-29,200,CD_SUR
SKU_057,2024-08-05,0,CD_SUR
SKU_057,2024-08-12,0,CD_SUR
SKU_057,2024-08-19,260,CD_SUR
SKU_057,2024-08-26,394,CD_SUR
SKU_057,2024-09-02,110,CD_SUR
SKU_057,2024-09-09,0,CD_SUR
SKU_057,2024-09-16,0,CD_SUR
SKU_057,2024-09-23,80,CD_SUR
SKU_057,2024-09-30,86,CD_SUR
SKU_057,2024-10-07,0,CD_SUR
SKU_057,2024-10-14,68,CD_SUR
SKU_057,2024-10-21,0,CD_SUR
SKU_057,2024-10-28,0,CD_SUR
SKU_057,2024-11-04,0,CD_SUR
SKU_057,2024-11-11,0,CD_SUR
SKU_057,2024-11-18,128,CD_SUR
SKU_057,2024-11-25,106,CD_SUR
SKU_057,2024-12-02,0,CD_SUR
SKU_057,2024-12-09,0,CD_SUR
SKU_057,2024-12-16,0,CD_SUR
SKU_057,2024-12-23,145,CD_SUR
SKU_057,2024-12-30,0,CD_SUR
SKU_057,2025-01-06,0,CD_SUR
SKU_057,2025-01-13,0,CD_SUR
SKU_057,2025-01-20,0,CD_SUR
SKU_057,2025-01-27,0,CD_SUR
SKU_057,2025-02-03,0,CD_SUR
SKU_057,2025-02-10,0,CD_SUR
SKU_057,2025-02-17,0,CD_SUR
SKU_057,2025-02-24,0,CD_SUR
SKU_057,2025-03-03,0,CD_SUR
SKU_057,2025-03-10,0,CD_SUR
SKU_057,2025-03-17,0,CD_SUR
SKU_057,2025-03-24,48,CD_SUR
SKU_057,2025-03-31,0,CD_SUR
SKU_057,2025-04-07,0,CD_SUR
SKU_057,2025-04-14,39,CD_SUR
SKU_057,2025-04-21,0,CD_SUR
SKU_057,2025-04-28,407,CD_SUR
SKU_057,2025-05-05,586,CD_SUR
SKU_057,2025-05-12,0,CD_SUR
SKU_057,2025-05-19,0,CD_SUR
SKU_057,2025-05-26,0,CD_SUR
SKU_057,2025-06-02,183,CD_SUR
SKU_057,2025-06-09,75,CD_SUR
SKU_057,2025-06-16,0,CD_SUR
SKU_057,2025-06-23,0,CD_SUR
SKU_057,2025-06-30,343,CD_SUR
SKU_057,2025-07-07,0,CD_SUR
SKU_057,2025-07-14,0,CD_SUR
SKU_057,2025-07-21,0,CD_SUR
SKU_057,2025-07-28,0,CD_SUR
SKU_057,2025-08-04,67,CD_SUR
SKU_057,2025-08-11,0,CD_SUR
SKU_057,2025-08-18,0,CD_SUR
SKU_057,2025-08-25,170,CD_SUR
SKU_057,2025-09-01,0,CD_SUR
SKU_057,2025-09-08,0,CD_SUR
SKU_057,2025-09-15,0,CD_SUR
SKU_057,2025-09-22,35,CD_SUR
SKU_057,2025-09-29,0,CD_SUR
SKU_057,2025-10-06,0,CD_SUR
SKU_057,2025-10-13,129,CD_SUR
SKU_057,2025-10-20,0,CD_SUR
SKU_057,2025-10-27,0,CD_SUR
SKU_057,2025-11-03,0,CD_SUR
SKU_057,2025-11-10,0,CD_SUR
SKU_057,2025-11-17,180,CD_SUR
SKU_057,2025-11-24,232,CD_SUR
SKU_057,2025-12-01,173,CD_SUR
SKU_057,2025-12-08,0,CD_SUR
SKU_057,2025-12-15,0,CD_SUR
SKU_057,2025-12-22,0,CD_SUR
SKU_057,2025-12-29,283,CD_SUR
SKU_058,2024-01-08,0,CD_NORTE
SKU_058,2024-01-15,83,CD_NORTE
SKU_058,2024-01-22,73,CD_NORTE
SKU_058,2024-01-29,70,CD_NORTE
SKU_058,2024-02-05,0,CD_NORTE
SKU_058,2024-02-12,0,CD_NORTE
SKU_058,2024-02-19,0,CD_NORTE
SKU_058,2024-02-26,115,CD_NORTE
SKU_058,2024-03-04,55,CD_NORTE
SKU_058,2024-03-11,0,CD_NORTE
SKU_058,2024-03-18,0,CD_NORTE
SKU_058,2024-03-25,0,CD_NORTE
SKU_058,2024-04-01,0,CD_NORTE
SKU_058,2024-04-08,0,CD_NORTE
SKU_058,2024-04-15,346,CD_NORTE
SKU_058,2024-04-22,0,CD_NORTE
SKU_058,2024-04-29,0,CD_NORTE
SKU_058,2024-05-06,150,CD_NORTE
SKU_058,2024-05-13,0,CD_NORTE
SKU_058,2024-05-20,60,CD_NORTE
SKU_058,2024-05-27,0,CD_NORTE
SKU_058,2024-06-03,0,CD_NORTE
SKU_058,2024-06-10,0,CD_NORTE
SKU_058,2024-06-17,0,CD_NORTE
SKU_058,2024-06-24,0,CD_NORTE
SKU_058,2024-07-01,0,CD_NORTE
SKU_058,2024-07-08,215,CD_NORTE
SKU_058,2024-07-15,0,CD_NORTE
SKU_058,2024-07-22,79,CD_NORTE
SKU_058,2024-07-29,0,CD_NORTE
SKU_058,2024-08-05,121,CD_NORTE
SKU_058,2024-08-12,61,CD_NORTE
SKU_058,2024-08-19,175,CD_NORTE
SKU_058,2024-08-26,0,CD_NORTE
SKU_058,2024-09-02,0,CD_NORTE
SKU_058,2024-09-09,154,CD_NORTE
SKU_058,2024-09-16,115,CD_NORTE
SKU_058,2024-09-23,0,CD_NORTE
SKU_058,2024-09-30,77,CD_NORTE
SKU_058,2024-10-07,0,CD_NORTE
SKU_058,2024-10-14,49,CD_NORTE
SKU_058,2024-10-21,0,CD_NORTE
SKU_058,2024-10-28,94,CD_NORTE
SKU_058,2024-11-04,0,CD_NORTE
SKU_058,2024-11-11,0,CD_NORTE
SKU_058,2024-11-18,36,CD_NORTE
SKU_058,2024-11-25,0,CD_NORTE
SKU_058,2024-12-02,0,CD_NORTE
SKU_058,2024-12-09,72,CD_NORTE
SKU_058,2024-12-16,0,CD_NORTE
SKU_058,2024-12-23,0,CD_NORTE
SKU_058,2024-12-30,0,CD_NORTE
SKU_058,2025-01-06,150,CD_NORTE
SKU_058,2025-01-13,202,CD_NORTE
SKU_058,2025-01-20,73,CD_NORTE
SKU_058,2025-01-27,0,CD_NORTE
SKU_058,2025-02-03,0,CD_NORTE
SKU_058,2025-02-10,0,CD_NORTE
SKU_058,2025-02-17,0,CD_NORTE
SKU_058,2025-02-24,64,CD_NORTE
SKU_058,2025-03-03,0,CD_NORTE
SKU_058,2025-03-10,207,CD_NORTE
SKU_058,2025-03-17,0,CD_NORTE
SKU_058,2025-03-24,0,CD_NORTE
SKU_058,2025-03-31,0,CD_NORTE
SKU_058,2025-04-07,242,CD_NORTE
SKU_058,2025-04-14,0,CD_NORTE
SKU_058,2025-04-21,0,CD_NORTE
SKU_058,2025-04-28,0,CD_NORTE
SKU_058,2025-05-05,0,CD_NORTE
SKU_058,2025-05-12,84,CD_NORTE
SKU_058,2025-05-19,0,CD_NORTE
SKU_058,2025-05-26,0,CD_NORTE
SKU_058,2025-06-02,47,CD_NORTE
SKU_058,2025-06-09,148,CD_NORTE
SKU_058,2025-06-16,0,CD_NORTE
SKU_058,2025-06-23,0,CD_NORTE
SKU_058,2025-06-30,174,CD_NORTE
SKU_058,2025-07-07,36,CD_NORTE
SKU_058,2025-07-14,113,CD_NORTE
SKU_058,2025-07-21,0,CD_NORTE
SKU_058,2025-07-28,0,CD_NORTE
SKU_058,2025-08-04,0,CD_NORTE
SKU_058,2025-08-11,127,CD_NORTE
SKU_058,2025-08-18,0,CD_NORTE
SKU_058,2025-08-25,89,CD_NORTE
SKU_058,2025-09-01,0,CD_NORTE
SKU_058,2025-09-08,162,CD_NORTE
SKU_058,2025-09-15,0,CD_NORTE
SKU_058,2025-09-22,0,CD_NORTE
SKU_058,2025-09-29,0,CD_NORTE
SKU_058,2025-10-06,100,CD_NORTE
SKU_058,2025-10-13,0,CD_NORTE
SKU_058,2025-10-20,0,CD_NORTE
SKU_058,2025-10-27,141,CD_NORTE
SKU_058,2025-11-03,105,CD_NORTE
SKU_058,2025-11-10,0,CD_NORTE
SKU_058,2025-11-17,58,CD_NORTE
SKU_058,2025-11-24,0,CD_NORTE
SKU_058,2025-12-01,126,CD_NORTE
SKU_058,2025-12-08,0,CD_NORTE
SKU_058,2025-12-15,0,CD_NORTE
SKU_058,2025-12-22,178,CD_NORTE
SKU_058,2025-12-29,0,CD_NORTE
SKU_058,2024-01-08,0,CD_CENTRO
SKU_058,2024-01-15,0,CD_CENTRO
SKU_058,2024-01-22,0,CD_CENTRO
SKU_058,2024-01-29,0,CD_CENTRO
SKU_058,2024-02-05,0,CD_CENTRO
SKU_058,2024-02-12,301,CD_CENTRO
SKU_058,2024-02-19,0,CD_CENTRO
SKU_058,2024-02-26,0,CD_CENTRO
SKU_058,2024-03-04,0,CD_CENTRO
SKU_058,2024-03-11,0,CD_CENTRO
SKU_058,2024-03-18,88,CD_CENTRO
SKU_058,2024-03-25,0,CD_CENTRO
SKU_058,2024-04-01,174,CD_CENTRO
SKU_058,2024-04-08,81,CD_CENTRO
SKU_058,2024-04-15,49,CD_CENTRO
SKU_058,2024-04-22,137,CD_CENTRO
SKU_058,2024-04-29,0,CD_CENTRO
SKU_058,2024-05-06,0,CD_CENTRO
SKU_058,2024-05-13,0,CD_CENTRO
SKU_058,2024-05-20,0,CD_CENTRO
SKU_058,2024-05-27,47,CD_CENTRO
SKU_058,2024-06-03,101,CD_CENTRO
SKU_058,2024-06-10,0,CD_CENTRO
SKU_058,2024-06-17,0,CD_CENTRO
SKU_058,2024-06-24,0,CD_CENTRO
SKU_058,2024-07-01,238,CD_CENTRO
SKU_058,2024-07-08,0,CD_CENTRO
SKU_058,2024-07-15,0,CD_CENTRO
SKU_058,2024-07-22,0,CD_CENTRO
SKU_058,2024-07-29,50,CD_CENTRO
SKU_058,2024-08-05,0,CD_CENTRO
SKU_058,2024-08-12,0,CD_CENTRO
SKU_058,2024-08-19,0,CD_CENTRO
SKU_058,2024-08-26,0,CD_CENTRO
SKU_058,2024-09-02,0,CD_CENTRO
SKU_058,2024-09-09,0,CD_CENTRO
SKU_058,2024-09-16,0,CD_CENTRO
SKU_058,2024-09-23,0,CD_CENTRO
SKU_058,2024-09-30,0,CD_CENTRO
SKU_058,2024-10-07,0,CD_CENTRO
SKU_058,2024-10-14,0,CD_CENTRO
SKU_058,2024-10-21,0,CD_CENTRO
SKU_058,2024-10-28,26,CD_CENTRO
SKU_058,2024-11-04,0,CD_CENTRO
SKU_058,2024-11-11,113,CD_CENTRO
SKU_058,2024-11-18,0,CD_CENTRO
SKU_058,2024-11-25,82,CD_CENTRO
SKU_058,2024-12-02,83,CD_CENTRO
SKU_058,2024-12-09,96,CD_CENTRO
SKU_058,2024-12-16,0,CD_CENTRO
SKU_058,2024-12-23,0,CD_CENTRO
SKU_058,2024-12-30,32,CD_CENTRO
SKU_058,2025-01-06,32,CD_CENTRO
SKU_058,2025-01-13,0,CD_CENTRO
SKU_058,2025-01-20,0,CD_CENTRO
SKU_058,2025-01-27,252,CD_CENTRO
SKU_058,2025-02-03,60,CD_CENTRO
SKU_058,2025-02-10,0,CD_CENTRO
SKU_058,2025-02-17,0,CD_CENTRO
SKU_058,2025-02-24,0,CD_CENTRO
SKU_058,2025-03-03,0,CD_CENTRO
SKU_058,2025-03-10,0,CD_CENTRO
SKU_058,2025-03-17,0,CD_CENTRO
SKU_058,2025-03-24,0,CD_CENTRO
SKU_058,2025-03-31,84,CD_CENTRO
SKU_058,2025-04-07,380,CD_CENTRO
SKU_058,2025-04-14,0,CD_CENTRO
SKU_058,2025-04-21,0,CD_CENTRO
SKU_058,2025-04-28,220,CD_CENTRO
SKU_058,2025-05-05,0,CD_CENTRO
SKU_058,2025-05-12,0,CD_CENTRO
SKU_058,2025-05-19,0,CD_CENTRO
SKU_058,2025-05-26,0,CD_CENTRO
SKU_058,2025-06-02,0,CD_CENTRO
SKU_058,2025-06-09,50,CD_CENTRO
SKU_058,2025-06-16,0,CD_CENTRO
SKU_058,2025-06-23,0,CD_CENTRO
SKU_058,2025-06-30,0,CD_CENTRO
SKU_058,2025-07-07,0,CD_CENTRO
SKU_058,2025-07-14,0,CD_CENTRO
SKU_058,2025-07-21,0,CD_CENTRO
SKU_058,2025-07-28,0,CD_CENTRO
SKU_058,2025-08-04,0,CD_CENTRO
SKU_058,2025-08-11,0,CD_CENTRO
SKU_058,2025-08-18,0,CD_CENTRO
SKU_058,2025-08-25,0,CD_CENTRO
SKU_058,2025-09-01,0,CD_CENTRO
SKU_058,2025-09-08,98,CD_CENTRO
SKU_058,2025-09-15,177,CD_CENTRO
SKU_058,2025-09-22,0,CD_CENTRO
SKU_058,2025-09-29,0,CD_CENTRO
SKU_058,2025-10-06,0,CD_CENTRO
SKU_058,2025-10-13,0,CD_CENTRO
SKU_058,2025-10-20,143,CD_CENTRO
SKU_058,2025-10-27,0,CD_CENTRO
SKU_058,2025-11-03,0,CD_CENTRO
SKU_058,2025-11-10,0,CD_CENTRO
SKU_058,2025-11-17,0,CD_CENTRO
SKU_058,2025-11-24,0,CD_CENTRO
SKU_058,2025-12-01,0,CD_CENTRO
SKU_058,2025-12-08,0,CD_CENTRO
SKU_058,2025-12-15,0,CD_CENTRO
SKU_058,2025-12-22,0,CD_CENTRO
SKU_058,2025-12-29,0,CD_CENTRO
SKU_058,2024-01-08,0,CD_SUR
SKU_058,2024-01-15,0,CD_SUR
SKU_058,2024-01-22,0,CD_SUR
SKU_058,2024-01-29,0,CD_SUR
SKU_058,2024-02-05,0,CD_SUR
SKU_058,2024-02-12,86,CD_SUR
SKU_058,2024-02-19,0,CD_SUR
SKU_058,2024-02-26,0,CD_SUR
SKU_058,2024-03-04,221,CD_SUR
SKU_058,2024-03-11,0,CD_SUR
SKU_058,2024-03-18,104,CD_SUR
SKU_058,2024-03-25,53,CD_SUR
SKU_058,2024-04-01,0,CD_SUR
SKU_058,2024-04-08,0,CD_SUR
SKU_058,2024-04-15,54,CD_SUR
SKU_058,2024-04-22,0,CD_SUR
SKU_058,2024-04-29,145,CD_SUR
SKU_058,2024-05-06,249,CD_SUR
SKU_058,2024-05-13,203,CD_SUR
SKU_058,2024-05-20,134,CD_SUR
SKU_058,2024-05-27,54,CD_SUR
SKU_058,2024-06-03,0,CD_SUR
SKU_058,2024-06-10,0,CD_SUR
SKU_058,2024-06-17,0,CD_SUR
SKU_058,2024-06-24,0,CD_SUR
SKU_058,2024-07-01,0,CD_SUR
SKU_058,2024-07-08,44,CD_SUR
SKU_058,2024-07-15,0,CD_SUR
SKU_058,2024-07-22,91,CD_SUR
SKU_058,2024-07-29,0,CD_SUR
SKU_058,2024-08-05,0,CD_SUR
SKU_058,2024-08-12,0,CD_SUR
SKU_058,2024-08-19,0,CD_SUR
SKU_058,2024-08-26,0,CD_SUR
SKU_058,2024-09-02,0,CD_SUR
SKU_058,2024-09-09,216,CD_SUR
SKU_058,2024-09-16,363,CD_SUR
SKU_058,2024-09-23,0,CD_SUR
SKU_058,2024-09-30,60,CD_SUR
SKU_058,2024-10-07,185,CD_SUR
SKU_058,2024-10-14,0,CD_SUR
SKU_058,2024-10-21,0,CD_SUR
SKU_058,2024-10-28,0,CD_SUR
SKU_058,2024-11-04,0,CD_SUR
SKU_058,2024-11-11,0,CD_SUR
SKU_058,2024-11-18,0,CD_SUR
SKU_058,2024-11-25,126,CD_SUR
SKU_058,2024-12-02,0,CD_SUR
SKU_058,2024-12-09,0,CD_SUR
SKU_058,2024-12-16,0,CD_SUR
SKU_058,2024-12-23,0,CD_SUR
SKU_058,2024-12-30,0,CD_SUR
SKU_058,2025-01-06,0,CD_SUR
SKU_058,2025-01-13,0,CD_SUR
SKU_058,2025-01-20,0,CD_SUR
SKU_058,2025-01-27,0,CD_SUR
SKU_058,2025-02-03,23,CD_SUR
SKU_058,2025-02-10,125,CD_SUR
SKU_058,2025-02-17,0,CD_SUR
SKU_058,2025-02-24,0,CD_SUR
SKU_058,2025-03-03,0,CD_SUR
SKU_058,2025-03-10,0,CD_SUR
SKU_058,2025-03-17,0,CD_SUR
SKU_058,2025-03-24,0,CD_SUR
SKU_058,2025-03-31,191,CD_SUR
SKU_058,2025-04-07,70,CD_SUR
SKU_058,2025-04-14,0,CD_SUR
SKU_058,2025-04-21,0,CD_SUR
SKU_058,2025-04-28,0,CD_SUR
SKU_058,2025-05-05,0,CD_SUR
SKU_058,2025-05-12,0,CD_SUR
SKU_058,2025-05-19,264,CD_SUR
SKU_058,2025-05-26,56,CD_SUR
SKU_058,2025-06-02,0,CD_SUR
SKU_058,2025-06-09,28,CD_SUR
SKU_058,2025-06-16,0,CD_SUR
SKU_058,2025-06-23,0,CD_SUR
SKU_058,2025-06-30,0,CD_SUR
SKU_058,2025-07-07,0,CD_SUR
SKU_058,2025-07-14,0,CD_SUR
SKU_058,2025-07-21,0,CD_SUR
SKU_058,2025-07-28,37,CD_SUR
SKU_058,2025-08-04,0,CD_SUR
SKU_058,2025-08-11,0,CD_SUR
SKU_058,2025-08-18,0,CD_SUR
SKU_058,2025-08-25,0,CD_SUR
SKU_058,2025-09-01,221,CD_SUR
SKU_058,2025-09-08,0,CD_SUR
SKU_058,2025-09-15,0,CD_SUR
SKU_058,2025-09-22,0,CD_SUR
SKU_058,2025-09-29,0,CD_SUR
SKU_058,2025-10-06,0,CD_SUR
SKU_058,2025-10-13,78,CD_SUR
SKU_058,2025-10-20,179,CD_SUR
SKU_058,2025-10-27,0,CD_SUR
SKU_058,2025-11-03,0,CD_SUR
SKU_058,2025-11-10,0,CD_SUR
SKU_058,2025-11-17,0,CD_SUR
SKU_058,2025-11-24,0,CD_SUR
SKU_058,2025-12-01,0,CD_SUR
SKU_058,2025-12-08,0,CD_SUR
SKU_058,2025-12-15,0,CD_SUR
SKU_058,2025-12-22,0,CD_SUR
SKU_058,2025-12-29,0,CD_SUR
SKU_059,2024-01-08,0,CD_NORTE
SKU_059,2024-01-15,150,CD_NORTE
SKU_059,2024-01-22,0,CD_NORTE
SKU_059,2024-01-29,0,CD_NORTE
SKU_059,2024-02-05,0,CD_NORTE
SKU_059,2024-02-12,0,CD_NORTE
SKU_059,2024-02-19,0,CD_NORTE
SKU_059,2024-02-26,107,CD_NORTE
SKU_059,2024-03-04,74,CD_NORTE
SKU_059,2024-03-11,0,CD_NORTE
SKU_059,2024-03-18,65,CD_NORTE
SKU_059,2024-03-25,0,CD_NORTE
SKU_059,2024-04-01,88,CD_NORTE
SKU_059,2024-04-08,0,CD_NORTE
SKU_059,2024-04-15,467,CD_NORTE
SKU_059,2024-04-22,0,CD_NORTE
SKU_059,2024-04-29,84,CD_NORTE
SKU_059,2024-05-06,0,CD_NORTE
SKU_059,2024-05-13,174,CD_NORTE
SKU_059,2024-05-20,28,CD_NORTE
SKU_059,2024-05-27,0,CD_NORTE
SKU_059,2024-06-03,71,CD_NORTE
SKU_059,2024-06-10,0,CD_NORTE
SKU_059,2024-06-17,0,CD_NORTE
SKU_059,2024-06-24,0,CD_NORTE
SKU_059,2024-07-01,0,CD_NORTE
SKU_059,2024-07-08,0,CD_NORTE
SKU_059,2024-07-15,0,CD_NORTE
SKU_059,2024-07-22,0,CD_NORTE
SKU_059,2024-07-29,133,CD_NORTE
SKU_059,2024-08-05,0,CD_NORTE
SKU_059,2024-08-12,0,CD_NORTE
SKU_059,2024-08-19,166,CD_NORTE
SKU_059,2024-08-26,0,CD_NORTE
SKU_059,2024-09-02,0,CD_NORTE
SKU_059,2024-09-09,107,CD_NORTE
SKU_059,2024-09-16,92,CD_NORTE
SKU_059,2024-09-23,0,CD_NORTE
SKU_059,2024-09-30,0,CD_NORTE
SKU_059,2024-10-07,0,CD_NORTE
SKU_059,2024-10-14,0,CD_NORTE
SKU_059,2024-10-21,0,CD_NORTE
SKU_059,2024-10-28,0,CD_NORTE
SKU_059,2024-11-04,191,CD_NORTE
SKU_059,2024-11-11,0,CD_NORTE
SKU_059,2024-11-18,75,CD_NORTE
SKU_059,2024-11-25,39,CD_NORTE
SKU_059,2024-12-02,0,CD_NORTE
SKU_059,2024-12-09,0,CD_NORTE
SKU_059,2024-12-16,0,CD_NORTE
SKU_059,2024-12-23,0,CD_NORTE
SKU_059,2024-12-30,0,CD_NORTE
SKU_059,2025-01-06,83,CD_NORTE
SKU_059,2025-01-13,0,CD_NORTE
SKU_059,2025-01-20,0,CD_NORTE
SKU_059,2025-01-27,0,CD_NORTE
SKU_059,2025-02-03,0,CD_NORTE
SKU_059,2025-02-10,0,CD_NORTE
SKU_059,2025-02-17,42,CD_NORTE
SKU_059,2025-02-24,0,CD_NORTE
SKU_059,2025-03-03,0,CD_NORTE
SKU_059,2025-03-10,373,CD_NORTE
SKU_059,2025-03-17,126,CD_NORTE
SKU_059,2025-03-24,0,CD_NORTE
SKU_059,2025-03-31,0,CD_NORTE
SKU_059,2025-04-07,107,CD_NORTE
SKU_059,2025-04-14,0,CD_NORTE
SKU_059,2025-04-21,0,CD_NORTE
SKU_059,2025-04-28,0,CD_NORTE
SKU_059,2025-05-05,0,CD_NORTE
SKU_059,2025-05-12,0,CD_NORTE
SKU_059,2025-05-19,281,CD_NORTE
SKU_059,2025-05-26,0,CD_NORTE
SKU_059,2025-06-02,0,CD_NORTE
SKU_059,2025-06-09,0,CD_NORTE
SKU_059,2025-06-16,0,CD_NORTE
SKU_059,2025-06-23,0,CD_NORTE
SKU_059,2025-06-30,0,CD_NORTE
SKU_059,2025-07-07,276,CD_NORTE
SKU_059,2025-07-14,0,CD_NORTE
SKU_059,2025-07-21,96,CD_NORTE
SKU_059,2025-07-28,0,CD_NORTE
SKU_059,2025-08-04,0,CD_NORTE
SKU_059,2025-08-11,0,CD_NORTE
SKU_059,2025-08-18,0,CD_NORTE
SKU_059,2025-08-25,255,CD_NORTE
SKU_059,2025-09-01,43,CD_NORTE
SKU_059,2025-09-08,0,CD_NORTE
SKU_059,2025-09-15,0,CD_NORTE
SKU_059,2025-09-22,0,CD_NORTE
SKU_059,2025-09-29,254,CD_NORTE
SKU_059,2025-10-06,0,CD_NORTE
SKU_059,2025-10-13,0,CD_NORTE
SKU_059,2025-10-20,67,CD_NORTE
SKU_059,2025-10-27,116,CD_NORTE
SKU_059,2025-11-03,0,CD_NORTE
SKU_059,2025-11-10,0,CD_NORTE
SKU_059,2025-11-17,0,CD_NORTE
SKU_059,2025-11-24,0,CD_NORTE
SKU_059,2025-12-01,62,CD_NORTE
SKU_059,2025-12-08,0,CD_NORTE
SKU_059,2025-12-15,463,CD_NORTE
SKU_059,2025-12-22,0,CD_NORTE
SKU_059,2025-12-29,0,CD_NORTE
SKU_059,2024-01-08,0,CD_CENTRO
SKU_059,2024-01-15,0,CD_CENTRO
SKU_059,2024-01-22,0,CD_CENTRO
SKU_059,2024-01-29,0,CD_CENTRO
SKU_059,2024-02-05,0,CD_CENTRO
SKU_059,2024-02-12,0,CD_CENTRO
SKU_059,2024-02-19,94,CD_CENTRO
SKU_059,2024-02-26,161,CD_CENTRO
SKU_059,2024-03-04,0,CD_CENTRO
SKU_059,2024-03-11,122,CD_CENTRO
SKU_059,2024-03-18,0,CD_CENTRO
SKU_059,2024-03-25,0,CD_CENTRO
SKU_059,2024-04-01,0,CD_CENTRO
SKU_059,2024-04-08,0,CD_CENTRO
SKU_059,2024-04-15,0,CD_CENTRO
SKU_059,2024-04-22,0,CD_CENTRO
SKU_059,2024-04-29,0,CD_CENTRO
SKU_059,2024-05-06,0,CD_CENTRO
SKU_059,2024-05-13,0,CD_CENTRO
SKU_059,2024-05-20,0,CD_CENTRO
SKU_059,2024-05-27,0,CD_CENTRO
SKU_059,2024-06-03,0,CD_CENTRO
SKU_059,2024-06-10,61,CD_CENTRO
SKU_059,2024-06-17,139,CD_CENTRO
SKU_059,2024-06-24,0,CD_CENTRO
SKU_059,2024-07-01,0,CD_CENTRO
SKU_059,2024-07-08,0,CD_CENTRO
SKU_059,2024-07-15,53,CD_CENTRO
SKU_059,2024-07-22,0,CD_CENTRO
SKU_059,2024-07-29,0,CD_CENTRO
SKU_059,2024-08-05,0,CD_CENTRO
SKU_059,2024-08-12,0,CD_CENTRO
SKU_059,2024-08-19,0,CD_CENTRO
SKU_059,2024-08-26,153,CD_CENTRO
SKU_059,2024-09-02,0,CD_CENTRO
SKU_059,2024-09-09,0,CD_CENTRO
SKU_059,2024-09-16,0,CD_CENTRO
SKU_059,2024-09-23,0,CD_CENTRO
SKU_059,2024-09-30,0,CD_CENTRO
SKU_059,2024-10-07,21,CD_CENTRO
SKU_059,2024-10-14,124,CD_CENTRO
SKU_059,2024-10-21,0,CD_CENTRO
SKU_059,2024-10-28,0,CD_CENTRO
SKU_059,2024-11-04,72,CD_CENTRO
SKU_059,2024-11-11,0,CD_CENTRO
SKU_059,2024-11-18,0,CD_CENTRO
SKU_059,2024-11-25,73,CD_CENTRO
SKU_059,2024-12-02,0,CD_CENTRO
SKU_059,2024-12-09,0,CD_CENTRO
SKU_059,2024-12-16,0,CD_CENTRO
SKU_059,2024-12-23,97,CD_CENTRO
SKU_059,2024-12-30,137,CD_CENTRO
SKU_059,2025-01-06,0,CD_CENTRO
SKU_059,2025-01-13,363,CD_CENTRO
SKU_059,2025-01-20,0,CD_CENTRO
SKU_059,2025-01-27,0,CD_CENTRO
SKU_059,2025-02-03,0,CD_CENTRO
SKU_059,2025-02-10,0,CD_CENTRO
SKU_059,2025-02-17,0,CD_CENTRO
SKU_059,2025-02-24,204,CD_CENTRO
SKU_059,2025-03-03,0,CD_CENTRO
SKU_059,2025-03-10,0,CD_CENTRO
SKU_059,2025-03-17,0,CD_CENTRO
SKU_059,2025-03-24,0,CD_CENTRO
SKU_059,2025-03-31,0,CD_CENTRO
SKU_059,2025-04-07,0,CD_CENTRO
SKU_059,2025-04-14,0,CD_CENTRO
SKU_059,2025-04-21,0,CD_CENTRO
SKU_059,2025-04-28,0,CD_CENTRO
SKU_059,2025-05-05,0,CD_CENTRO
SKU_059,2025-05-12,0,CD_CENTRO
SKU_059,2025-05-19,173,CD_CENTRO
SKU_059,2025-05-26,93,CD_CENTRO
SKU_059,2025-06-02,75,CD_CENTRO
SKU_059,2025-06-09,0,CD_CENTRO
SKU_059,2025-06-16,0,CD_CENTRO
SKU_059,2025-06-23,0,CD_CENTRO
SKU_059,2025-06-30,0,CD_CENTRO
SKU_059,2025-07-07,0,CD_CENTRO
SKU_059,2025-07-14,0,CD_CENTRO
SKU_059,2025-07-21,0,CD_CENTRO
SKU_059,2025-07-28,0,CD_CENTRO
SKU_059,2025-08-04,0,CD_CENTRO
SKU_059,2025-08-11,0,CD_CENTRO
SKU_059,2025-08-18,43,CD_CENTRO
SKU_059,2025-08-25,0,CD_CENTRO
SKU_059,2025-09-01,0,CD_CENTRO
SKU_059,2025-09-08,0,CD_CENTRO
SKU_059,2025-09-15,0,CD_CENTRO
SKU_059,2025-09-22,0,CD_CENTRO
SKU_059,2025-09-29,0,CD_CENTRO
SKU_059,2025-10-06,0,CD_CENTRO
SKU_059,2025-10-13,0,CD_CENTRO
SKU_059,2025-10-20,0,CD_CENTRO
SKU_059,2025-10-27,0,CD_CENTRO
SKU_059,2025-11-03,0,CD_CENTRO
SKU_059,2025-11-10,80,CD_CENTRO
SKU_059,2025-11-17,0,CD_CENTRO
SKU_059,2025-11-24,216,CD_CENTRO
SKU_059,2025-12-01,0,CD_CENTRO
SKU_059,2025-12-08,70,CD_CENTRO
SKU_059,2025-12-15,0,CD_CENTRO
SKU_059,2025-12-22,0,CD_CENTRO
SKU_059,2025-12-29,0,CD_CENTRO
SKU_059,2024-01-08,0,CD_SUR
SKU_059,2024-01-15,98,CD_SUR
SKU_059,2024-01-22,151,CD_SUR
SKU_059,2024-01-29,0,CD_SUR
SKU_059,2024-02-05,0,CD_SUR
SKU_059,2024-02-12,109,CD_SUR
SKU_059,2024-02-19,0,CD_SUR
SKU_059,2024-02-26,0,CD_SUR
SKU_059,2024-03-04,0,CD_SUR
SKU_059,2024-03-11,0,CD_SUR
SKU_059,2024-03-18,0,CD_SUR
SKU_059,2024-03-25,136,CD_SUR
SKU_059,2024-04-01,115,CD_SUR
SKU_059,2024-04-08,0,CD_SUR
SKU_059,2024-04-15,0,CD_SUR
SKU_059,2024-04-22,0,CD_SUR
SKU_059,2024-04-29,0,CD_SUR
SKU_059,2024-05-06,0,CD_SUR
SKU_059,2024-05-13,0,CD_SUR
SKU_059,2024-05-20,0,CD_SUR
SKU_059,2024-05-27,67,CD_SUR
SKU_059,2024-06-03,0,CD_SUR
SKU_059,2024-06-10,0,CD_SUR
SKU_059,2024-06-17,0,CD_SUR
SKU_059,2024-06-24,0,CD_SUR
SKU_059,2024-07-01,0,CD_SUR
SKU_059,2024-07-08,0,CD_SUR
SKU_059,2024-07-15,81,CD_SUR
SKU_059,2024-07-22,0,CD_SUR
SKU_059,2024-07-29,0,CD_SUR
SKU_059,2024-08-05,108,CD_SUR
SKU_059,2024-08-12,193,CD_SUR
SKU_059,2024-08-19,0,CD_SUR
SKU_059,2024-08-26,0,CD_SUR
SKU_059,2024-09-02,0,CD_SUR
SKU_059,2024-09-09,0,CD_SUR
SKU_059,2024-09-16,0,CD_SUR
SKU_059,2024-09-23,0,CD_SUR
SKU_059,2024-09-30,0,CD_SUR
SKU_059,2024-10-07,0,CD_SUR
SKU_059,2024-10-14,0,CD_SUR
SKU_059,2024-10-21,0,CD_SUR
SKU_059,2024-10-28,129,CD_SUR
SKU_059,2024-11-04,0,CD_SUR
SKU_059,2024-11-11,0,CD_SUR
SKU_059,2024-11-18,0,CD_SUR
SKU_059,2024-11-25,102,CD_SUR
SKU_059,2024-12-02,390,CD_SUR
SKU_059,2024-12-09,57,CD_SUR
SKU_059,2024-12-16,0,CD_SUR
SKU_059,2024-12-23,0,CD_SUR
SKU_059,2024-12-30,0,CD_SUR
SKU_059,2025-01-06,0,CD_SUR
SKU_059,2025-01-13,57,CD_SUR
SKU_059,2025-01-20,71,CD_SUR
SKU_059,2025-01-27,68,CD_SUR
SKU_059,2025-02-03,0,CD_SUR
SKU_059,2025-02-10,0,CD_SUR
SKU_059,2025-02-17,0,CD_SUR
SKU_059,2025-02-24,0,CD_SUR
SKU_059,2025-03-03,123,CD_SUR
SKU_059,2025-03-10,26,CD_SUR
SKU_059,2025-03-17,0,CD_SUR
SKU_059,2025-03-24,0,CD_SUR
SKU_059,2025-03-31,69,CD_SUR
SKU_059,2025-04-07,79,CD_SUR
SKU_059,2025-04-14,0,CD_SUR
SKU_059,2025-04-21,0,CD_SUR
SKU_059,2025-04-28,149,CD_SUR
SKU_059,2025-05-05,0,CD_SUR
SKU_059,2025-05-12,234,CD_SUR
SKU_059,2025-05-19,0,CD_SUR
SKU_059,2025-05-26,190,CD_SUR
SKU_059,2025-06-02,41,CD_SUR
SKU_059,2025-06-09,0,CD_SUR
SKU_059,2025-06-16,128,CD_SUR
SKU_059,2025-06-23,0,CD_SUR
SKU_059,2025-06-30,0,CD_SUR
SKU_059,2025-07-07,0,CD_SUR
SKU_059,2025-07-14,0,CD_SUR
SKU_059,2025-07-21,0,CD_SUR
SKU_059,2025-07-28,50,CD_SUR
SKU_059,2025-08-04,0,CD_SUR
SKU_059,2025-08-11,0,CD_SUR
SKU_059,2025-08-18,58,CD_SUR
SKU_059,2025-08-25,0,CD_SUR
SKU_059,2025-09-01,0,CD_SUR
SKU_059,2025-09-08,184,CD_SUR
SKU_059,2025-09-15,0,CD_SUR
SKU_059,2025-09-22,0,CD_SUR
SKU_059,2025-09-29,91,CD_SUR
SKU_059,2025-10-06,40,CD_SUR
SKU_059,2025-10-13,0,CD_SUR
SKU_059,2025-10-20,0,CD_SUR
SKU_059,2025-10-27,103,CD_SUR
SKU_059,2025-11-03,0,CD_SUR
SKU_059,2025-11-10,0,CD_SUR
SKU_059,2025-11-17,0,CD_SUR
SKU_059,2025-11-24,0,CD_SUR
SKU_059,2025-12-01,0,CD_SUR
SKU_059,2025-12-08,0,CD_SUR
SKU_059,2025-12-15,0,CD_SUR
SKU_059,2025-12-22,0,CD_SUR
SKU_059,2025-12-29,47,CD_SUR
SKU_060,2024-01-08,99,CD_NORTE
SKU_060,2024-01-15,0,CD_NORTE
SKU_060,2024-01-22,206,CD_NORTE
SKU_060,2024-01-29,0,CD_NORTE
SKU_060,2024-02-05,0,CD_NORTE
SKU_060,2024-02-12,0,CD_NORTE
SKU_060,2024-02-19,0,CD_NORTE
SKU_060,2024-02-26,0,CD_NORTE
SKU_060,2024-03-04,0,CD_NORTE
SKU_060,2024-03-11,0,CD_NORTE
SKU_060,2024-03-18,0,CD_NORTE
SKU_060,2024-03-25,0,CD_NORTE
SKU_060,2024-04-01,0,CD_NORTE
SKU_060,2024-04-08,0,CD_NORTE
SKU_060,2024-04-15,0,CD_NORTE
SKU_060,2024-04-22,0,CD_NORTE
SKU_060,2024-04-29,0,CD_NORTE
SKU_060,2024-05-06,0,CD_NORTE
SKU_060,2024-05-13,0,CD_NORTE
SKU_060,2024-05-20,0,CD_NORTE
SKU_060,2024-05-27,0,CD_NORTE
SKU_060,2024-06-03,0,CD_NORTE
SKU_060,2024-06-10,0,CD_NORTE
SKU_060,2024-06-17,0,CD_NORTE
SKU_060,2024-06-24,0,CD_NORTE
SKU_060,2024-07-01,143,CD_NORTE
SKU_060,2024-07-08,0,CD_NORTE
SKU_060,2024-07-15,100,CD_NORTE
SKU_060,2024-07-22,0,CD_NORTE
SKU_060,2024-07-29,198,CD_NORTE
SKU_060,2024-08-05,0,CD_NORTE
SKU_060,2024-08-12,0,CD_NORTE
SKU_060,2024-08-19,0,CD_NORTE
SKU_060,2024-08-26,0,CD_NORTE
SKU_060,2024-09-02,0,CD_NORTE
SKU_060,2024-09-09,0,CD_NORTE
SKU_060,2024-09-16,0,CD_NORTE
SKU_060,2024-09-23,0,CD_NORTE
SKU_060,2024-09-30,0,CD_NORTE
SKU_060,2024-10-07,0,CD_NORTE
SKU_060,2024-10-14,0,CD_NORTE
SKU_060,2024-10-21,64,CD_NORTE
SKU_060,2024-10-28,0,CD_NORTE
SKU_060,2024-11-04,0,CD_NORTE
SKU_060,2024-11-11,0,CD_NORTE
SKU_060,2024-11-18,0,CD_NORTE
SKU_060,2024-11-25,0,CD_NORTE
SKU_060,2024-12-02,199,CD_NORTE
SKU_060,2024-12-09,68,CD_NORTE
SKU_060,2024-12-16,0,CD_NORTE
SKU_060,2024-12-23,0,CD_NORTE
SKU_060,2024-12-30,93,CD_NORTE
SKU_060,2025-01-06,0,CD_NORTE
SKU_060,2025-01-13,0,CD_NORTE
SKU_060,2025-01-20,0,CD_NORTE
SKU_060,2025-01-27,0,CD_NORTE
SKU_060,2025-02-03,0,CD_NORTE
SKU_060,2025-02-10,0,CD_NORTE
SKU_060,2025-02-17,0,CD_NORTE
SKU_060,2025-02-24,0,CD_NORTE
SKU_060,2025-03-03,0,CD_NORTE
SKU_060,2025-03-10,35,CD_NORTE
SKU_060,2025-03-17,0,CD_NORTE
SKU_060,2025-03-24,0,CD_NORTE
SKU_060,2025-03-31,0,CD_NORTE
SKU_060,2025-04-07,0,CD_NORTE
SKU_060,2025-04-14,0,CD_NORTE
SKU_060,2025-04-21,0,CD_NORTE
SKU_060,2025-04-28,0,CD_NORTE
SKU_060,2025-05-05,0,CD_NORTE
SKU_060,2025-05-12,51,CD_NORTE
SKU_060,2025-05-19,0,CD_NORTE
SKU_060,2025-05-26,0,CD_NORTE
SKU_060,2025-06-02,0,CD_NORTE
SKU_060,2025-06-09,0,CD_NORTE
SKU_060,2025-06-16,304,CD_NORTE
SKU_060,2025-06-23,0,CD_NORTE
SKU_060,2025-06-30,0,CD_NORTE
SKU_060,2025-07-07,57,CD_NORTE
SKU_060,2025-07-14,70,CD_NORTE
SKU_060,2025-07-21,0,CD_NORTE
SKU_060,2025-07-28,0,CD_NORTE
SKU_060,2025-08-04,0,CD_NORTE
SKU_060,2025-08-11,0,CD_NORTE
SKU_060,2025-08-18,0,CD_NORTE
SKU_060,2025-08-25,0,CD_NORTE
SKU_060,2025-09-01,0,CD_NORTE
SKU_060,2025-09-08,0,CD_NORTE
SKU_060,2025-09-15,0,CD_NORTE
SKU_060,2025-09-22,0,CD_NORTE
SKU_060,2025-09-29,0,CD_NORTE
SKU_060,2025-10-06,0,CD_NORTE
SKU_060,2025-10-13,0,CD_NORTE
SKU_060,2025-10-20,0,CD_NORTE
SKU_060,2025-10-27,98,CD_NORTE
SKU_060,2025-11-03,0,CD_NORTE
SKU_060,2025-11-10,0,CD_NORTE
SKU_060,2025-11-17,0,CD_NORTE
SKU_060,2025-11-24,0,CD_NORTE
SKU_060,2025-12-01,73,CD_NORTE
SKU_060,2025-12-08,0,CD_NORTE
SKU_060,2025-12-15,249,CD_NORTE
SKU_060,2025-12-22,0,CD_NORTE
SKU_060,2025-12-29,276,CD_NORTE
SKU_060,2024-01-08,0,CD_CENTRO
SKU_060,2024-01-15,0,CD_CENTRO
SKU_060,2024-01-22,73,CD_CENTRO
SKU_060,2024-01-29,0,CD_CENTRO
SKU_060,2024-02-05,0,CD_CENTRO
SKU_060,2024-02-12,0,CD_CENTRO
SKU_060,2024-02-19,0,CD_CENTRO
SKU_060,2024-02-26,0,CD_CENTRO
SKU_060,2024-03-04,0,CD_CENTRO
SKU_060,2024-03-11,0,CD_CENTRO
SKU_060,2024-03-18,0,CD_CENTRO
SKU_060,2024-03-25,0,CD_CENTRO
SKU_060,2024-04-01,0,CD_CENTRO
SKU_060,2024-04-08,0,CD_CENTRO
SKU_060,2024-04-15,110,CD_CENTRO
SKU_060,2024-04-22,0,CD_CENTRO
SKU_060,2024-04-29,0,CD_CENTRO
SKU_060,2024-05-06,0,CD_CENTRO
SKU_060,2024-05-13,0,CD_CENTRO
SKU_060,2024-05-20,0,CD_CENTRO
SKU_060,2024-05-27,0,CD_CENTRO
SKU_060,2024-06-03,75,CD_CENTRO
SKU_060,2024-06-10,0,CD_CENTRO
SKU_060,2024-06-17,79,CD_CENTRO
SKU_060,2024-06-24,132,CD_CENTRO
SKU_060,2024-07-01,0,CD_CENTRO
SKU_060,2024-07-08,0,CD_CENTRO
SKU_060,2024-07-15,0,CD_CENTRO
SKU_060,2024-07-22,0,CD_CENTRO
SKU_060,2024-07-29,0,CD_CENTRO
SKU_060,2024-08-05,0,CD_CENTRO
SKU_060,2024-08-12,0,CD_CENTRO
SKU_060,2024-08-19,312,CD_CENTRO
SKU_060,2024-08-26,0,CD_CENTRO
SKU_060,2024-09-02,155,CD_CENTRO
SKU_060,2024-09-09,0,CD_CENTRO
SKU_060,2024-09-16,0,CD_CENTRO
SKU_060,2024-09-23,0,CD_CENTRO
SKU_060,2024-09-30,0,CD_CENTRO
SKU_060,2024-10-07,137,CD_CENTRO
SKU_060,2024-10-14,0,CD_CENTRO
SKU_060,2024-10-21,0,CD_CENTRO
SKU_060,2024-10-28,0,CD_CENTRO
SKU_060,2024-11-04,0,CD_CENTRO
SKU_060,2024-11-11,0,CD_CENTRO
SKU_060,2024-11-18,0,CD_CENTRO
SKU_060,2024-11-25,452,CD_CENTRO
SKU_060,2024-12-02,66,CD_CENTRO
SKU_060,2024-12-09,0,CD_CENTRO
SKU_060,2024-12-16,0,CD_CENTRO
SKU_060,2024-12-23,0,CD_CENTRO
SKU_060,2024-12-30,0,CD_CENTRO
SKU_060,2025-01-06,0,CD_CENTRO
SKU_060,2025-01-13,0,CD_CENTRO
SKU_060,2025-01-20,0,CD_CENTRO
SKU_060,2025-01-27,36,CD_CENTRO
SKU_060,2025-02-03,0,CD_CENTRO
SKU_060,2025-02-10,0,CD_CENTRO
SKU_060,2025-02-17,0,CD_CENTRO
SKU_060,2025-02-24,0,CD_CENTRO
SKU_060,2025-03-03,0,CD_CENTRO
SKU_060,2025-03-10,0,CD_CENTRO
SKU_060,2025-03-17,0,CD_CENTRO
SKU_060,2025-03-24,0,CD_CENTRO
SKU_060,2025-03-31,0,CD_CENTRO
SKU_060,2025-04-07,0,CD_CENTRO
SKU_060,2025-04-14,0,CD_CENTRO
SKU_060,2025-04-21,171,CD_CENTRO
SKU_060,2025-04-28,0,CD_CENTRO
SKU_060,2025-05-05,107,CD_CENTRO
SKU_060,2025-05-12,0,CD_CENTRO
SKU_060,2025-05-19,0,CD_CENTRO
SKU_060,2025-05-26,0,CD_CENTRO
SKU_060,2025-06-02,86,CD_CENTRO
SKU_060,2025-06-09,0,CD_CENTRO
SKU_060,2025-06-16,0,CD_CENTRO
SKU_060,2025-06-23,55,CD_CENTRO
SKU_060,2025-06-30,0,CD_CENTRO
SKU_060,2025-07-07,0,CD_CENTRO
SKU_060,2025-07-14,0,CD_CENTRO
SKU_060,2025-07-21,100,CD_CENTRO
SKU_060,2025-07-28,0,CD_CENTRO
SKU_060,2025-08-04,101,CD_CENTRO
SKU_060,2025-08-11,67,CD_CENTRO
SKU_060,2025-08-18,93,CD_CENTRO
SKU_060,2025-08-25,0,CD_CENTRO
SKU_060,2025-09-01,0,CD_CENTRO
SKU_060,2025-09-08,0,CD_CENTRO
SKU_060,2025-09-15,0,CD_CENTRO
SKU_060,2025-09-22,0,CD_CENTRO
SKU_060,2025-09-29,0,CD_CENTRO
SKU_060,2025-10-06,0,CD_CENTRO
SKU_060,2025-10-13,95,CD_CENTRO
SKU_060,2025-10-20,0,CD_CENTRO
SKU_060,2025-10-27,0,CD_CENTRO
SKU_060,2025-11-03,0,CD_CENTRO
SKU_060,2025-11-10,326,CD_CENTRO
SKU_060,2025-11-17,432,CD_CENTRO
SKU_060,2025-11-24,0,CD_CENTRO
SKU_060,2025-12-01,0,CD_CENTRO
SKU_060,2025-12-08,0,CD_CENTRO
SKU_060,2025-12-15,0,CD_CENTRO
SKU_060,2025-12-22,206,CD_CENTRO
SKU_060,2025-12-29,0,CD_CENTRO
SKU_060,2024-01-08,59,CD_SUR
SKU_060,2024-01-15,0,CD_SUR
SKU_060,2024-01-22,69,CD_SUR
SKU_060,2024-01-29,0,CD_SUR
SKU_060,2024-02-05,0,CD_SUR
SKU_060,2024-02-12,0,CD_SUR
SKU_060,2024-02-19,0,CD_SUR
SKU_060,2024-02-26,0,CD_SUR
SKU_060,2024-03-04,0,CD_SUR
SKU_060,2024-03-11,0,CD_SUR
SKU_060,2024-03-18,162,CD_SUR
SKU_060,2024-03-25,0,CD_SUR
SKU_060,2024-04-01,0,CD_SUR
SKU_060,2024-04-08,0,CD_SUR
SKU_060,2024-04-15,90,CD_SUR
SKU_060,2024-04-22,38,CD_SUR
SKU_060,2024-04-29,0,CD_SUR
SKU_060,2024-05-06,0,CD_SUR
SKU_060,2024-05-13,0,CD_SUR
SKU_060,2024-05-20,95,CD_SUR
SKU_060,2024-05-27,170,CD_SUR
SKU_060,2024-06-03,0,CD_SUR
SKU_060,2024-06-10,0,CD_SUR
SKU_060,2024-06-17,0,CD_SUR
SKU_060,2024-06-24,82,CD_SUR
SKU_060,2024-07-01,0,CD_SUR
SKU_060,2024-07-08,0,CD_SUR
SKU_060,2024-07-15,0,CD_SUR
SKU_060,2024-07-22,47,CD_SUR
SKU_060,2024-07-29,0,CD_SUR
SKU_060,2024-08-05,0,CD_SUR
SKU_060,2024-08-12,0,CD_SUR
SKU_060,2024-08-19,0,CD_SUR
SKU_060,2024-08-26,0,CD_SUR
SKU_060,2024-09-02,0,CD_SUR
SKU_060,2024-09-09,0,CD_SUR
SKU_060,2024-09-16,0,CD_SUR
SKU_060,2024-09-23,0,CD_SUR
SKU_060,2024-09-30,0,CD_SUR
SKU_060,2024-10-07,0,CD_SUR
SKU_060,2024-10-14,0,CD_SUR
SKU_060,2024-10-21,0,CD_SUR
SKU_060,2024-10-28,201,CD_SUR
SKU_060,2024-11-04,0,CD_SUR
SKU_060,2024-11-11,0,CD_SUR
SKU_060,2024-11-18,0,CD_SUR
SKU_060,2024-11-25,0,CD_SUR
SKU_060,2024-12-02,0,CD_SUR
SKU_060,2024-12-09,53,CD_SUR
SKU_060,2024-12-16,0,CD_SUR
SKU_060,2024-12-23,0,CD_SUR
SKU_060,2024-12-30,0,CD_SUR
SKU_060,2025-01-06,0,CD_SUR
SKU_060,2025-01-13,95,CD_SUR
SKU_060,2025-01-20,151,CD_SUR
SKU_060,2025-01-27,0,CD_SUR
SKU_060,2025-02-03,0,CD_SUR
SKU_060,2025-02-10,0,CD_SUR
SKU_060,2025-02-17,0,CD_SUR
SKU_060,2025-02-24,0,CD_SUR
SKU_060,2025-03-03,77,CD_SUR
SKU_060,2025-03-10,0,CD_SUR
SKU_060,2025-03-17,0,CD_SUR
SKU_060,2025-03-24,0,CD_SUR
SKU_060,2025-03-31,131,CD_SUR
SKU_060,2025-04-07,0,CD_SUR
SKU_060,2025-04-14,0,CD_SUR
SKU_060,2025-04-21,103,CD_SUR
SKU_060,2025-04-28,0,CD_SUR
SKU_060,2025-05-05,0,CD_SUR
SKU_060,2025-05-12,127,CD_SUR
SKU_060,2025-05-19,0,CD_SUR
SKU_060,2025-05-26,123,CD_SUR
SKU_060,2025-06-02,0,CD_SUR
SKU_060,2025-06-09,0,CD_SUR
SKU_060,2025-06-16,0,CD_SUR
SKU_060,2025-06-23,0,CD_SUR
SKU_060,2025-06-30,204,CD_SUR
SKU_060,2025-07-07,0,CD_SUR
SKU_060,2025-07-14,140,CD_SUR
SKU_060,2025-07-21,0,CD_SUR
SKU_060,2025-07-28,0,CD_SUR
SKU_060,2025-08-04,0,CD_SUR
SKU_060,2025-08-11,56,CD_SUR
SKU_060,2025-08-18,52,CD_SUR
SKU_060,2025-08-25,0,CD_SUR
SKU_060,2025-09-01,29,CD_SUR
SKU_060,2025-09-08,0,CD_SUR
SKU_060,2025-09-15,261,CD_SUR
SKU_060,2025-09-22,0,CD_SUR
SKU_060,2025-09-29,0,CD_SUR
SKU_060,2025-10-06,0,CD_SUR
SKU_060,2025-10-13,0,CD_SUR
SKU_060,2025-10-20,0,CD_SUR
SKU_060,2025-10-27,314,CD_SUR
SKU_060,2025-11-03,0,CD_SUR
SKU_060,2025-11-10,43,CD_SUR
SKU_060,2025-11-17,0,CD_SUR
SKU_060,2025-11-24,0,CD_SUR
SKU_060,2025-12-01,112,CD_SUR
SKU_060,2025-12-08,0,CD_SUR
SKU_060,2025-12-15,40,CD_SUR
SKU_060,2025-12-22,0,CD_SUR
SKU_060,2025-12-29,0,CD_SUR
